showtime,english_title,hebrew_title,english_href,hebrew_href,screening_type,screening_tech,original_language,dub_language,date_of_showing,release_year,release_date,directed_by,runtime,rating,screening_city,cinema,run_id
19:30,הצילו,הצילו,https://tickets5.rav-hen.co.il/order/199050?lang=he,https://tickets5.rav-hen.co.il/order/199050?lang=he,Regular,2D,English,,2026-01-31,2026,,,,16+,Givatayim,Rav Hen,158
22:00,הצילו,הצילו,https://tickets5.rav-hen.co.il/order/199049?lang=he,https://tickets5.rav-hen.co.il/order/199049?lang=he,Regular,2D,English,,2026-01-31,2026,,,,16+,Givatayim,Rav Hen,158
19:30,המגן,המגן,https://tickets5.rav-hen.co.il/order/198964?lang=he,https://tickets5.rav-hen.co.il/order/198964?lang=he,Regular,2D,English,,2026-01-31,2026,,,,14+,Givatayim,Rav Hen,158
21:50,המגן,המגן,https://tickets5.rav-hen.co.il/order/198963?lang=he,https://tickets5.rav-hen.co.il/order/198963?lang=he,Regular,2D,English,,2026-01-31,2026,,,,14+,Givatayim,Rav Hen,158
22:00,הכריש מוול סטריט,הכריש מוול סטריט,https://tickets5.rav-hen.co.il/order/198996?lang=he,https://tickets5.rav-hen.co.il/order/198996?lang=he,Regular,2D,English,,2026-01-31,2024,,,,9+,Givatayim,Rav Hen,158
19:30,המנט,המנט,https://tickets5.rav-hen.co.il/order/199003?lang=he,https://tickets5.rav-hen.co.il/order/199003?lang=he,Regular,2D,English,,2026-01-31,2026,,,,All,Givatayim,Rav Hen,158
19:30,הנאשם,הנאשם,https://tickets5.rav-hen.co.il/order/199310?lang=he,https://tickets5.rav-hen.co.il/order/199310?lang=he,Regular,2D,English,,2026-01-31,2026,,,,All,Givatayim,Rav Hen,158
21:50,הנאשם,הנאשם,https://tickets5.rav-hen.co.il/order/199312?lang=he,https://tickets5.rav-hen.co.il/order/199312?lang=he,Regular,2D,English,,2026-01-31,2026,,,,All,Givatayim,Rav Hen,158
19:10,כריסטי,כריסטי,https://tickets5.rav-hen.co.il/order/199040?lang=he,https://tickets5.rav-hen.co.il/order/199040?lang=he,Regular,2D,English,,2026-01-31,2025,,,,14+,Givatayim,Rav Hen,158
21:50,כריסטי,כריסטי,https://tickets5.rav-hen.co.il/order/199041?lang=he,https://tickets5.rav-hen.co.il/order/199041?lang=he,Regular,2D,English,,2026-01-31,2025,,,,14+,Givatayim,Rav Hen,158
20:45,מרטי סופרים,מרטי סופרים,https://tickets5.rav-hen.co.il/order/198951?lang=he,https://tickets5.rav-hen.co.il/order/198951?lang=he,Regular,2D,English,,2026-01-31,2025,,,,12+,Givatayim,Rav Hen,158
19:10,עוזרת הבית,עוזרת הבית,https://tickets5.rav-hen.co.il/order/198931?lang=he,https://tickets5.rav-hen.co.il/order/198931?lang=he,Regular,2D,English,,2026-01-31,2025,,,,14+,Givatayim,Rav Hen,158
21:50,עוזרת הבית,עוזרת הבית,https://tickets5.rav-hen.co.il/order/198932?lang=he,https://tickets5.rav-hen.co.il/order/198932?lang=he,Regular,2D,English,,2026-01-31,2025,,,,14+,Givatayim,Rav Hen,158
17:00,הצילו,הצילו,https://tickets5.rav-hen.co.il/order/199052?lang=he,https://tickets5.rav-hen.co.il/order/199052?lang=he,Regular,2D,English,,2026-02-01,2026,,,,16+,Givatayim,Rav Hen,158
19:30,הצילו,הצילו,https://tickets5.rav-hen.co.il/order/199053?lang=he,https://tickets5.rav-hen.co.il/order/199053?lang=he,Regular,2D,English,,2026-02-01,2026,,,,16+,Givatayim,Rav Hen,158
22:00,הצילו,הצילו,https://tickets5.rav-hen.co.il/order/199054?lang=he,https://tickets5.rav-hen.co.il/order/199054?lang=he,Regular,2D,English,,2026-02-01,2026,,,,16+,Givatayim,Rav Hen,158
17:00,המגן,המגן,https://tickets5.rav-hen.co.il/order/198966?lang=he,https://tickets5.rav-hen.co.il/order/198966?lang=he,Regular,2D,English,,2026-02-01,2026,,,,14+,Givatayim,Rav Hen,158
19:30,המגן,המגן,https://tickets5.rav-hen.co.il/order/198967?lang=he,https://tickets5.rav-hen.co.il/order/198967?lang=he,Regular,2D,English,,2026-02-01,2026,,,,14+,Givatayim,Rav Hen,158
21:50,המגן,המגן,https://tickets5.rav-hen.co.il/order/198968?lang=he,https://tickets5.rav-hen.co.il/order/198968?lang=he,Regular,2D,English,,2026-02-01,2026,,,,14+,Givatayim,Rav Hen,158
17:00,אווטאר: אש ואפר,אווטאר: אש ואפר,https://tickets5.rav-hen.co.il/order/198942?lang=he,https://tickets5.rav-hen.co.il/order/198942?lang=he,Regular,2D,English,,2026-02-01,2025,,,,12+,Givatayim,Rav Hen,158
17:00,ארנגול וחבורת גיבורי הזמן,ארנגול וחבורת גיבורי הזמן,https://tickets5.rav-hen.co.il/order/198915?lang=he,https://tickets5.rav-hen.co.il/order/198915?lang=he,Regular,2D,Hebrew,,2026-02-01,,,,,All,Givatayim,Rav Hen,158
17:00,בקצב הג'ונגל 2,בקצב הג'ונגל 2,https://tickets5.rav-hen.co.il/order/199021?lang=he,https://tickets5.rav-hen.co.il/order/199021?lang=he,Regular,2D,Hebrew,,2026-02-01,2025,,,,All,Givatayim,Rav Hen,158
22:00,הכריש מוול סטריט,הכריש מוול סטריט,https://tickets5.rav-hen.co.il/order/198997?lang=he,https://tickets5.rav-hen.co.il/order/198997?lang=he,Regular,2D,English,,2026-02-01,2024,,,,9+,Givatayim,Rav Hen,158
17:00,המנט,המנט,https://tickets5.rav-hen.co.il/order/199005?lang=he,https://tickets5.rav-hen.co.il/order/199005?lang=he,Regular,2D,English,,2026-02-01,2026,,,,All,Givatayim,Rav Hen,158
19:30,המנט,המנט,https://tickets5.rav-hen.co.il/order/199006?lang=he,https://tickets5.rav-hen.co.il/order/199006?lang=he,Regular,2D,English,,2026-02-01,2026,,,,All,Givatayim,Rav Hen,158
19:40,הנאשם,הנאשם,https://tickets5.rav-hen.co.il/order/199293?lang=he,https://tickets5.rav-hen.co.il/order/199293?lang=he,Regular,2D,English,,2026-02-01,2026,,,,All,Givatayim,Rav Hen,158
21:50,הנאשם,הנאשם,https://tickets5.rav-hen.co.il/order/199291?lang=he,https://tickets5.rav-hen.co.il/order/199291?lang=he,Regular,2D,English,,2026-02-01,2026,,,,All,Givatayim,Rav Hen,158
17:00,כריסטי,כריסטי,https://tickets5.rav-hen.co.il/order/199324?lang=he,https://tickets5.rav-hen.co.il/order/199324?lang=he,Regular,2D,English,,2026-02-01,2025,,,,14+,Givatayim,Rav Hen,158
19:10,כריסטי,כריסטי,https://tickets5.rav-hen.co.il/order/199029?lang=he,https://tickets5.rav-hen.co.il/order/199029?lang=he,Regular,2D,English,,2026-02-01,2025,,,,14+,Givatayim,Rav Hen,158
21:50,כריסטי,כריסטי,https://tickets5.rav-hen.co.il/order/199028?lang=he,https://tickets5.rav-hen.co.il/order/199028?lang=he,Regular,2D,English,,2026-02-01,2025,,,,14+,Givatayim,Rav Hen,158
20:45,מרטי סופרים,מרטי סופרים,https://tickets5.rav-hen.co.il/order/198952?lang=he,https://tickets5.rav-hen.co.il/order/198952?lang=he,Regular,2D,English,,2026-02-01,2025,,,,12+,Givatayim,Rav Hen,158
19:00,עוזרת הבית,עוזרת הבית,https://tickets5.rav-hen.co.il/order/198924?lang=he,https://tickets5.rav-hen.co.il/order/198924?lang=he,Regular,2D,English,,2026-02-01,2025,,,,14+,Givatayim,Rav Hen,158
21:50,עוזרת הבית,עוזרת הבית,https://tickets5.rav-hen.co.il/order/198923?lang=he,https://tickets5.rav-hen.co.il/order/198923?lang=he,Regular,2D,English,,2026-02-01,2025,,,,14+,Givatayim,Rav Hen,158
17:00,הצילו,הצילו,https://tickets5.rav-hen.co.il/order/199057?lang=he,https://tickets5.rav-hen.co.il/order/199057?lang=he,Regular,2D,English,,2026-02-02,2026,,,,16+,Givatayim,Rav Hen,158
19:30,הצילו,הצילו,https://tickets5.rav-hen.co.il/order/199056?lang=he,https://tickets5.rav-hen.co.il/order/199056?lang=he,Regular,2D,English,,2026-02-02,2026,,,,16+,Givatayim,Rav Hen,158
22:00,הצילו,הצילו,https://tickets5.rav-hen.co.il/order/199055?lang=he,https://tickets5.rav-hen.co.il/order/199055?lang=he,Regular,2D,English,,2026-02-02,2026,,,,16+,Givatayim,Rav Hen,158
17:00,המגן,המגן,https://tickets5.rav-hen.co.il/order/198971?lang=he,https://tickets5.rav-hen.co.il/order/198971?lang=he,Regular,2D,English,,2026-02-02,2026,,,,14+,Givatayim,Rav Hen,158
19:30,המגן,המגן,https://tickets5.rav-hen.co.il/order/198970?lang=he,https://tickets5.rav-hen.co.il/order/198970?lang=he,Regular,2D,English,,2026-02-02,2026,,,,14+,Givatayim,Rav Hen,158
21:50,המגן,המגן,https://tickets5.rav-hen.co.il/order/198969?lang=he,https://tickets5.rav-hen.co.il/order/198969?lang=he,Regular,2D,English,,2026-02-02,2026,,,,14+,Givatayim,Rav Hen,158
17:00,אווטאר: אש ואפר,אווטאר: אש ואפר,https://tickets5.rav-hen.co.il/order/198943?lang=he,https://tickets5.rav-hen.co.il/order/198943?lang=he,Regular,2D,English,,2026-02-02,2025,,,,12+,Givatayim,Rav Hen,158
17:00,ארנגול וחבורת גיבורי הזמן,ארנגול וחבורת גיבורי הזמן,https://tickets5.rav-hen.co.il/order/198916?lang=he,https://tickets5.rav-hen.co.il/order/198916?lang=he,Regular,2D,Hebrew,,2026-02-02,,,,,All,Givatayim,Rav Hen,158
17:00,בקצב הג'ונגל 2,בקצב הג'ונגל 2,https://tickets5.rav-hen.co.il/order/199022?lang=he,https://tickets5.rav-hen.co.il/order/199022?lang=he,Regular,2D,Hebrew,,2026-02-02,2025,,,,All,Givatayim,Rav Hen,158
22:00,הכריש מוול סטריט,הכריש מוול סטריט,https://tickets5.rav-hen.co.il/order/198998?lang=he,https://tickets5.rav-hen.co.il/order/198998?lang=he,Regular,2D,English,,2026-02-02,2024,,,,9+,Givatayim,Rav Hen,158
17:00,המנט,המנט,https://tickets5.rav-hen.co.il/order/199008?lang=he,https://tickets5.rav-hen.co.il/order/199008?lang=he,Regular,2D,English,,2026-02-02,2026,,,,All,Givatayim,Rav Hen,158
19:30,המנט,המנט,https://tickets5.rav-hen.co.il/order/199007?lang=he,https://tickets5.rav-hen.co.il/order/199007?lang=he,Regular,2D,English,,2026-02-02,2026,,,,All,Givatayim,Rav Hen,158
19:40,הנאשם,הנאשם,https://tickets5.rav-hen.co.il/order/199296?lang=he,https://tickets5.rav-hen.co.il/order/199296?lang=he,Regular,2D,English,,2026-02-02,2026,,,,All,Givatayim,Rav Hen,158
21:50,הנאשם,הנאשם,https://tickets5.rav-hen.co.il/order/199299?lang=he,https://tickets5.rav-hen.co.il/order/199299?lang=he,Regular,2D,English,,2026-02-02,2026,,,,All,Givatayim,Rav Hen,158
17:00,כריסטי,כריסטי,https://tickets5.rav-hen.co.il/order/199325?lang=he,https://tickets5.rav-hen.co.il/order/199325?lang=he,Regular,2D,English,,2026-02-02,2025,,,,14+,Givatayim,Rav Hen,158
19:10,כריסטי,כריסטי,https://tickets5.rav-hen.co.il/order/199030?lang=he,https://tickets5.rav-hen.co.il/order/199030?lang=he,Regular,2D,English,,2026-02-02,2025,,,,14+,Givatayim,Rav Hen,158
21:50,כריסטי,כריסטי,https://tickets5.rav-hen.co.il/order/199031?lang=he,https://tickets5.rav-hen.co.il/order/199031?lang=he,Regular,2D,English,,2026-02-02,2025,,,,14+,Givatayim,Rav Hen,158
20:45,מרטי סופרים,מרטי סופרים,https://tickets5.rav-hen.co.il/order/198953?lang=he,https://tickets5.rav-hen.co.il/order/198953?lang=he,Regular,2D,English,,2026-02-02,2025,,,,12+,Givatayim,Rav Hen,158
19:00,עוזרת הבית,עוזרת הבית,https://tickets5.rav-hen.co.il/order/198925?lang=he,https://tickets5.rav-hen.co.il/order/198925?lang=he,Regular,2D,English,,2026-02-02,2025,,,,14+,Givatayim,Rav Hen,158
21:50,עוזרת הבית,עוזרת הבית,https://tickets5.rav-hen.co.il/order/198926?lang=he,https://tickets5.rav-hen.co.il/order/198926?lang=he,Regular,2D,English,,2026-02-02,2025,,,,14+,Givatayim,Rav Hen,158
10:00,הצילו,הצילו,https://tickets5.rav-hen.co.il/order/199060?lang=he,https://tickets5.rav-hen.co.il/order/199060?lang=he,Regular,2D,English,,2026-02-03,2026,,,,16+,Givatayim,Rav Hen,158
13:00,הצילו,הצילו,https://tickets5.rav-hen.co.il/order/199061?lang=he,https://tickets5.rav-hen.co.il/order/199061?lang=he,Regular,2D,English,,2026-02-03,2026,,,,16+,Givatayim,Rav Hen,158
17:00,הצילו,הצילו,https://tickets5.rav-hen.co.il/order/199062?lang=he,https://tickets5.rav-hen.co.il/order/199062?lang=he,Regular,2D,English,,2026-02-03,2026,,,,16+,Givatayim,Rav Hen,158
19:30,הצילו,הצילו,https://tickets5.rav-hen.co.il/order/199063?lang=he,https://tickets5.rav-hen.co.il/order/199063?lang=he,Regular,2D,English,,2026-02-03,2026,,,,16+,Givatayim,Rav Hen,158
22:00,הצילו,הצילו,https://tickets5.rav-hen.co.il/order/199064?lang=he,https://tickets5.rav-hen.co.il/order/199064?lang=he,Regular,2D,English,,2026-02-03,2026,,,,16+,Givatayim,Rav Hen,158
10:00,המגן,המגן,https://tickets5.rav-hen.co.il/order/198976?lang=he,https://tickets5.rav-hen.co.il/order/198976?lang=he,Regular,2D,English,,2026-02-03,2026,,,,14+,Givatayim,Rav Hen,158
13:00,המגן,המגן,https://tickets5.rav-hen.co.il/order/198977?lang=he,https://tickets5.rav-hen.co.il/order/198977?lang=he,Regular,2D,English,,2026-02-03,2026,,,,14+,Givatayim,Rav Hen,158
17:00,המגן,המגן,https://tickets5.rav-hen.co.il/order/198978?lang=he,https://tickets5.rav-hen.co.il/order/198978?lang=he,Regular,2D,English,,2026-02-03,2026,,,,14+,Givatayim,Rav Hen,158
19:30,המגן,המגן,https://tickets5.rav-hen.co.il/order/198979?lang=he,https://tickets5.rav-hen.co.il/order/198979?lang=he,Regular,2D,English,,2026-02-03,2026,,,,14+,Givatayim,Rav Hen,158
21:50,המגן,המגן,https://tickets5.rav-hen.co.il/order/198980?lang=he,https://tickets5.rav-hen.co.il/order/198980?lang=he,Regular,2D,English,,2026-02-03,2026,,,,14+,Givatayim,Rav Hen,158
17:00,אווטאר: אש ואפר,אווטאר: אש ואפר,https://tickets5.rav-hen.co.il/order/198944?lang=he,https://tickets5.rav-hen.co.il/order/198944?lang=he,Regular,2D,English,,2026-02-03,2025,,,,12+,Givatayim,Rav Hen,158
17:00,בקצב הג'ונגל 2,בקצב הג'ונגל 2,https://tickets5.rav-hen.co.il/order/199023?lang=he,https://tickets5.rav-hen.co.il/order/199023?lang=he,Regular,2D,Hebrew,,2026-02-03,2025,,,,All,Givatayim,Rav Hen,158
22:00,הכריש מוול סטריט,הכריש מוול סטריט,https://tickets5.rav-hen.co.il/order/198999?lang=he,https://tickets5.rav-hen.co.il/order/198999?lang=he,Regular,2D,English,,2026-02-03,2024,,,,9+,Givatayim,Rav Hen,158
10:00,המנט,המנט,https://tickets5.rav-hen.co.il/order/199015?lang=he,https://tickets5.rav-hen.co.il/order/199015?lang=he,Regular,2D,English,,2026-02-03,2026,,,,All,Givatayim,Rav Hen,158
13:00,המנט,המנט,https://tickets5.rav-hen.co.il/order/199014?lang=he,https://tickets5.rav-hen.co.il/order/199014?lang=he,Regular,2D,English,,2026-02-03,2026,,,,All,Givatayim,Rav Hen,158
19:30,המנט,המנט,https://tickets5.rav-hen.co.il/order/199013?lang=he,https://tickets5.rav-hen.co.il/order/199013?lang=he,Regular,2D,English,,2026-02-03,2026,,,,All,Givatayim,Rav Hen,158
10:00,הנאשם,הנאשם,https://tickets5.rav-hen.co.il/order/199315?lang=he,https://tickets5.rav-hen.co.il/order/199315?lang=he,Regular,2D,English,,2026-02-03,2026,,,,All,Givatayim,Rav Hen,158
12:15,הנאשם,הנאשם,https://tickets5.rav-hen.co.il/order/199317?lang=he,https://tickets5.rav-hen.co.il/order/199317?lang=he,Regular,2D,English,,2026-02-03,2026,,,,All,Givatayim,Rav Hen,158
14:30,הנאשם,הנאשם,https://tickets5.rav-hen.co.il/order/199319?lang=he,https://tickets5.rav-hen.co.il/order/199319?lang=he,Regular,2D,English,,2026-02-03,2026,,,,All,Givatayim,Rav Hen,158
19:40,הנאשם,הנאשם,https://tickets5.rav-hen.co.il/order/199321?lang=he,https://tickets5.rav-hen.co.il/order/199321?lang=he,Regular,2D,English,,2026-02-03,2026,,,,All,Givatayim,Rav Hen,158
21:50,הנאשם,הנאשם,https://tickets5.rav-hen.co.il/order/199322?lang=he,https://tickets5.rav-hen.co.il/order/199322?lang=he,Regular,2D,English,,2026-02-03,2026,,,,All,Givatayim,Rav Hen,158
10:00,הסוכן החשאי,הסוכן החשאי,https://tickets5.rav-hen.co.il/order/199024?lang=he,https://tickets5.rav-hen.co.il/order/199024?lang=he,Regular,2D,פורטוגזית,,2026-02-03,2025,,,,16+,Givatayim,Rav Hen,158
13:30,הסוכן החשאי,הסוכן החשאי,https://tickets5.rav-hen.co.il/order/199025?lang=he,https://tickets5.rav-hen.co.il/order/199025?lang=he,Regular,2D,פורטוגזית,,2026-02-03,2025,,,,16+,Givatayim,Rav Hen,158
10:00,כריסטי,כריסטי,https://tickets5.rav-hen.co.il/order/198919?lang=he,https://tickets5.rav-hen.co.il/order/198919?lang=he,Regular,2D,English,,2026-02-03,2025,,,,14+,Givatayim,Rav Hen,158
13:00,כריסטי,כריסטי,https://tickets5.rav-hen.co.il/order/198920?lang=he,https://tickets5.rav-hen.co.il/order/198920?lang=he,Regular,2D,English,,2026-02-03,2025,,,,14+,Givatayim,Rav Hen,158
17:00,כריסטי,כריסטי,https://tickets5.rav-hen.co.il/order/199326?lang=he,https://tickets5.rav-hen.co.il/order/199326?lang=he,Regular,2D,English,,2026-02-03,2025,,,,14+,Givatayim,Rav Hen,158
19:10,כריסטי,כריסטי,https://tickets5.rav-hen.co.il/order/199033?lang=he,https://tickets5.rav-hen.co.il/order/199033?lang=he,Regular,2D,English,,2026-02-03,2025,,,,14+,Givatayim,Rav Hen,158
21:50,כריסטי,כריסטי,https://tickets5.rav-hen.co.il/order/199032?lang=he,https://tickets5.rav-hen.co.il/order/199032?lang=he,Regular,2D,English,,2026-02-03,2025,,,,14+,Givatayim,Rav Hen,158
17:00,לשבור את הכישוף,לשבור את הכישוף,https://tickets5.rav-hen.co.il/order/198985?lang=he,https://tickets5.rav-hen.co.il/order/198985?lang=he,Regular,2D,Hebrew,,2026-02-03,,,,,All,Givatayim,Rav Hen,158
10:00,מרטי סופרים,מרטי סופרים,https://tickets5.rav-hen.co.il/order/198956?lang=he,https://tickets5.rav-hen.co.il/order/198956?lang=he,Regular,2D,English,,2026-02-03,2025,,,,12+,Givatayim,Rav Hen,158
13:00,מרטי סופרים,מרטי סופרים,https://tickets5.rav-hen.co.il/order/198957?lang=he,https://tickets5.rav-hen.co.il/order/198957?lang=he,Regular,2D,English,,2026-02-03,2025,,,,12+,Givatayim,Rav Hen,158
20:45,מרטי סופרים,מרטי סופרים,https://tickets5.rav-hen.co.il/order/198958?lang=he,https://tickets5.rav-hen.co.il/order/198958?lang=he,Regular,2D,English,,2026-02-03,2025,,,,12+,Givatayim,Rav Hen,158
16:45,עוזרת הבית,עוזרת הבית,https://tickets5.rav-hen.co.il/order/198933?lang=he,https://tickets5.rav-hen.co.il/order/198933?lang=he,Regular,2D,English,,2026-02-03,2025,,,,14+,Givatayim,Rav Hen,158
19:20,עוזרת הבית,עוזרת הבית,https://tickets5.rav-hen.co.il/order/198934?lang=he,https://tickets5.rav-hen.co.il/order/198934?lang=he,Regular,2D,English,,2026-02-03,2025,,,,14+,Givatayim,Rav Hen,158
22:00,עוזרת הבית,עוזרת הבית,https://tickets5.rav-hen.co.il/order/198935?lang=he,https://tickets5.rav-hen.co.il/order/198935?lang=he,Regular,2D,English,,2026-02-03,2025,,,,14+,Givatayim,Rav Hen,158
17:00,הצילו,הצילו,https://tickets5.rav-hen.co.il/order/202565?lang=he,https://tickets5.rav-hen.co.il/order/202565?lang=he,Regular,2D,English,,2026-02-04,2026,,,,16+,Givatayim,Rav Hen,158
19:30,הצילו,הצילו,https://tickets5.rav-hen.co.il/order/202566?lang=he,https://tickets5.rav-hen.co.il/order/202566?lang=he,Regular,2D,English,,2026-02-04,2026,,,,16+,Givatayim,Rav Hen,158
22:00,הצילו,הצילו,https://tickets5.rav-hen.co.il/order/202567?lang=he,https://tickets5.rav-hen.co.il/order/202567?lang=he,Regular,2D,English,,2026-02-04,2026,,,,16+,Givatayim,Rav Hen,158
17:00,המגן,המגן,https://tickets5.rav-hen.co.il/order/198972?lang=he,https://tickets5.rav-hen.co.il/order/198972?lang=he,Regular,2D,English,,2026-02-04,2026,,,,14+,Givatayim,Rav Hen,158
19:30,המגן,המגן,https://tickets5.rav-hen.co.il/order/198973?lang=he,https://tickets5.rav-hen.co.il/order/198973?lang=he,Regular,2D,English,,2026-02-04,2026,,,,14+,Givatayim,Rav Hen,158
21:50,המגן,המגן,https://tickets5.rav-hen.co.il/order/198974?lang=he,https://tickets5.rav-hen.co.il/order/198974?lang=he,Regular,2D,English,,2026-02-04,2026,,,,14+,Givatayim,Rav Hen,158
17:00,אווטאר: אש ואפר,אווטאר: אש ואפר,https://tickets5.rav-hen.co.il/order/198945?lang=he,https://tickets5.rav-hen.co.il/order/198945?lang=he,Regular,2D,English,,2026-02-04,2025,,,,12+,Givatayim,Rav Hen,158
17:00,ארנגול וחבורת גיבורי הזמן,ארנגול וחבורת גיבורי הזמן,https://tickets5.rav-hen.co.il/order/199019?lang=he,https://tickets5.rav-hen.co.il/order/199019?lang=he,Regular,2D,Hebrew,,2026-02-04,,,,,All,Givatayim,Rav Hen,158
22:00,הכריש מוול סטריט,הכריש מוול סטריט,https://tickets5.rav-hen.co.il/order/199000?lang=he,https://tickets5.rav-hen.co.il/order/199000?lang=he,Regular,2D,English,,2026-02-04,2024,,,,9+,Givatayim,Rav Hen,158
17:00,המנט,המנט,https://tickets5.rav-hen.co.il/order/199009?lang=he,https://tickets5.rav-hen.co.il/order/199009?lang=he,Regular,2D,English,,2026-02-04,2026,,,,All,Givatayim,Rav Hen,158
19:30,המנט,המנט,https://tickets5.rav-hen.co.il/order/199010?lang=he,https://tickets5.rav-hen.co.il/order/199010?lang=he,Regular,2D,English,,2026-02-04,2026,,,,All,Givatayim,Rav Hen,158
19:40,הנאשם,הנאשם,https://tickets5.rav-hen.co.il/order/199302?lang=he,https://tickets5.rav-hen.co.il/order/199302?lang=he,Regular,2D,English,,2026-02-04,2026,,,,All,Givatayim,Rav Hen,158
21:50,הנאשם,הנאשם,https://tickets5.rav-hen.co.il/order/199300?lang=he,https://tickets5.rav-hen.co.il/order/199300?lang=he,Regular,2D,English,,2026-02-04,2026,,,,All,Givatayim,Rav Hen,158
17:00,כריסטי,כריסטי,https://tickets5.rav-hen.co.il/order/199327?lang=he,https://tickets5.rav-hen.co.il/order/199327?lang=he,Regular,2D,English,,2026-02-04,2025,,,,14+,Givatayim,Rav Hen,158
19:10,כריסטי,כריסטי,https://tickets5.rav-hen.co.il/order/199034?lang=he,https://tickets5.rav-hen.co.il/order/199034?lang=he,Regular,2D,English,,2026-02-04,2025,,,,14+,Givatayim,Rav Hen,158
21:50,כריסטי,כריסטי,https://tickets5.rav-hen.co.il/order/199035?lang=he,https://tickets5.rav-hen.co.il/order/199035?lang=he,Regular,2D,English,,2026-02-04,2025,,,,14+,Givatayim,Rav Hen,158
20:45,מרטי סופרים,מרטי סופרים,https://tickets5.rav-hen.co.il/order/198954?lang=he,https://tickets5.rav-hen.co.il/order/198954?lang=he,Regular,2D,English,,2026-02-04,2025,,,,12+,Givatayim,Rav Hen,158
16:45,עוזרת הבית,עוזרת הבית,https://tickets5.rav-hen.co.il/order/198936?lang=he,https://tickets5.rav-hen.co.il/order/198936?lang=he,Regular,2D,English,,2026-02-04,2025,,,,14+,Givatayim,Rav Hen,158
19:20,עוזרת הבית,עוזרת הבית,https://tickets5.rav-hen.co.il/order/198937?lang=he,https://tickets5.rav-hen.co.il/order/198937?lang=he,Regular,2D,English,,2026-02-04,2025,,,,14+,Givatayim,Rav Hen,158
22:00,עוזרת הבית,עוזרת הבית,https://tickets5.rav-hen.co.il/order/198938?lang=he,https://tickets5.rav-hen.co.il/order/198938?lang=he,Regular,2D,English,,2026-02-04,2025,,,,14+,Givatayim,Rav Hen,158
17:00,בובספוג הסרט: מחפשים את מכנסמרובע,בובספוג הסרט: מחפשים את מכנסמרובע,https://tickets5.rav-hen.co.il/order/198986?lang=he,https://tickets5.rav-hen.co.il/order/198986?lang=he,Regular,2D,English,,2026-02-10,2025,,,,All,Givatayim,Rav Hen,158
17:00,בקצב הג'ונגל 2,בקצב הג'ונגל 2,https://tickets5.rav-hen.co.il/order/198987?lang=he,https://tickets5.rav-hen.co.il/order/198987?lang=he,Regular,2D,Hebrew,,2026-02-24,2025,,,,All,Givatayim,Rav Hen,158
18:50,הצילו,הצילו,https://tickets5.rav-hen.co.il/order/201916?lang=he,https://tickets5.rav-hen.co.il/order/201916?lang=he,Regular,2D,English,,2026-01-31,2026,,,,16+,Tel Aviv,Rav Hen,158
21:30,הצילו,הצילו,https://tickets5.rav-hen.co.il/order/201917?lang=he,https://tickets5.rav-hen.co.il/order/201917?lang=he,Regular,2D,English,,2026-01-31,2026,,,,16+,Tel Aviv,Rav Hen,158
18:15,המגן,המגן,https://tickets5.rav-hen.co.il/order/201910?lang=he,https://tickets5.rav-hen.co.il/order/201910?lang=he,Regular,2D,English,,2026-01-31,2026,,,,14+,Tel Aviv,Rav Hen,158
19:00,כריסטי,כריסטי,https://tickets5.rav-hen.co.il/order/201923?lang=he,https://tickets5.rav-hen.co.il/order/201923?lang=he,Regular,2D,English,,2026-01-31,2025,,,,14+,Tel Aviv,Rav Hen,158
21:50,כריסטי,כריסטי,https://tickets5.rav-hen.co.il/order/201924?lang=he,https://tickets5.rav-hen.co.il/order/201924?lang=he,Regular,2D,English,,2026-01-31,2025,,,,14+,Tel Aviv,Rav Hen,158
19:20,עוזרת הבית,עוזרת הבית,https://tickets5.rav-hen.co.il/order/201021?lang=he,https://tickets5.rav-hen.co.il/order/201021?lang=he,Regular,2D,English,,2026-01-31,2025,,,,14+,Tel Aviv,Rav Hen,158
20:45,עוזרת הבית,עוזרת הבית,https://tickets5.rav-hen.co.il/order/202534?lang=he,https://tickets5.rav-hen.co.il/order/202534?lang=he,Regular,2D,English,,2026-01-31,2025,,,,14+,Tel Aviv,Rav Hen,158
22:10,עוזרת הבית,עוזרת הבית,https://tickets5.rav-hen.co.il/order/201037?lang=he,https://tickets5.rav-hen.co.il/order/201037?lang=he,Regular,2D,English,,2026-01-31,2025,,,,14+,Tel Aviv,Rav Hen,158
16:50,הצילו,הצילו,https://tickets5.rav-hen.co.il/order/202055?lang=he,https://tickets5.rav-hen.co.il/order/202055?lang=he,Regular,2D,English,,2026-02-01,2026,,,,16+,Tel Aviv,Rav Hen,158
19:15,הצילו,הצילו,https://tickets5.rav-hen.co.il/order/202057?lang=he,https://tickets5.rav-hen.co.il/order/202057?lang=he,Regular,2D,English,,2026-02-01,2026,,,,16+,Tel Aviv,Rav Hen,158
21:50,הצילו,הצילו,https://tickets5.rav-hen.co.il/order/202060?lang=he,https://tickets5.rav-hen.co.il/order/202060?lang=he,Regular,2D,English,,2026-02-01,2026,,,,16+,Tel Aviv,Rav Hen,158
16:50,המגן,המגן,https://tickets5.rav-hen.co.il/order/202062?lang=he,https://tickets5.rav-hen.co.il/order/202062?lang=he,Regular,2D,English,,2026-02-01,2026,,,,14+,Tel Aviv,Rav Hen,158
19:40,המגן,המגן,https://tickets5.rav-hen.co.il/order/202052?lang=he,https://tickets5.rav-hen.co.il/order/202052?lang=he,Regular,2D,English,,2026-02-01,2026,,,,14+,Tel Aviv,Rav Hen,158
21:50,המגן,המגן,https://tickets5.rav-hen.co.il/order/202053?lang=he,https://tickets5.rav-hen.co.il/order/202053?lang=he,Regular,2D,English,,2026-02-01,2026,,,,14+,Tel Aviv,Rav Hen,158
17:00,כריסטי,כריסטי,https://tickets5.rav-hen.co.il/order/202050?lang=he,https://tickets5.rav-hen.co.il/order/202050?lang=he,Regular,2D,English,,2026-02-01,2025,,,,14+,Tel Aviv,Rav Hen,158
19:00,כריסטי,כריסטי,https://tickets5.rav-hen.co.il/order/202063?lang=he,https://tickets5.rav-hen.co.il/order/202063?lang=he,Regular,2D,English,,2026-02-01,2025,,,,14+,Tel Aviv,Rav Hen,158
21:45,כריסטי,כריסטי,https://tickets5.rav-hen.co.il/order/202064?lang=he,https://tickets5.rav-hen.co.il/order/202064?lang=he,Regular,2D,English,,2026-02-01,2025,,,,14+,Tel Aviv,Rav Hen,158
16:45,עוזרת הבית,עוזרת הבית,https://tickets5.rav-hen.co.il/order/202042?lang=he,https://tickets5.rav-hen.co.il/order/202042?lang=he,Regular,2D,English,,2026-02-01,2025,,,,14+,Tel Aviv,Rav Hen,158
19:20,עוזרת הבית,עוזרת הבית,https://tickets5.rav-hen.co.il/order/202044?lang=he,https://tickets5.rav-hen.co.il/order/202044?lang=he,Regular,2D,English,,2026-02-01,2025,,,,14+,Tel Aviv,Rav Hen,158
22:00,עוזרת הבית,עוזרת הבית,https://tickets5.rav-hen.co.il/order/202046?lang=he,https://tickets5.rav-hen.co.il/order/202046?lang=he,Regular,2D,English,,2026-02-01,2025,,,,14+,Tel Aviv,Rav Hen,158
16:50,הצילו,הצילו,https://tickets5.rav-hen.co.il/order/202126?lang=he,https://tickets5.rav-hen.co.il/order/202126?lang=he,Regular,2D,English,,2026-02-02,2026,,,,16+,Tel Aviv,Rav Hen,158
19:15,הצילו,הצילו,https://tickets5.rav-hen.co.il/order/202129?lang=he,https://tickets5.rav-hen.co.il/order/202129?lang=he,Regular,2D,English,,2026-02-02,2026,,,,16+,Tel Aviv,Rav Hen,158
21:50,הצילו,הצילו,https://tickets5.rav-hen.co.il/order/202132?lang=he,https://tickets5.rav-hen.co.il/order/202132?lang=he,Regular,2D,English,,2026-02-02,2026,,,,16+,Tel Aviv,Rav Hen,158
16:50,המגן,המגן,https://tickets5.rav-hen.co.il/order/202135?lang=he,https://tickets5.rav-hen.co.il/order/202135?lang=he,Regular,2D,English,,2026-02-02,2026,,,,14+,Tel Aviv,Rav Hen,158
19:40,המגן,המגן,https://tickets5.rav-hen.co.il/order/202120?lang=he,https://tickets5.rav-hen.co.il/order/202120?lang=he,Regular,2D,English,,2026-02-02,2026,,,,14+,Tel Aviv,Rav Hen,158
21:50,המגן,המגן,https://tickets5.rav-hen.co.il/order/202123?lang=he,https://tickets5.rav-hen.co.il/order/202123?lang=he,Regular,2D,English,,2026-02-02,2026,,,,14+,Tel Aviv,Rav Hen,158
17:00,כריסטי,כריסטי,https://tickets5.rav-hen.co.il/order/202117?lang=he,https://tickets5.rav-hen.co.il/order/202117?lang=he,Regular,2D,English,,2026-02-02,2025,,,,14+,Tel Aviv,Rav Hen,158
19:00,כריסטי,כריסטי,https://tickets5.rav-hen.co.il/order/202138?lang=he,https://tickets5.rav-hen.co.il/order/202138?lang=he,Regular,2D,English,,2026-02-02,2025,,,,14+,Tel Aviv,Rav Hen,158
21:45,כריסטי,כריסטי,https://tickets5.rav-hen.co.il/order/202141?lang=he,https://tickets5.rav-hen.co.il/order/202141?lang=he,Regular,2D,English,,2026-02-02,2025,,,,14+,Tel Aviv,Rav Hen,158
16:45,עוזרת הבית,עוזרת הבית,https://tickets5.rav-hen.co.il/order/202108?lang=he,https://tickets5.rav-hen.co.il/order/202108?lang=he,Regular,2D,English,,2026-02-02,2025,,,,14+,Tel Aviv,Rav Hen,158
19:20,עוזרת הבית,עוזרת הבית,https://tickets5.rav-hen.co.il/order/202111?lang=he,https://tickets5.rav-hen.co.il/order/202111?lang=he,Regular,2D,English,,2026-02-02,2025,,,,14+,Tel Aviv,Rav Hen,158
22:00,עוזרת הבית,עוזרת הבית,https://tickets5.rav-hen.co.il/order/202114?lang=he,https://tickets5.rav-hen.co.il/order/202114?lang=he,Regular,2D,English,,2026-02-02,2025,,,,14+,Tel Aviv,Rav Hen,158
16:50,הצילו,הצילו,https://tickets5.rav-hen.co.il/order/202127?lang=he,https://tickets5.rav-hen.co.il/order/202127?lang=he,Regular,2D,English,,2026-02-03,2026,,,,16+,Tel Aviv,Rav Hen,158
19:15,הצילו,הצילו,https://tickets5.rav-hen.co.il/order/202130?lang=he,https://tickets5.rav-hen.co.il/order/202130?lang=he,Regular,2D,English,,2026-02-03,2026,,,,16+,Tel Aviv,Rav Hen,158
21:50,הצילו,הצילו,https://tickets5.rav-hen.co.il/order/202133?lang=he,https://tickets5.rav-hen.co.il/order/202133?lang=he,Regular,2D,English,,2026-02-03,2026,,,,16+,Tel Aviv,Rav Hen,158
16:50,המגן,המגן,https://tickets5.rav-hen.co.il/order/202535?lang=he,https://tickets5.rav-hen.co.il/order/202535?lang=he,Regular,2D,English,,2026-02-03,2026,,,,14+,Tel Aviv,Rav Hen,158
19:40,המגן,המגן,https://tickets5.rav-hen.co.il/order/202121?lang=he,https://tickets5.rav-hen.co.il/order/202121?lang=he,Regular,2D,English,,2026-02-03,2026,,,,14+,Tel Aviv,Rav Hen,158
21:50,המגן,המגן,https://tickets5.rav-hen.co.il/order/202124?lang=he,https://tickets5.rav-hen.co.il/order/202124?lang=he,Regular,2D,English,,2026-02-03,2026,,,,14+,Tel Aviv,Rav Hen,158
17:00,כריסטי,כריסטי,https://tickets5.rav-hen.co.il/order/202118?lang=he,https://tickets5.rav-hen.co.il/order/202118?lang=he,Regular,2D,English,,2026-02-03,2025,,,,14+,Tel Aviv,Rav Hen,158
19:00,כריסטי,כריסטי,https://tickets5.rav-hen.co.il/order/202139?lang=he,https://tickets5.rav-hen.co.il/order/202139?lang=he,Regular,2D,English,,2026-02-03,2025,,,,14+,Tel Aviv,Rav Hen,158
21:45,כריסטי,כריסטי,https://tickets5.rav-hen.co.il/order/202142?lang=he,https://tickets5.rav-hen.co.il/order/202142?lang=he,Regular,2D,English,,2026-02-03,2025,,,,14+,Tel Aviv,Rav Hen,158
16:45,עוזרת הבית,עוזרת הבית,https://tickets5.rav-hen.co.il/order/202109?lang=he,https://tickets5.rav-hen.co.il/order/202109?lang=he,Regular,2D,English,,2026-02-03,2025,,,,14+,Tel Aviv,Rav Hen,158
19:20,עוזרת הבית,עוזרת הבית,https://tickets5.rav-hen.co.il/order/202112?lang=he,https://tickets5.rav-hen.co.il/order/202112?lang=he,Regular,2D,English,,2026-02-03,2025,,,,14+,Tel Aviv,Rav Hen,158
22:00,עוזרת הבית,עוזרת הבית,https://tickets5.rav-hen.co.il/order/202115?lang=he,https://tickets5.rav-hen.co.il/order/202115?lang=he,Regular,2D,English,,2026-02-03,2025,,,,14+,Tel Aviv,Rav Hen,158
16:50,הצילו,הצילו,https://tickets5.rav-hen.co.il/order/202128?lang=he,https://tickets5.rav-hen.co.il/order/202128?lang=he,Regular,2D,English,,2026-02-04,2026,,,,16+,Tel Aviv,Rav Hen,158
19:15,הצילו,הצילו,https://tickets5.rav-hen.co.il/order/202131?lang=he,https://tickets5.rav-hen.co.il/order/202131?lang=he,Regular,2D,English,,2026-02-04,2026,,,,16+,Tel Aviv,Rav Hen,158
21:50,הצילו,הצילו,https://tickets5.rav-hen.co.il/order/202134?lang=he,https://tickets5.rav-hen.co.il/order/202134?lang=he,Regular,2D,English,,2026-02-04,2026,,,,16+,Tel Aviv,Rav Hen,158
16:50,המגן,המגן,https://tickets5.rav-hen.co.il/order/202137?lang=he,https://tickets5.rav-hen.co.il/order/202137?lang=he,Regular,2D,English,,2026-02-04,2026,,,,14+,Tel Aviv,Rav Hen,158
19:40,המגן,המגן,https://tickets5.rav-hen.co.il/order/202122?lang=he,https://tickets5.rav-hen.co.il/order/202122?lang=he,Regular,2D,English,,2026-02-04,2026,,,,14+,Tel Aviv,Rav Hen,158
21:50,המגן,המגן,https://tickets5.rav-hen.co.il/order/202125?lang=he,https://tickets5.rav-hen.co.il/order/202125?lang=he,Regular,2D,English,,2026-02-04,2026,,,,14+,Tel Aviv,Rav Hen,158
17:00,כריסטי,כריסטי,https://tickets5.rav-hen.co.il/order/202119?lang=he,https://tickets5.rav-hen.co.il/order/202119?lang=he,Regular,2D,English,,2026-02-04,2025,,,,14+,Tel Aviv,Rav Hen,158
19:00,כריסטי,כריסטי,https://tickets5.rav-hen.co.il/order/202140?lang=he,https://tickets5.rav-hen.co.il/order/202140?lang=he,Regular,2D,English,,2026-02-04,2025,,,,14+,Tel Aviv,Rav Hen,158
21:45,כריסטי,כריסטי,https://tickets5.rav-hen.co.il/order/202143?lang=he,https://tickets5.rav-hen.co.il/order/202143?lang=he,Regular,2D,English,,2026-02-04,2025,,,,14+,Tel Aviv,Rav Hen,158
16:45,עוזרת הבית,עוזרת הבית,https://tickets5.rav-hen.co.il/order/202110?lang=he,https://tickets5.rav-hen.co.il/order/202110?lang=he,Regular,2D,English,,2026-02-04,2025,,,,14+,Tel Aviv,Rav Hen,158
19:20,עוזרת הבית,עוזרת הבית,https://tickets5.rav-hen.co.il/order/202113?lang=he,https://tickets5.rav-hen.co.il/order/202113?lang=he,Regular,2D,English,,2026-02-04,2025,,,,14+,Tel Aviv,Rav Hen,158
22:00,עוזרת הבית,עוזרת הבית,https://tickets5.rav-hen.co.il/order/202116?lang=he,https://tickets5.rav-hen.co.il/order/202116?lang=he,Regular,2D,English,,2026-02-04,2025,,,,14+,Tel Aviv,Rav Hen,158
17:00,בובספוג הסרט: מחפשים את מכנסמרובע,בובספוג הסרט: מחפשים את מכנסמרובע,https://tickets5.rav-hen.co.il/order/198869?lang=he,https://tickets5.rav-hen.co.il/order/198869?lang=he,Regular,2D,English,,2026-02-10,2025,,,,All,Tel Aviv,Rav Hen,158
17:00,זוטרופוליס 2,זוטרופוליס 2,https://tickets5.rav-hen.co.il/order/198870?lang=he,https://tickets5.rav-hen.co.il/order/198870?lang=he,Regular,2D,English,,2026-02-24,2025,,,,All,Tel Aviv,Rav Hen,158
19:30,הצילו,הצילו,https://tickets5.rav-hen.co.il/order/201780?lang=he,https://tickets5.rav-hen.co.il/order/201780?lang=he,Regular,2D,English,,2026-01-31,2026,,,,16+,Kiryat Ono,Rav Hen,158
22:00,הצילו,הצילו,https://tickets5.rav-hen.co.il/order/201785?lang=he,https://tickets5.rav-hen.co.il/order/201785?lang=he,Regular,2D,English,,2026-01-31,2026,,,,16+,Kiryat Ono,Rav Hen,158
19:30,המגן,המגן,https://tickets5.rav-hen.co.il/order/201807?lang=he,https://tickets5.rav-hen.co.il/order/201807?lang=he,Regular,2D,English,,2026-01-31,2026,,,,14+,Kiryat Ono,Rav Hen,158
21:50,המגן,המגן,https://tickets5.rav-hen.co.il/order/201811?lang=he,https://tickets5.rav-hen.co.il/order/201811?lang=he,Regular,2D,English,,2026-01-31,2026,,,,14+,Kiryat Ono,Rav Hen,158
19:45,הנאשם,הנאשם,https://tickets5.rav-hen.co.il/order/201743?lang=he,https://tickets5.rav-hen.co.il/order/201743?lang=he,Regular,2D,English,,2026-01-31,2026,,,,All,Kiryat Ono,Rav Hen,158
19:00,כריסטי,כריסטי,https://tickets5.rav-hen.co.il/order/201721?lang=he,https://tickets5.rav-hen.co.il/order/201721?lang=he,Regular,2D,English,,2026-01-31,2025,,,,14+,Kiryat Ono,Rav Hen,158
21:50,כריסטי,כריסטי,https://tickets5.rav-hen.co.il/order/201723?lang=he,https://tickets5.rav-hen.co.il/order/201723?lang=he,Regular,2D,English,,2026-01-31,2025,,,,14+,Kiryat Ono,Rav Hen,158
21:50,מרטי סופרים,מרטי סופרים,https://tickets5.rav-hen.co.il/order/201752?lang=he,https://tickets5.rav-hen.co.il/order/201752?lang=he,Regular,2D,English,,2026-01-31,2025,,,,12+,Kiryat Ono,Rav Hen,158
19:00,עוזרת הבית,עוזרת הבית,https://tickets5.rav-hen.co.il/order/201567?lang=he,https://tickets5.rav-hen.co.il/order/201567?lang=he,Regular,2D,English,,2026-01-31,2025,,,,14+,Kiryat Ono,Rav Hen,158
21:50,עוזרת הבית,עוזרת הבית,https://tickets5.rav-hen.co.il/order/201568?lang=he,https://tickets5.rav-hen.co.il/order/201568?lang=he,Regular,2D,English,,2026-01-31,2025,,,,14+,Kiryat Ono,Rav Hen,158
17:00,הצילו,הצילו,https://tickets5.rav-hen.co.il/order/201776?lang=he,https://tickets5.rav-hen.co.il/order/201776?lang=he,Regular,2D,English,,2026-02-01,2026,,,,16+,Kiryat Ono,Rav Hen,158
19:30,הצילו,הצילו,https://tickets5.rav-hen.co.il/order/201781?lang=he,https://tickets5.rav-hen.co.il/order/201781?lang=he,Regular,2D,English,,2026-02-01,2026,,,,16+,Kiryat Ono,Rav Hen,158
22:00,הצילו,הצילו,https://tickets5.rav-hen.co.il/order/201786?lang=he,https://tickets5.rav-hen.co.il/order/201786?lang=he,Regular,2D,English,,2026-02-01,2026,,,,16+,Kiryat Ono,Rav Hen,158
17:00,המגן,המגן,https://tickets5.rav-hen.co.il/order/201804?lang=he,https://tickets5.rav-hen.co.il/order/201804?lang=he,Regular,2D,English,,2026-02-01,2026,,,,14+,Kiryat Ono,Rav Hen,158
19:30,המגן,המגן,https://tickets5.rav-hen.co.il/order/201808?lang=he,https://tickets5.rav-hen.co.il/order/201808?lang=he,Regular,2D,English,,2026-02-01,2026,,,,14+,Kiryat Ono,Rav Hen,158
21:50,המגן,המגן,https://tickets5.rav-hen.co.il/order/201812?lang=he,https://tickets5.rav-hen.co.il/order/201812?lang=he,Regular,2D,English,,2026-02-01,2026,,,,14+,Kiryat Ono,Rav Hen,158
17:00,בקצב הג'ונגל 2,בקצב הג'ונגל 2,https://tickets5.rav-hen.co.il/order/201477?lang=he,https://tickets5.rav-hen.co.il/order/201477?lang=he,Regular,2D,Hebrew,,2026-02-01,2025,,,,All,Kiryat Ono,Rav Hen,158
19:45,הנאשם,הנאשם,https://tickets5.rav-hen.co.il/order/201744?lang=he,https://tickets5.rav-hen.co.il/order/201744?lang=he,Regular,2D,English,,2026-02-01,2026,,,,All,Kiryat Ono,Rav Hen,158
17:00,זוטרופוליס 2,זוטרופוליס 2,https://tickets5.rav-hen.co.il/order/201696?lang=he,https://tickets5.rav-hen.co.il/order/201696?lang=he,Regular,2D,English,,2026-02-01,2025,,,,All,Kiryat Ono,Rav Hen,158
17:00,כריסטי,כריסטי,https://tickets5.rav-hen.co.il/order/201749?lang=he,https://tickets5.rav-hen.co.il/order/201749?lang=he,Regular,2D,English,,2026-02-01,2025,,,,14+,Kiryat Ono,Rav Hen,158
19:10,כריסטי,כריסטי,https://tickets5.rav-hen.co.il/order/201699?lang=he,https://tickets5.rav-hen.co.il/order/201699?lang=he,Regular,2D,English,,2026-02-01,2025,,,,14+,Kiryat Ono,Rav Hen,158
21:50,כריסטי,כריסטי,https://tickets5.rav-hen.co.il/order/201702?lang=he,https://tickets5.rav-hen.co.il/order/201702?lang=he,Regular,2D,English,,2026-02-01,2025,,,,14+,Kiryat Ono,Rav Hen,158
21:50,מרטי סופרים,מרטי סופרים,https://tickets5.rav-hen.co.il/order/201753?lang=he,https://tickets5.rav-hen.co.il/order/201753?lang=he,Regular,2D,English,,2026-02-01,2025,,,,12+,Kiryat Ono,Rav Hen,158
19:15,עוזרת הבית,עוזרת הבית,https://tickets5.rav-hen.co.il/order/201481?lang=he,https://tickets5.rav-hen.co.il/order/201481?lang=he,Regular,2D,English,,2026-02-01,2025,,,,14+,Kiryat Ono,Rav Hen,158
21:50,עוזרת הבית,עוזרת הבית,https://tickets5.rav-hen.co.il/order/201485?lang=he,https://tickets5.rav-hen.co.il/order/201485?lang=he,Regular,2D,English,,2026-02-01,2025,,,,14+,Kiryat Ono,Rav Hen,158
17:00,הצילו,הצילו,https://tickets5.rav-hen.co.il/order/201777?lang=he,https://tickets5.rav-hen.co.il/order/201777?lang=he,Regular,2D,English,,2026-02-02,2026,,,,16+,Kiryat Ono,Rav Hen,158
19:30,הצילו,הצילו,https://tickets5.rav-hen.co.il/order/201782?lang=he,https://tickets5.rav-hen.co.il/order/201782?lang=he,Regular,2D,English,,2026-02-02,2026,,,,16+,Kiryat Ono,Rav Hen,158
22:00,הצילו,הצילו,https://tickets5.rav-hen.co.il/order/201787?lang=he,https://tickets5.rav-hen.co.il/order/201787?lang=he,Regular,2D,English,,2026-02-02,2026,,,,16+,Kiryat Ono,Rav Hen,158
17:00,המגן,המגן,https://tickets5.rav-hen.co.il/order/201805?lang=he,https://tickets5.rav-hen.co.il/order/201805?lang=he,Regular,2D,English,,2026-02-02,2026,,,,14+,Kiryat Ono,Rav Hen,158
19:30,המגן,המגן,https://tickets5.rav-hen.co.il/order/201809?lang=he,https://tickets5.rav-hen.co.il/order/201809?lang=he,Regular,2D,English,,2026-02-02,2026,,,,14+,Kiryat Ono,Rav Hen,158
21:50,המגן,המגן,https://tickets5.rav-hen.co.il/order/201813?lang=he,https://tickets5.rav-hen.co.il/order/201813?lang=he,Regular,2D,English,,2026-02-02,2026,,,,14+,Kiryat Ono,Rav Hen,158
17:00,בקצב הג'ונגל 2,בקצב הג'ונגל 2,https://tickets5.rav-hen.co.il/order/201478?lang=he,https://tickets5.rav-hen.co.il/order/201478?lang=he,Regular,2D,Hebrew,,2026-02-02,2025,,,,All,Kiryat Ono,Rav Hen,158
19:45,הנאשם,הנאשם,https://tickets5.rav-hen.co.il/order/201745?lang=he,https://tickets5.rav-hen.co.il/order/201745?lang=he,Regular,2D,English,,2026-02-02,2026,,,,All,Kiryat Ono,Rav Hen,158
17:00,זוטרופוליס 2,זוטרופוליס 2,https://tickets5.rav-hen.co.il/order/201697?lang=he,https://tickets5.rav-hen.co.il/order/201697?lang=he,Regular,2D,English,,2026-02-02,2025,,,,All,Kiryat Ono,Rav Hen,158
17:00,כריסטי,כריסטי,https://tickets5.rav-hen.co.il/order/201750?lang=he,https://tickets5.rav-hen.co.il/order/201750?lang=he,Regular,2D,English,,2026-02-02,2025,,,,14+,Kiryat Ono,Rav Hen,158
19:10,כריסטי,כריסטי,https://tickets5.rav-hen.co.il/order/201700?lang=he,https://tickets5.rav-hen.co.il/order/201700?lang=he,Regular,2D,English,,2026-02-02,2025,,,,14+,Kiryat Ono,Rav Hen,158
21:50,כריסטי,כריסטי,https://tickets5.rav-hen.co.il/order/201703?lang=he,https://tickets5.rav-hen.co.il/order/201703?lang=he,Regular,2D,English,,2026-02-02,2025,,,,14+,Kiryat Ono,Rav Hen,158
21:50,מרטי סופרים,מרטי סופרים,https://tickets5.rav-hen.co.il/order/201754?lang=he,https://tickets5.rav-hen.co.il/order/201754?lang=he,Regular,2D,English,,2026-02-02,2025,,,,12+,Kiryat Ono,Rav Hen,158
19:15,עוזרת הבית,עוזרת הבית,https://tickets5.rav-hen.co.il/order/201482?lang=he,https://tickets5.rav-hen.co.il/order/201482?lang=he,Regular,2D,English,,2026-02-02,2025,,,,14+,Kiryat Ono,Rav Hen,158
21:50,עוזרת הבית,עוזרת הבית,https://tickets5.rav-hen.co.il/order/201486?lang=he,https://tickets5.rav-hen.co.il/order/201486?lang=he,Regular,2D,English,,2026-02-02,2025,,,,14+,Kiryat Ono,Rav Hen,158
17:00,הצילו,הצילו,https://tickets5.rav-hen.co.il/order/201778?lang=he,https://tickets5.rav-hen.co.il/order/201778?lang=he,Regular,2D,English,,2026-02-03,2026,,,,16+,Kiryat Ono,Rav Hen,158
19:30,הצילו,הצילו,https://tickets5.rav-hen.co.il/order/201783?lang=he,https://tickets5.rav-hen.co.il/order/201783?lang=he,Regular,2D,English,,2026-02-03,2026,,,,16+,Kiryat Ono,Rav Hen,158
22:00,הצילו,הצילו,https://tickets5.rav-hen.co.il/order/201788?lang=he,https://tickets5.rav-hen.co.il/order/201788?lang=he,Regular,2D,English,,2026-02-03,2026,,,,16+,Kiryat Ono,Rav Hen,158
17:00,המגן,המגן,https://tickets5.rav-hen.co.il/order/201816?lang=he,https://tickets5.rav-hen.co.il/order/201816?lang=he,Regular,2D,English,,2026-02-03,2026,,,,14+,Kiryat Ono,Rav Hen,158
19:40,המגן,המגן,https://tickets5.rav-hen.co.il/order/201687?lang=he,https://tickets5.rav-hen.co.il/order/201687?lang=he,Regular,2D,English,,2026-02-03,2026,,,,14+,Kiryat Ono,Rav Hen,158
21:50,המגן,המגן,https://tickets5.rav-hen.co.il/order/201802?lang=he,https://tickets5.rav-hen.co.il/order/201802?lang=he,Regular,2D,English,,2026-02-03,2026,,,,14+,Kiryat Ono,Rav Hen,158
17:00,בקצב הג'ונגל 2,בקצב הג'ונגל 2,https://tickets5.rav-hen.co.il/order/201479?lang=he,https://tickets5.rav-hen.co.il/order/201479?lang=he,Regular,2D,Hebrew,,2026-02-03,2025,,,,All,Kiryat Ono,Rav Hen,158
19:45,הנאשם,הנאשם,https://tickets5.rav-hen.co.il/order/201746?lang=he,https://tickets5.rav-hen.co.il/order/201746?lang=he,Regular,2D,English,,2026-02-03,2026,,,,All,Kiryat Ono,Rav Hen,158
17:00,כריסטי,כריסטי,https://tickets5.rav-hen.co.il/order/201727?lang=he,https://tickets5.rav-hen.co.il/order/201727?lang=he,Regular,2D,English,,2026-02-03,2025,,,,14+,Kiryat Ono,Rav Hen,158
19:10,כריסטי,כריסטי,https://tickets5.rav-hen.co.il/order/201815?lang=he,https://tickets5.rav-hen.co.il/order/201815?lang=he,Regular,2D,English,,2026-02-03,2025,,,,14+,Kiryat Ono,Rav Hen,158
21:50,כריסטי,כריסטי,https://tickets5.rav-hen.co.il/order/201725?lang=he,https://tickets5.rav-hen.co.il/order/201725?lang=he,Regular,2D,English,,2026-02-03,2025,,,,14+,Kiryat Ono,Rav Hen,158
21:50,מרטי סופרים,מרטי סופרים,https://tickets5.rav-hen.co.il/order/201755?lang=he,https://tickets5.rav-hen.co.il/order/201755?lang=he,Regular,2D,English,,2026-02-03,2025,,,,12+,Kiryat Ono,Rav Hen,158
19:15,עוזרת הבית,עוזרת הבית,https://tickets5.rav-hen.co.il/order/201483?lang=he,https://tickets5.rav-hen.co.il/order/201483?lang=he,Regular,2D,English,,2026-02-03,2025,,,,14+,Kiryat Ono,Rav Hen,158
21:50,עוזרת הבית,עוזרת הבית,https://tickets5.rav-hen.co.il/order/201487?lang=he,https://tickets5.rav-hen.co.il/order/201487?lang=he,Regular,2D,English,,2026-02-03,2025,,,,14+,Kiryat Ono,Rav Hen,158
17:00,הצילו,הצילו,https://tickets5.rav-hen.co.il/order/201779?lang=he,https://tickets5.rav-hen.co.il/order/201779?lang=he,Regular,2D,English,,2026-02-04,2026,,,,16+,Kiryat Ono,Rav Hen,158
19:30,הצילו,הצילו,https://tickets5.rav-hen.co.il/order/201784?lang=he,https://tickets5.rav-hen.co.il/order/201784?lang=he,Regular,2D,English,,2026-02-04,2026,,,,16+,Kiryat Ono,Rav Hen,158
22:00,הצילו,הצילו,https://tickets5.rav-hen.co.il/order/201789?lang=he,https://tickets5.rav-hen.co.il/order/201789?lang=he,Regular,2D,English,,2026-02-04,2026,,,,16+,Kiryat Ono,Rav Hen,158
17:00,המגן,המגן,https://tickets5.rav-hen.co.il/order/201806?lang=he,https://tickets5.rav-hen.co.il/order/201806?lang=he,Regular,2D,English,,2026-02-04,2026,,,,14+,Kiryat Ono,Rav Hen,158
19:30,המגן,המגן,https://tickets5.rav-hen.co.il/order/201810?lang=he,https://tickets5.rav-hen.co.il/order/201810?lang=he,Regular,2D,English,,2026-02-04,2026,,,,14+,Kiryat Ono,Rav Hen,158
21:50,המגן,המגן,https://tickets5.rav-hen.co.il/order/201814?lang=he,https://tickets5.rav-hen.co.il/order/201814?lang=he,Regular,2D,English,,2026-02-04,2026,,,,14+,Kiryat Ono,Rav Hen,158
17:00,בקצב הג'ונגל 2,בקצב הג'ונגל 2,https://tickets5.rav-hen.co.il/order/201480?lang=he,https://tickets5.rav-hen.co.il/order/201480?lang=he,Regular,2D,Hebrew,,2026-02-04,2025,,,,All,Kiryat Ono,Rav Hen,158
19:45,הנאשם,הנאשם,https://tickets5.rav-hen.co.il/order/201747?lang=he,https://tickets5.rav-hen.co.il/order/201747?lang=he,Regular,2D,English,,2026-02-04,2026,,,,All,Kiryat Ono,Rav Hen,158
17:00,זוטרופוליס 2,זוטרופוליס 2,https://tickets5.rav-hen.co.il/order/201698?lang=he,https://tickets5.rav-hen.co.il/order/201698?lang=he,Regular,2D,English,,2026-02-04,2025,,,,All,Kiryat Ono,Rav Hen,158
17:00,כריסטי,כריסטי,https://tickets5.rav-hen.co.il/order/201751?lang=he,https://tickets5.rav-hen.co.il/order/201751?lang=he,Regular,2D,English,,2026-02-04,2025,,,,14+,Kiryat Ono,Rav Hen,158
19:10,כריסטי,כריסטי,https://tickets5.rav-hen.co.il/order/201701?lang=he,https://tickets5.rav-hen.co.il/order/201701?lang=he,Regular,2D,English,,2026-02-04,2025,,,,14+,Kiryat Ono,Rav Hen,158
21:50,כריסטי,כריסטי,https://tickets5.rav-hen.co.il/order/201704?lang=he,https://tickets5.rav-hen.co.il/order/201704?lang=he,Regular,2D,English,,2026-02-04,2025,,,,14+,Kiryat Ono,Rav Hen,158
21:50,מרטי סופרים,מרטי סופרים,https://tickets5.rav-hen.co.il/order/201756?lang=he,https://tickets5.rav-hen.co.il/order/201756?lang=he,Regular,2D,English,,2026-02-04,2025,,,,12+,Kiryat Ono,Rav Hen,158
19:15,עוזרת הבית,עוזרת הבית,https://tickets5.rav-hen.co.il/order/201484?lang=he,https://tickets5.rav-hen.co.il/order/201484?lang=he,Regular,2D,English,,2026-02-04,2025,,,,14+,Kiryat Ono,Rav Hen,158
21:50,עוזרת הבית,עוזרת הבית,https://tickets5.rav-hen.co.il/order/201488?lang=he,https://tickets5.rav-hen.co.il/order/201488?lang=he,Regular,2D,English,,2026-02-04,2025,,,,14+,Kiryat Ono,Rav Hen,158
10:30,שמיים וארץ,שמיים וארץ,https://tickets5.rav-hen.co.il/order/198772?lang=he,https://tickets5.rav-hen.co.il/order/198772?lang=he,Regular,2D,Hebrew,,2026-02-04,,,,,,Kiryat Ono,Rav Hen,158
17:00,בובספוג הסרט: מחפשים את מכנסמרובע,בובספוג הסרט: מחפשים את מכנסמרובע,https://tickets5.rav-hen.co.il/order/198875?lang=he,https://tickets5.rav-hen.co.il/order/198875?lang=he,Regular,2D,English,,2026-02-10,2025,,,,All,Kiryat Ono,Rav Hen,158
17:00,זוטרופוליס 2,זוטרופוליס 2,https://tickets5.rav-hen.co.il/order/198876?lang=he,https://tickets5.rav-hen.co.il/order/198876?lang=he,Regular,2D,English,,2026-02-24,2025,,,,All,Kiryat Ono,Rav Hen,158
