cinema,date,time,title,year,href,poster
JLMCT,02/01/2024,11:00,The Nutcracker and the Four Realms,2018,https://jer-cin.org.il/en/event/78252,https://m.media-amazon.com/images/M/MV5BOTg1NDI1MjEyMl5BMl5BanBnXkFtZTgwOTA5MTgwNjM@._V1_SX300.jpg
JLMCT,11/01/2024,11:00,Cinderella Man,2005,https://jer-cin.org.il/en/event/78246,https://m.media-amazon.com/images/M/MV5BYjQ3M2ZjMzYtNmQwNC00MjNkLTgzOTgtMjhjMDk0YzIzOWZkXkEyXkFqcGc@._V1_SX300.jpg
JLMCT,16/01/2024,19:00,Cinderella Man,2005,https://jer-cin.org.il/en/event/78242,https://m.media-amazon.com/images/M/MV5BYjQ3M2ZjMzYtNmQwNC00MjNkLTgzOTgtMjhjMDk0YzIzOWZkXkEyXkFqcGc@._V1_SX300.jpg
HRZCT,10/12/2024,11:00,Here,2024,https://www.hcinema.org.il/event/%d7%9b%d7%90%d7%9f-%d7%95%d7%9c%d7%aa%d7%9e%d7%99%d7%93-here-%d7%a9%d7%9c%d7%99%d7%a9%d7%99-%d7%96%d7%94%d7%91/2024-12-10/1/,https://m.media-amazon.com/images/M/MV5BYWQ5ZDQ5YWQtMThiMS00MGM4LTk2NjktYTllYzg2NTRiNTMxXkEyXkFqcGc@._V1_SX300.jpg
HRZCT,10/12/2024,14:00,And the Party Goes On,2023,https://www.hcinema.org.il/event/%d7%95%d7%94%d7%97%d7%92%d7%99%d7%92%d7%94-%d7%a0%d7%9e%d7%a9%d7%9b%d7%aa-and-the-party-goes-on-%d7%a9%d7%9c%d7%99%d7%a9%d7%99-%d7%96%d7%94%d7%91/2024-12-10/1/,https://m.media-amazon.com/images/M/MV5BNjg3NDgzYTktOGU2Ny00NWUyLTllMTgtNzg0MGM4MjRkMWRiXkEyXkFqcGc@._V1_SX300.jpg
HRZCT,10/12/2024,14:15,The Other Way Around,2024,https://www.hcinema.org.il/event/%d7%9e%d7%a1%d7%99%d7%91%d7%aa-%d7%a4%d7%a8%d7%99%d7%93%d7%94-the-other-way-around-%d7%a9%d7%9c%d7%99%d7%a9%d7%99-%d7%96%d7%94%d7%91/2024-12-10/,https://m.media-amazon.com/images/M/MV5BNTVkNDU5NzUtMTUzZS00MTgzLWJjZTgtNjM1YmI2ODFlMDYzXkEyXkFqcGc@._V1_SX300.jpg
HRZCT,10/12/2024,16:00,Eid Mubarak,2023,https://www.hcinema.org.il/event/%d7%a2%d7%99%d7%93-eid-%d7%a9%d7%9c%d7%99%d7%a9%d7%99-%d7%96%d7%94%d7%91/2024-12-10/,https://m.media-amazon.com/images/M/MV5BZjRiY2IyMjgtZDZiYi00YTA0LTk4NmMtMzBkMzk5NDIxNzdjXkEyXkFqcGdeQXVyMTAxNjIwMjYz._V1_SX300.jpg
HRZCT,10/12/2024,16:30,The Vanishing Soldier,2023,https://www.hcinema.org.il/event/%d7%94%d7%97%d7%99%d7%99%d7%9c-%d7%94%d7%a0%d7%a2%d7%9c%d7%9d-the-vanishing-soldier-%d7%94%d7%a7%d7%a8%d7%a0%d7%94-%d7%9e%d7%a1%d7%97%d7%a8%d7%99%d7%aa-%d7%a9%d7%9c%d7%99%d7%a9%d7%99-%d7%96%d7%94/2024-12-10/,https://m.media-amazon.com/images/M/MV5BN2YyOTVhMjUtZTM0ZC00MDY3LTgyYzEtMGQxMmQwZmQzZTJkXkEyXkFqcGc@._V1_SX300.jpg
HRZCT,10/12/2024,18:00,Here,2024,https://www.hcinema.org.il/event/%d7%9b%d7%90%d7%9f-%d7%95%d7%9c%d7%aa%d7%9e%d7%99%d7%93-here-%d7%a9%d7%9c%d7%99%d7%a9%d7%99-%d7%96%d7%94%d7%91/2024-12-10/2/,https://m.media-amazon.com/images/M/MV5BYWQ5ZDQ5YWQtMThiMS00MGM4LTk2NjktYTllYzg2NTRiNTMxXkEyXkFqcGc@._V1_SX300.jpg
HRZCT,10/12/2024,18:30,And the Party Goes On,2023,https://www.hcinema.org.il/event/%d7%95%d7%94%d7%97%d7%92%d7%99%d7%92%d7%94-%d7%a0%d7%9e%d7%a9%d7%9b%d7%aa-and-the-party-goes-on-%d7%a9%d7%9c%d7%99%d7%a9%d7%99-%d7%96%d7%94%d7%91/2024-12-10/2/,https://m.media-amazon.com/images/M/MV5BNjg3NDgzYTktOGU2Ny00NWUyLTllMTgtNzg0MGM4MjRkMWRiXkEyXkFqcGc@._V1_SX300.jpg
HRZCT,10/12/2024,20:30,Big Eyes,2014,https://www.hcinema.org.il/event/%d7%a2%d7%99%d7%a0%d7%99%d7%99%d7%9d-%d7%92%d7%93%d7%95%d7%9c%d7%95%d7%aa-big-eyes/,https://m.media-amazon.com/images/M/MV5BMjA2ODM5MDE3N15BMl5BanBnXkFtZTgwOTIxNjc1MzE@._V1_SX300.jpg
HRZCT,10/12/2024,20:45,Moana 2,2024,https://www.hcinema.org.il/event/%d7%9e%d7%95%d7%90%d7%a0%d7%94-2-moana-2-%d7%90%d7%a0%d7%92%d7%9c%d7%99%d7%aa-%d7%a9%d7%9c%d7%99%d7%a9%d7%99-%d7%96%d7%94%d7%91/2024-12-10/,https://m.media-amazon.com/images/M/MV5BZDUxNThhYTUtYjgxNy00MGQ4LTgzOTEtZjg1YTU5NTcwNThlXkEyXkFqcGc@._V1_SX300.jpg
JAFC,10/12/2024,21:30,Happiness for Beginners,2023,https://www.jaffacinema.com/calendar/5477/,https://m.media-amazon.com/images/M/MV5BYTEzYTFkMDctNzY0ZS00MGZhLTg3MGItZmY0ZTc0NTFiYjk3XkEyXkFqcGc@._V1_SX300.jpg
TLVCT,10/12/2024,21:00,Following Harry,2024,https://www.cinema.co.il/en/event/%d7%91%d7%a2%d7%a7%d7%91%d7%95%d7%aa-%d7%94%d7%90%d7%a8%d7%99-%d7%a1%d7%95%d7%9c%d7%99%d7%93%d7%a8%d7%99%d7%95%d7%aa-2024/,https://m.media-amazon.com/images/M/MV5BMDc1NTEyNWQtODVlMi00N2FkLWIyMzEtYTcwNGNiNjk4YzYzXkEyXkFqcGc@._V1_SX300.jpg
TLVCT,10/12/2024,21:30,Disco Afrika: une histoire malgache,2023,https://www.cinema.co.il/en/event/%d7%93%d7%99%d7%a1%d7%a7%d7%95-%d7%90%d7%a4%d7%a8%d7%99%d7%a7%d7%94-%d7%a1%d7%95%d7%9c%d7%99%d7%93%d7%a8%d7%99%d7%95%d7%aa-2024/,https://m.media-amazon.com/images/M/MV5BYWM0Mjg2N2ItNWJmZS00M2Q4LTg0ODQtYzU1NTYzMzVjZWYyXkEyXkFqcGc@._V1_SX300.jpg
HFCT,11/12/2024,18:00,Marcello Mio,2024,https://www.haifacin.co.il/Event/14444/,https://m.media-amazon.com/images/M/MV5BNzE4MDU5NGYtNWUwNy00NDY2LWE5ZDQtOGEwYzMwYjUzYjUzXkEyXkFqcGc@._V1_SX300.jpg
HFCT,11/12/2024,20:15,And the Party Goes On,2023,https://www.haifacin.co.il/Event/14438/,https://m.media-amazon.com/images/M/MV5BNjg3NDgzYTktOGU2Ny00NWUyLTllMTgtNzg0MGM4MjRkMWRiXkEyXkFqcGc@._V1_SX300.jpg
HRZCT,11/12/2024,17:00,Moana 2,2024,https://www.hcinema.org.il/event/%d7%9e%d7%95%d7%90%d7%a0%d7%94-2-moana-2-%d7%93%d7%99%d7%91%d7%95%d7%91-%d7%a2%d7%99%d7%91%d7%a8%d7%99/2024-12-11/,https://m.media-amazon.com/images/M/MV5BZDUxNThhYTUtYjgxNy00MGQ4LTgzOTEtZjg1YTU5NTcwNThlXkEyXkFqcGc@._V1_SX300.jpg
HRZCT,11/12/2024,18:00,Moana 2,2024,https://www.hcinema.org.il/event/%d7%9e%d7%95%d7%90%d7%a0%d7%94-2-moana-2-%d7%90%d7%a0%d7%92%d7%9c%d7%99%d7%aa/2024-12-11/,https://m.media-amazon.com/images/M/MV5BZDUxNThhYTUtYjgxNy00MGQ4LTgzOTEtZjg1YTU5NTcwNThlXkEyXkFqcGc@._V1_SX300.jpg
HRZCT,11/12/2024,20:15,Eid Mubarak,2023,https://www.hcinema.org.il/event/%d7%a2%d7%99%d7%93-eid-2/2024-12-11/,https://m.media-amazon.com/images/M/MV5BZjRiY2IyMjgtZDZiYi00YTA0LTk4NmMtMzBkMzk5NDIxNzdjXkEyXkFqcGdeQXVyMTAxNjIwMjYz._V1_SX300.jpg
HRZCT,11/12/2024,20:30,My Little Loves,1974,https://www.hcinema.org.il/event/%d7%90%d7%94%d7%95%d7%91%d7%95%d7%aa%d7%99%d7%99-%d7%94%d7%a7%d7%98%d7%a0%d7%95%d7%aa-my-little-loves-%d7%94%d7%a8%d7%a6%d7%90%d7%94-%d7%9e%d7%a4%d7%99-%d7%93%d7%a8-%d7%90%d7%a8%d7%99%d7%90/,https://m.media-amazon.com/images/M/MV5BYzZlYmUyYTAtMzZjNS00MGQ5LWJiMDYtNzAyNmFiODFiMTc4XkEyXkFqcGc@._V1_SX300.jpg
JAFC,11/12/2024,18:00,Pretty Woman,1990,https://www.jaffacinema.com/calendar/5479/,https://m.media-amazon.com/images/M/MV5BNjk2ODQzNDYxNV5BMl5BanBnXkFtZTgwMTcyNDg4NjE@._V1_SX300.jpg
JAFC,11/12/2024,20:30,Taboo: Amos Guttman,2024,https://www.jaffacinema.com/calendar/5480/,https://m.media-amazon.com/images/M/MV5BMmY0MzdjMjgtYzE3ZC00MTk0LTg1YzMtNTc4ODc1NjJiY2ZiXkEyXkFqcGc@._V1_SX300.jpg
JAFC,11/12/2024,21:30,"Come, Closer",2010,https://www.jaffacinema.com/calendar/5481/,https://m.media-amazon.com/images/M/MV5BOTllMTJhMjEtNzZjMS00MzhjLThmMjgtMGIwMTcwODA0MDZjXkEyXkFqcGdeQXVyNDE2NjE1Njc@._V1_SX300.jpg
TLVCT,11/12/2024,14:20,Ex-Husbands,2023,https://www.cinema.co.il/en/event/%d7%94%d7%91%d7%a2%d7%9c%d7%99%d7%9d-%d7%9c%d7%a9%d7%a2%d7%91%d7%a8-%d7%91%d7%9e%d7%a1%d7%a2-%d7%94%d7%a7%d7%a1%d7%9d-%d7%94%d7%a7%d7%95%d7%9c%d7%a0%d7%95%d7%a2%d7%99/,https://m.media-amazon.com/images/M/MV5BYjBiODE3YTctNmZmYy00ZWQ1LWI4ZjYtMTEyYjliZWQ0ZGFkXkEyXkFqcGc@._V1_SX300.jpg
TLVCT,11/12/2024,16:00,The Other Way Around,2024,https://www.cinema.co.il/en/event/%d7%9e%d7%a1%d7%99%d7%91%d7%aa-%d7%a4%d7%a8%d7%99%d7%93%d7%94/,https://m.media-amazon.com/images/M/MV5BNTVkNDU5NzUtMTUzZS00MTgzLWJjZTgtNjM1YmI2ODFlMDYzXkEyXkFqcGc@._V1_SX300.jpg
TLVCT,11/12/2024,16:30,Io Capitano,2023,https://www.cinema.co.il/en/event/%d7%a7%d7%a4%d7%99%d7%98%d7%90%d7%a0%d7%95/,https://m.media-amazon.com/images/M/MV5BZGI1OTg3MGMtZTFhMy00ZjFkLTk5YmEtY2MzMDIzNTA3MzdiXkEyXkFqcGc@._V1_SX300.jpg
TLVCT,11/12/2024,18:00,Amadeus,1984,https://www.cinema.co.il/en/event/%d7%90%d7%9e%d7%93%d7%90%d7%95%d7%a1-40-%d7%a9%d7%a0%d7%94-%d7%9c%d7%a1%d7%a8%d7%98/,https://m.media-amazon.com/images/M/MV5BMzc2MjM0NTMtOGY4NC00NzY1LWE2ODUtZjMzY2RhNGNkZDAyXkEyXkFqcGc@._V1_SX300.jpg
TLVCT,11/12/2024,18:30,Here,2024,https://www.cinema.co.il/en/event/%d7%9b%d7%90%d7%9f-%d7%95%d7%9c%d7%aa%d7%9e%d7%99%d7%93/,https://m.media-amazon.com/images/M/MV5BYWQ5ZDQ5YWQtMThiMS00MGM4LTk2NjktYTllYzg2NTRiNTMxXkEyXkFqcGc@._V1_SX300.jpg
TLVCT,11/12/2024,19:00,The Vanishing Soldier,2023,https://www.cinema.co.il/en/event/%d7%94%d7%97%d7%99%d7%99%d7%9c-%d7%94%d7%a0%d7%a2%d7%9c%d7%9d-%d7%94%d7%a7%d7%a8%d7%a0%d7%95%d7%aa-%d7%a7%d7%91%d7%95%d7%a2%d7%95%d7%aa/,https://m.media-amazon.com/images/M/MV5BN2YyOTVhMjUtZTM0ZC00MDY3LTgyYzEtMGQxMmQwZmQzZTJkXkEyXkFqcGc@._V1_SX300.jpg
TLVCT,11/12/2024,20:30,Romeo is Juliet,2024,https://www.cinema.co.il/en/event/%d7%a8%d7%95%d7%9e%d7%99%d7%90%d7%95-%d7%94%d7%95%d7%90-%d7%92%d7%95%d7%9c%d7%99%d7%99%d7%98%d7%94/,
TLVCT,11/12/2024,21:00,Eid Mubarak,2023,https://www.cinema.co.il/en/event/%d7%a2%d7%99%d7%93-%d7%94%d7%a7%d7%a8%d7%a0%d7%95%d7%aa-%d7%a7%d7%91%d7%95%d7%a2%d7%95%d7%aa/,https://m.media-amazon.com/images/M/MV5BZjRiY2IyMjgtZDZiYi00YTA0LTk4NmMtMzBkMzk5NDIxNzdjXkEyXkFqcGdeQXVyMTAxNjIwMjYz._V1_SX300.jpg
TLVCT,11/12/2024,21:15,Here,2024,https://www.cinema.co.il/en/event/%d7%9b%d7%90%d7%9f-%d7%95%d7%9c%d7%aa%d7%9e%d7%99%d7%93/,https://m.media-amazon.com/images/M/MV5BYWQ5ZDQ5YWQtMThiMS00MGM4LTk2NjktYTllYzg2NTRiNTMxXkEyXkFqcGc@._V1_SX300.jpg
HRZCT,12/12/2024,17:00,Wicked,2024,https://www.hcinema.org.il/event/%d7%9e%d7%a8%d7%a9%d7%a2%d7%aa-wicked-%d7%93%d7%99%d7%91%d7%95%d7%91-%d7%a2%d7%99%d7%91%d7%a8%d7%99/2024-12-12/,https://m.media-amazon.com/images/M/MV5BOWMwYjYzYmMtMWQ2Ni00NWUwLTg2MzAtYzkzMDBiZDIwOTMwXkEyXkFqcGc@._V1_SX300.jpg
HRZCT,12/12/2024,17:30,Moana 2,2024,https://www.hcinema.org.il/event/%d7%9e%d7%95%d7%90%d7%a0%d7%94-2-moana-2-%d7%93%d7%99%d7%91%d7%95%d7%91-%d7%a2%d7%99%d7%91%d7%a8%d7%99/2024-12-12/,https://m.media-amazon.com/images/M/MV5BZDUxNThhYTUtYjgxNy00MGQ4LTgzOTEtZjg1YTU5NTcwNThlXkEyXkFqcGc@._V1_SX300.jpg
HRZCT,12/12/2024,18:00,And the Party Goes On,2023,https://www.hcinema.org.il/event/%d7%95%d7%94%d7%97%d7%92%d7%99%d7%92%d7%94-%d7%a0%d7%9e%d7%a9%d7%9b%d7%aa-and-the-party-goes-on/2024-12-12/,https://m.media-amazon.com/images/M/MV5BNjg3NDgzYTktOGU2Ny00NWUyLTllMTgtNzg0MGM4MjRkMWRiXkEyXkFqcGc@._V1_SX300.jpg
HRZCT,12/12/2024,20:00,Wicked,2024,https://www.hcinema.org.il/event/%d7%9e%d7%a8%d7%a9%d7%a2%d7%aa-wicked-%d7%90%d7%a0%d7%92%d7%9c%d7%99%d7%aa/2024-12-12/,https://m.media-amazon.com/images/M/MV5BOWMwYjYzYmMtMWQ2Ni00NWUwLTg2MzAtYzkzMDBiZDIwOTMwXkEyXkFqcGc@._V1_SX300.jpg
HRZCT,12/12/2024,20:15,The Lord of the Rings: The War of the Rohirrim,2024,https://www.hcinema.org.il/event/%d7%a9%d7%a8-%d7%94%d7%98%d7%91%d7%a2%d7%95%d7%aa-%d7%9e%d7%9c%d7%97%d7%9e%d7%aa-%d7%94%d7%a8%d7%95%d7%94%d7%99%d7%a8%d7%99%d7%9d-the-lord-of-the-rings-the-war-of-the-rohirrim-%d7%90%d7%a0%d7%92/2024-12-12/,https://m.media-amazon.com/images/M/MV5BMmU1YzZkMjAtYjNjOC00ZDFhLWE3Y2QtZTM2ZTdkZWM1OGM3XkEyXkFqcGc@._V1_SX300.jpg
HRZCT,12/12/2024,20:30,Romeo è Giulietta,2024,https://www.hcinema.org.il/event/%d7%a8%d7%95%d7%9e%d7%99%d7%90%d7%95-%d7%94%d7%95%d7%90-%d7%92%d7%95%d7%9c%d7%99%d7%99%d7%98%d7%94-romeo-e-giulietta/,https://m.media-amazon.com/images/M/MV5BMWIyZmM3NTQtMDgzZS00NzNjLWJmMGUtMzgzNTZjNGI0YjQzXkEyXkFqcGc@._V1_SX300.jpg
JAFC,12/12/2024,18:00,Perfect Days,2023,https://www.jaffacinema.com/calendar/5482/,https://m.media-amazon.com/images/M/MV5BNGVmODFkM2MtOTEzMy00MjFjLThjZmYtODMxZmI1MzcyNDkyXkEyXkFqcGc@._V1_SX300.jpg
JAFC,12/12/2024,19:00,"Come, Closer",2010,https://www.jaffacinema.com/calendar/5481/,https://m.media-amazon.com/images/M/MV5BOTllMTJhMjEtNzZjMS00MzhjLThmMjgtMGIwMTcwODA0MDZjXkEyXkFqcGdeQXVyNDE2NjE1Njc@._V1_SX300.jpg
JAFC,12/12/2024,20:30,Get the Land Back,2024,https://www.jaffacinema.com/calendar/5484/,https://m.media-amazon.com/images/M/MV5BYTUzNmI4ODUtNTY3Yi00Njk4LWFiMmMtNGRmZDhhMDcyYmJkXkEyXkFqcGdeQXVyMjMyMzI4MzY@._V1_SX300.jpg
TLVCT,12/12/2024,16:00,And the Party Goes On,2023,https://www.cinema.co.il/en/event/%d7%95%d7%94%d7%97%d7%92%d7%99%d7%92%d7%94-%d7%a0%d7%9e%d7%a9%d7%9b%d7%aa/,https://m.media-amazon.com/images/M/MV5BNjg3NDgzYTktOGU2Ny00NWUyLTllMTgtNzg0MGM4MjRkMWRiXkEyXkFqcGc@._V1_SX300.jpg
TLVCT,12/12/2024,16:15,Io Capitano,2023,https://www.cinema.co.il/en/event/%d7%a7%d7%a4%d7%99%d7%98%d7%90%d7%a0%d7%95/,https://m.media-amazon.com/images/M/MV5BZGI1OTg3MGMtZTFhMy00ZjFkLTk5YmEtY2MzMDIzNTA3MzdiXkEyXkFqcGc@._V1_SX300.jpg
TLVCT,12/12/2024,17:00,3000 Years of Jewish Presence in Egypt,2024,https://www.cinema.co.il/en/event/3000-%d7%a9%d7%a0%d7%94-%d7%a9%d7%9c-%d7%a0%d7%95%d7%9b%d7%97%d7%95%d7%aa-%d7%99%d7%94%d7%95%d7%93%d7%99%d7%aa-%d7%aa%d7%95%d7%a1%d7%a1%d7%aa-%d7%91%d7%9e%d7%a6%d7%a8%d7%99%d7%9d/,
TLVCT,12/12/2024,18:00,Cocorico,2024,https://www.cinema.co.il/en/event/%d7%91%d7%9e%d7%a9%d7%a4%d7%97%d7%95%d7%aa-%d7%94%d7%9b%d7%99-%d7%98%d7%95%d7%91%d7%95%d7%aa/,https://m.media-amazon.com/images/M/MV5BMDQ4ODhkMGQtMDdhYS00YmU4LWI3NjItMzhhYzg0M2EwNTdmXkEyXkFqcGc@._V1_SX300.jpg
TLVCT,12/12/2024,18:15,Here,2024,https://www.cinema.co.il/en/event/%d7%9b%d7%90%d7%9f-%d7%95%d7%9c%d7%aa%d7%9e%d7%99%d7%93/,https://m.media-amazon.com/images/M/MV5BYWQ5ZDQ5YWQtMThiMS00MGM4LTk2NjktYTllYzg2NTRiNTMxXkEyXkFqcGc@._V1_SX300.jpg
TLVCT,12/12/2024,18:45,And the Party Goes On,2023,https://www.cinema.co.il/en/event/%d7%95%d7%94%d7%97%d7%92%d7%99%d7%92%d7%94-%d7%a0%d7%9e%d7%a9%d7%9b%d7%aa/,https://m.media-amazon.com/images/M/MV5BNjg3NDgzYTktOGU2Ny00NWUyLTllMTgtNzg0MGM4MjRkMWRiXkEyXkFqcGc@._V1_SX300.jpg
TLVCT,12/12/2024,19:00,Tokyo Godfathers,2003,https://www.cinema.co.il/en/event/%d7%a1%d7%99%d7%a0%d7%9e%d7%98%d7%95%d7%a7%d7%99%d7%95-%d7%a1%d7%a0%d7%93%d7%a7%d7%99-%d7%98%d7%95%d7%a7%d7%99%d7%95/,https://m.media-amazon.com/images/M/MV5BNmEzNDcwYzQtMzM0Zi00YWYxLTkzOWEtY2Y0ZTJiNDVjM2NkXkEyXkFqcGc@._V1_SX300.jpg
TLVCT,12/12/2024,20:30,A Dirty Story,1977,https://www.cinema.co.il/en/event/%d7%a1%d7%99%d7%a4%d7%95%d7%a8-%d7%9e%d7%9c%d7%95%d7%9b%d7%9c%d7%9a/,https://m.media-amazon.com/images/M/MV5BOWU5OTUxODctOWE3YS00OWU3LTgwNGItY2FjYzczOWYxY2YxXkEyXkFqcGdeQXVyMTY1NDQyNTMx._V1_SX300.jpg
TLVCT,12/12/2024,21:45,The Belle from Gaza,2024,https://www.cinema.co.il/en/event/%d7%94%d7%99%d7%a4%d7%94%d7%a4%d7%99%d7%99%d7%94-%d7%9e%d7%a2%d7%96%d7%94-%d7%94%d7%a7%d7%a8%d7%a0%d7%95%d7%aa-%d7%a7%d7%91%d7%95%d7%a2%d7%95%d7%aa/,https://m.media-amazon.com/images/M/MV5BNjI2YmEyZTYtOWMyNC00YWNmLWI5MTktZTNlNmM5YWYyYzE1XkEyXkFqcGdeQXVyODIyOTEyMzY@._V1_SX300.jpg
HFCT,13/12/2024,16:00,The Kindness Within: A Journey to Freedom,2024,https://www.haifacin.co.il/Event/14447/,https://m.media-amazon.com/images/M/MV5BN2IwMjRmODUtM2Y3ZC00YzZkLTg3YTYtNzBmNzkwMzg1ZWM1XkEyXkFqcGdeQXVyOTc3OTg1NTI@._V1_SX300.jpg
HFCT,13/12/2024,18:00,Neither Day nor Night,2024,https://www.haifacin.co.il/Event/14448/,https://m.media-amazon.com/images/M/MV5BZDI2N2MyNTItZjljYi00YTVmLWJhYzYtYzhmNjA3YTlkYzk1XkEyXkFqcGc@._V1_SX300.jpg
HRZCT,13/12/2024,13:30,Moana 2,2024,https://www.hcinema.org.il/event/%d7%9e%d7%95%d7%90%d7%a0%d7%94-2-moana-2-%d7%93%d7%99%d7%91%d7%95%d7%91-%d7%a2%d7%99%d7%91%d7%a8%d7%99/2024-12-13/1/,https://m.media-amazon.com/images/M/MV5BZDUxNThhYTUtYjgxNy00MGQ4LTgzOTEtZjg1YTU5NTcwNThlXkEyXkFqcGc@._V1_SX300.jpg
HRZCT,13/12/2024,14:00,The Lord of the Rings: The War of the Rohirrim,2024,https://www.hcinema.org.il/event/%d7%a9%d7%a8-%d7%94%d7%98%d7%91%d7%a2%d7%95%d7%aa-%d7%9e%d7%9c%d7%97%d7%9e%d7%aa-%d7%94%d7%a8%d7%95%d7%94%d7%99%d7%a8%d7%99%d7%9d-the-lord-of-the-rings-the-war-of-the-rohirrim-%d7%90%d7%a0%d7%92/2024-12-13/1/,https://m.media-amazon.com/images/M/MV5BMmU1YzZkMjAtYjNjOC00ZDFhLWE3Y2QtZTM2ZTdkZWM1OGM3XkEyXkFqcGc@._V1_SX300.jpg
HRZCT,13/12/2024,16:00,Moana 2,2024,https://www.hcinema.org.il/event/%d7%9e%d7%95%d7%90%d7%a0%d7%94-2-moana-2-%d7%93%d7%99%d7%91%d7%95%d7%91-%d7%a2%d7%99%d7%91%d7%a8%d7%99/2024-12-13/2/,https://m.media-amazon.com/images/M/MV5BZDUxNThhYTUtYjgxNy00MGQ4LTgzOTEtZjg1YTU5NTcwNThlXkEyXkFqcGc@._V1_SX300.jpg
HRZCT,13/12/2024,17:00,Wicked,2024,https://www.hcinema.org.il/event/%d7%9e%d7%a8%d7%a9%d7%a2%d7%aa-wicked-%d7%93%d7%99%d7%91%d7%95%d7%91-%d7%a2%d7%99%d7%91%d7%a8%d7%99/2024-12-13/,https://m.media-amazon.com/images/M/MV5BOWMwYjYzYmMtMWQ2Ni00NWUwLTg2MzAtYzkzMDBiZDIwOTMwXkEyXkFqcGc@._V1_SX300.jpg
HRZCT,13/12/2024,17:30,And the Party Goes On,2023,https://www.hcinema.org.il/event/%d7%95%d7%94%d7%97%d7%92%d7%99%d7%92%d7%94-%d7%a0%d7%9e%d7%a9%d7%9b%d7%aa-and-the-party-goes-on/2024-12-13/,https://m.media-amazon.com/images/M/MV5BNjg3NDgzYTktOGU2Ny00NWUyLTllMTgtNzg0MGM4MjRkMWRiXkEyXkFqcGc@._V1_SX300.jpg
HRZCT,13/12/2024,18:30,The Lord of the Rings: The War of the Rohirrim,2024,https://www.hcinema.org.il/event/%d7%a9%d7%a8-%d7%94%d7%98%d7%91%d7%a2%d7%95%d7%aa-%d7%9e%d7%9c%d7%97%d7%9e%d7%aa-%d7%94%d7%a8%d7%95%d7%94%d7%99%d7%a8%d7%99%d7%9d-the-lord-of-the-rings-the-war-of-the-rohirrim-%d7%90%d7%a0%d7%92/2024-12-13/2/,https://m.media-amazon.com/images/M/MV5BMmU1YzZkMjAtYjNjOC00ZDFhLWE3Y2QtZTM2ZTdkZWM1OGM3XkEyXkFqcGc@._V1_SX300.jpg
HRZCT,13/12/2024,20:15,The Lord of the Rings: The War of the Rohirrim,2024,https://www.hcinema.org.il/event/%d7%a9%d7%a8-%d7%94%d7%98%d7%91%d7%a2%d7%95%d7%aa-%d7%9e%d7%9c%d7%97%d7%9e%d7%aa-%d7%94%d7%a8%d7%95%d7%94%d7%99%d7%a8%d7%99%d7%9d-the-lord-of-the-rings-the-war-of-the-rohirrim-%d7%90%d7%a0%d7%92/2024-12-13/3/,https://m.media-amazon.com/images/M/MV5BMmU1YzZkMjAtYjNjOC00ZDFhLWE3Y2QtZTM2ZTdkZWM1OGM3XkEyXkFqcGc@._V1_SX300.jpg
HRZCT,13/12/2024,20:30,The Other Way Around,2024,https://www.hcinema.org.il/event/%d7%9e%d7%a1%d7%99%d7%91%d7%aa-%d7%a4%d7%a8%d7%99%d7%93%d7%94-the-other-way-around/2024-12-13/,https://m.media-amazon.com/images/M/MV5BNTVkNDU5NzUtMTUzZS00MTgzLWJjZTgtNjM1YmI2ODFlMDYzXkEyXkFqcGc@._V1_SX300.jpg
HRZCT,13/12/2024,21:00,High Stakes,1989,https://www.hcinema.org.il/event/%d7%97%d7%99%d7%99%d7%9d-%d7%90%d7%95-%d7%9e%d7%95%d7%95%d7%aa-high-stakes-a-night-in-the-ward/,https://m.media-amazon.com/images/M/MV5BODY5YjU4ODEtOGJiYS00NGE5LThhYjUtOTYzMjY0OGE4YzBmXkEyXkFqcGdeQXVyMzY0MTE3NzU@._V1_SX300.jpg
TLVCT,13/12/2024,11:00,ADA - My Mother the Architect,2024,https://www.cinema.co.il/en/event/%d7%a2%d7%93%d7%94-%d7%90%d7%9e%d7%99-%d7%94%d7%90%d7%93%d7%a8%d7%99%d7%9b%d7%9c%d7%99%d7%aa/,
TLVCT,13/12/2024,11:30,Io Capitano,2023,https://www.cinema.co.il/en/event/%d7%a7%d7%a4%d7%99%d7%98%d7%90%d7%a0%d7%95/,https://m.media-amazon.com/images/M/MV5BZGI1OTg3MGMtZTFhMy00ZjFkLTk5YmEtY2MzMDIzNTA3MzdiXkEyXkFqcGc@._V1_SX300.jpg
TLVCT,13/12/2024,13:00,The Little Mermaid,2023,https://www.cinema.co.il/en/event/%d7%91%d7%aa-%d7%94%d7%99%d7%9d-%d7%94%d7%a7%d7%98%d7%a0%d7%94-%d7%9e%d7%93%d7%95%d7%91%d7%91-i-%d7%a2%d7%9c-%d7%a4%d7%95%d7%a4%d7%99%d7%9d/,https://m.media-amazon.com/images/M/MV5BMTM4MWY0OTEtY2E4ZC00NDdhLThkY2ItYTlmNWQxNTNkZTRmXkEyXkFqcGc@._V1_SX300.jpg
TLVCT,13/12/2024,13:30,Kagemusha: The Shadow Warrior,1980,https://www.cinema.co.il/en/event/%d7%a7%d7%92%d7%9e%d7%95%d7%a9%d7%94/,https://m.media-amazon.com/images/M/MV5BYTZmMDQwZjQtY2Y0Yy00ZWVlLWFlY2QtNmVjZTRlMTFjMzc3XkEyXkFqcGc@._V1_SX300.jpg
TLVCT,13/12/2024,14:00,Everybody's Fine,2009,https://www.cinema.co.il/en/event/%d7%9b%d7%95%d7%9c%d7%9d-%d7%91%d7%a1%d7%93%d7%a8/,https://m.media-amazon.com/images/M/MV5BMTM1NzEwNzA5MV5BMl5BanBnXkFtZTcwNTE0NjAyMw@@._V1_SX300.jpg
TLVCT,13/12/2024,15:00,Here,2024,https://www.cinema.co.il/en/event/%d7%9b%d7%90%d7%9f-%d7%95%d7%9c%d7%aa%d7%9e%d7%99%d7%93/,https://m.media-amazon.com/images/M/MV5BYWQ5ZDQ5YWQtMThiMS00MGM4LTk2NjktYTllYzg2NTRiNTMxXkEyXkFqcGc@._V1_SX300.jpg
TLVCT,13/12/2024,21:30,American Splendor,2003,https://www.cinema.co.il/en/event/%d7%a1%d7%a4%d7%9c%d7%a0%d7%93%d7%95%d7%a8/,https://m.media-amazon.com/images/M/MV5BMjA0MjYxNjY1MV5BMl5BanBnXkFtZTcwNDkwMjAwMQ@@._V1_SX300.jpg
TLVCT,13/12/2024,21:45,Cocorico,2024,https://www.cinema.co.il/en/event/%d7%91%d7%9e%d7%a9%d7%a4%d7%97%d7%95%d7%aa-%d7%94%d7%9b%d7%99-%d7%98%d7%95%d7%91%d7%95%d7%aa/,https://m.media-amazon.com/images/M/MV5BMDQ4ODhkMGQtMDdhYS00YmU4LWI3NjItMzhhYzg0M2EwNTdmXkEyXkFqcGc@._V1_SX300.jpg
TLVCT,13/12/2024,22:00,Operation Wakaliga: Fate and Blood,2024,https://www.cinema.co.il/en/event/%d7%90%d7%a4%d7%98%d7%a8-%d7%a9%d7%99%d7%a9%d7%99-%d7%9e%d7%91%d7%a6%d7%a2-%d7%95%d7%95%d7%a7%d7%90%d7%9c%d7%99%d7%92%d7%94-%d7%92%d7%95%d7%a8%d7%9c-%d7%95%d7%93%d7%9d-%d7%9e/,https://m.media-amazon.com/images/M/MV5BNjEyNzA4MDMtYWQ2NS00M2JjLWJkZTUtYTdmYTEwOGVhNTdkXkEyXkFqcGc@._V1_SX300.jpg
HFCT,14/12/2024,11:00,Holy Cow,2024,https://www.haifacin.co.il/Event/14449/,https://m.media-amazon.com/images/M/MV5BMjZiNWQ4MDEtMWQ2Zi00OGMzLTlhMWMtYjUxODU5YWE5NzczXkEyXkFqcGc@._V1_SX300.jpg
HFCT,14/12/2024,16:15,Renoir: Revered and Reviled,2016,https://www.haifacin.co.il/Event/14451/,https://m.media-amazon.com/images/M/MV5BZWMyYmIxYzAtNDYwNy00OWRiLTg3MzYtZDAyNzdiNjgzNDVjXkEyXkFqcGdeQXVyMjI3MzUzNTg@._V1_SX300.jpg
HFCT,14/12/2024,18:00,Romeo è Giulietta,2024,https://www.haifacin.co.il/Event/14452/,https://m.media-amazon.com/images/M/MV5BMWIyZmM3NTQtMDgzZS00NzNjLWJmMGUtMzgzNTZjNGI0YjQzXkEyXkFqcGc@._V1_SX300.jpg
HRZCT,14/12/2024,11:00,Moana 2,2024,https://www.hcinema.org.il/event/%d7%9e%d7%95%d7%90%d7%a0%d7%94-2-moana-2-%d7%93%d7%99%d7%91%d7%95%d7%91-%d7%a2%d7%99%d7%91%d7%a8%d7%99/2024-12-14/,https://m.media-amazon.com/images/M/MV5BZDUxNThhYTUtYjgxNy00MGQ4LTgzOTEtZjg1YTU5NTcwNThlXkEyXkFqcGc@._V1_SX300.jpg
HRZCT,14/12/2024,11:15,Wicked,2024,https://www.hcinema.org.il/event/%d7%9e%d7%a8%d7%a9%d7%a2%d7%aa-wicked-%d7%93%d7%99%d7%91%d7%95%d7%91-%d7%a2%d7%99%d7%91%d7%a8%d7%99/2024-12-14/,https://m.media-amazon.com/images/M/MV5BOWMwYjYzYmMtMWQ2Ni00NWUwLTg2MzAtYzkzMDBiZDIwOTMwXkEyXkFqcGc@._V1_SX300.jpg
HRZCT,14/12/2024,14:00,The Lord of the Rings: The War of the Rohirrim,2024,https://www.hcinema.org.il/event/%d7%a9%d7%a8-%d7%94%d7%98%d7%91%d7%a2%d7%95%d7%aa-%d7%9e%d7%9c%d7%97%d7%9e%d7%aa-%d7%94%d7%a8%d7%95%d7%94%d7%99%d7%a8%d7%99%d7%9d-the-lord-of-the-rings-the-war-of-the-rohirrim-%d7%90%d7%a0%d7%92/2024-12-14/1/,https://m.media-amazon.com/images/M/MV5BMmU1YzZkMjAtYjNjOC00ZDFhLWE3Y2QtZTM2ZTdkZWM1OGM3XkEyXkFqcGc@._V1_SX300.jpg
HRZCT,14/12/2024,14:30,Here,2024,https://www.hcinema.org.il/event/%d7%9b%d7%90%d7%9f-%d7%95%d7%9c%d7%aa%d7%9e%d7%99%d7%93-here/2024-12-14/,https://m.media-amazon.com/images/M/MV5BYWQ5ZDQ5YWQtMThiMS00MGM4LTk2NjktYTllYzg2NTRiNTMxXkEyXkFqcGc@._V1_SX300.jpg
HRZCT,14/12/2024,14:45,And the Party Goes On,2023,https://www.hcinema.org.il/event/%d7%95%d7%94%d7%97%d7%92%d7%99%d7%92%d7%94-%d7%a0%d7%9e%d7%a9%d7%9b%d7%aa-and-the-party-goes-on/2024-12-14/,https://m.media-amazon.com/images/M/MV5BNjg3NDgzYTktOGU2Ny00NWUyLTllMTgtNzg0MGM4MjRkMWRiXkEyXkFqcGc@._V1_SX300.jpg
HRZCT,14/12/2024,17:30,The Vanishing Soldier,2023,https://www.hcinema.org.il/event/%d7%94%d7%97%d7%99%d7%99%d7%9c-%d7%94%d7%a0%d7%a2%d7%9c%d7%9d-the-vanishing-soldier-2/2024-12-14/,https://m.media-amazon.com/images/M/MV5BN2YyOTVhMjUtZTM0ZC00MDY3LTgyYzEtMGQxMmQwZmQzZTJkXkEyXkFqcGc@._V1_SX300.jpg
HRZCT,14/12/2024,17:45,Moana 2,2024,https://www.hcinema.org.il/event/%d7%9e%d7%95%d7%90%d7%a0%d7%94-2-moana-2-%d7%90%d7%a0%d7%92%d7%9c%d7%99%d7%aa/2024-12-14/,https://m.media-amazon.com/images/M/MV5BZDUxNThhYTUtYjgxNy00MGQ4LTgzOTEtZjg1YTU5NTcwNThlXkEyXkFqcGc@._V1_SX300.jpg
HRZCT,14/12/2024,20:00,Wicked,2024,https://www.hcinema.org.il/event/%d7%9e%d7%a8%d7%a9%d7%a2%d7%aa-wicked-%d7%90%d7%a0%d7%92%d7%9c%d7%99%d7%aa/2024-12-14/,https://m.media-amazon.com/images/M/MV5BOWMwYjYzYmMtMWQ2Ni00NWUwLTg2MzAtYzkzMDBiZDIwOTMwXkEyXkFqcGc@._V1_SX300.jpg
HRZCT,14/12/2024,20:15,The Lord of the Rings: The War of the Rohirrim,2024,https://www.hcinema.org.il/event/%d7%a9%d7%a8-%d7%94%d7%98%d7%91%d7%a2%d7%95%d7%aa-%d7%9e%d7%9c%d7%97%d7%9e%d7%aa-%d7%94%d7%a8%d7%95%d7%94%d7%99%d7%a8%d7%99%d7%9d-the-lord-of-the-rings-the-war-of-the-rohirrim-%d7%90%d7%a0%d7%92/2024-12-14/2/,https://m.media-amazon.com/images/M/MV5BMmU1YzZkMjAtYjNjOC00ZDFhLWE3Y2QtZTM2ZTdkZWM1OGM3XkEyXkFqcGc@._V1_SX300.jpg
HRZCT,14/12/2024,20:30,And the Party Goes On,2023,https://www.hcinema.org.il/event/%d7%95%d7%94%d7%97%d7%92%d7%99%d7%92%d7%94-%d7%a0%d7%9e%d7%a9%d7%9b%d7%aa-and-the-party-goes-on-%d7%91%d7%aa%d7%90%d7%a8%d7%99%d7%9a-%d7%96%d7%94-%d7%91%d7%9c%d7%91%d7%93-%d7%9b%d7%a0%d7%99%d7%a1/,https://m.media-amazon.com/images/M/MV5BNjg3NDgzYTktOGU2Ny00NWUyLTllMTgtNzg0MGM4MjRkMWRiXkEyXkFqcGc@._V1_SX300.jpg
JAFC,14/12/2024,18:00,Perfect Days,2023,https://www.jaffacinema.com/calendar/5482/,https://m.media-amazon.com/images/M/MV5BNGVmODFkM2MtOTEzMy00MjFjLThjZmYtODMxZmI1MzcyNDkyXkEyXkFqcGc@._V1_SX300.jpg
JAFC,14/12/2024,19:00,"Come, Closer",2010,https://www.jaffacinema.com/calendar/5481/,https://m.media-amazon.com/images/M/MV5BOTllMTJhMjEtNzZjMS00MzhjLThmMjgtMGIwMTcwODA0MDZjXkEyXkFqcGdeQXVyNDE2NjE1Njc@._V1_SX300.jpg
JAFC,14/12/2024,20:30,The Big Lebowski,1998,https://www.jaffacinema.com/calendar/5488/,https://m.media-amazon.com/images/M/MV5BY2E3OWQ5OWYtYTRkMC00NjVjLWIzZDQtNmRmM2ZiYTIyYmYxXkEyXkFqcGc@._V1_SX300.jpg
JAFC,14/12/2024,21:30,Happiness for Beginners,2023,https://www.jaffacinema.com/calendar/5477/,https://m.media-amazon.com/images/M/MV5BYTEzYTFkMDctNzY0ZS00MGZhLTg3MGItZmY0ZTc0NTFiYjk3XkEyXkFqcGc@._V1_SX300.jpg
TLVCT,14/12/2024,10:30,Ozi: Voice of the Forest,2023,https://www.cinema.co.il/en/event/%d7%9c%d7%94%d7%a6%d7%99%d7%9c-%d7%90%d7%aa-%d7%94%d7%99%d7%a2%d7%a8-i-%d7%9e%d7%93%d7%95%d7%91%d7%91/,https://m.media-amazon.com/images/M/MV5BMzQ1N2Y2YmYtMzg5Ni00NzM4LTlmZjMtY2UxMzRkZTAxNmUxXkEyXkFqcGc@._V1_SX300.jpg
TLVCT,14/12/2024,10:45,And the Party Goes On,2023,https://www.cinema.co.il/en/event/%d7%95%d7%94%d7%97%d7%92%d7%99%d7%92%d7%94-%d7%a0%d7%9e%d7%a9%d7%9b%d7%aa/,https://m.media-amazon.com/images/M/MV5BNjg3NDgzYTktOGU2Ny00NWUyLTllMTgtNzg0MGM4MjRkMWRiXkEyXkFqcGc@._V1_SX300.jpg
TLVCT,14/12/2024,11:00,Mary Poppins Returns,2018,https://www.cinema.co.il/en/event/%d7%9e%d7%a8%d7%99-%d7%a4%d7%95%d7%a4%d7%99%d7%a0%d7%a1-%d7%97%d7%95%d7%96%d7%a8%d7%aa-i-%d7%9e%d7%93%d7%95%d7%91%d7%91-i-6/,https://m.media-amazon.com/images/M/MV5BMjQxNjE3NjYxN15BMl5BanBnXkFtZTgwMTk2NDQ3NjM@._V1_SX300.jpg
TLVCT,14/12/2024,12:30,Here,2024,https://www.cinema.co.il/en/event/%d7%9b%d7%90%d7%9f-%d7%95%d7%9c%d7%aa%d7%9e%d7%99%d7%93/,https://m.media-amazon.com/images/M/MV5BYWQ5ZDQ5YWQtMThiMS00MGM4LTk2NjktYTllYzg2NTRiNTMxXkEyXkFqcGc@._V1_SX300.jpg
TLVCT,14/12/2024,12:45,It Happened on our Ground,2024,https://www.cinema.co.il/en/event/%d7%94%d7%90%d7%97%d7%95-%d7%94%d7%a7%d7%98%d7%9f/,https://m.media-amazon.com/images/M/MV5BMTBhMzc0NDgtOTUwMC00NDBkLWJlYzEtZGQwOTdlNDMyOWU1XkEyXkFqcGc@._V1_SX300.jpg
TLVCT,14/12/2024,13:00,And the Party Goes On,2023,https://www.cinema.co.il/en/event/%d7%95%d7%94%d7%97%d7%92%d7%99%d7%92%d7%94-%d7%a0%d7%9e%d7%a9%d7%9b%d7%aa-%d7%94%d7%a8%d7%a6%d7%90%d7%94/,https://m.media-amazon.com/images/M/MV5BNjg3NDgzYTktOGU2Ny00NWUyLTllMTgtNzg0MGM4MjRkMWRiXkEyXkFqcGc@._V1_SX300.jpg
TLVCT,14/12/2024,13:45,Io Capitano,2023,https://www.cinema.co.il/en/event/%d7%a7%d7%a4%d7%99%d7%98%d7%90%d7%a0%d7%95/,https://m.media-amazon.com/images/M/MV5BZGI1OTg3MGMtZTFhMy00ZjFkLTk5YmEtY2MzMDIzNTA3MzdiXkEyXkFqcGc@._V1_SX300.jpg
TLVCT,14/12/2024,14:15,Maccheroni,1985,https://www.cinema.co.il/en/event/%d7%9e%d7%a7%d7%a8%d7%95%d7%a0%d7%99/,https://m.media-amazon.com/images/M/MV5BZjA3ODQwNTEtNWE2ZS00ZWQ3LWE0ZmItMzg3MDYwNDM4NWYxXkEyXkFqcGdeQXVyMzIzNDU1NTY@._V1_SX300.jpg
TLVCT,14/12/2024,14:45,Cocorico,2024,https://www.cinema.co.il/en/event/%d7%91%d7%9e%d7%a9%d7%a4%d7%97%d7%95%d7%aa-%d7%94%d7%9b%d7%99-%d7%98%d7%95%d7%91%d7%95%d7%aa/,https://m.media-amazon.com/images/M/MV5BMDQ4ODhkMGQtMDdhYS00YmU4LWI3NjItMzhhYzg0M2EwNTdmXkEyXkFqcGc@._V1_SX300.jpg
TLVCT,14/12/2024,15:15,Here,2024,https://www.cinema.co.il/en/event/%d7%9b%d7%90%d7%9f-%d7%95%d7%9c%d7%aa%d7%9e%d7%99%d7%93/,https://m.media-amazon.com/images/M/MV5BYWQ5ZDQ5YWQtMThiMS00MGM4LTk2NjktYTllYzg2NTRiNTMxXkEyXkFqcGc@._V1_SX300.jpg
TLVCT,14/12/2024,16:15,The Braid,2023,https://www.cinema.co.il/en/event/%d7%94%d7%a6%d7%9e%d7%94/,https://m.media-amazon.com/images/M/MV5BMTJkZTQ1ZWEtMzQ1Ni00MmU2LTgzZTctYmI4MDc4YWJhMWViXkEyXkFqcGc@._V1_SX300.jpg
TLVCT,14/12/2024,16:30,The Braid,2023,https://www.cinema.co.il/en/event/%d7%94%d7%a6%d7%9e%d7%94-%d7%94%d7%a8%d7%a6%d7%90%d7%94/,https://m.media-amazon.com/images/M/MV5BMTJkZTQ1ZWEtMzQ1Ni00MmU2LTgzZTctYmI4MDc4YWJhMWViXkEyXkFqcGc@._V1_SX300.jpg
TLVCT,14/12/2024,16:45,Cocorico,2024,https://www.cinema.co.il/en/event/%d7%91%d7%9e%d7%a9%d7%a4%d7%97%d7%95%d7%aa-%d7%94%d7%9b%d7%99-%d7%98%d7%95%d7%91%d7%95%d7%aa/,https://m.media-amazon.com/images/M/MV5BMDQ4ODhkMGQtMDdhYS00YmU4LWI3NjItMzhhYzg0M2EwNTdmXkEyXkFqcGc@._V1_SX300.jpg
TLVCT,14/12/2024,17:30,The Other Way Around,2024,https://www.cinema.co.il/en/event/%d7%9e%d7%a1%d7%99%d7%91%d7%aa-%d7%a4%d7%a8%d7%99%d7%93%d7%94/,https://m.media-amazon.com/images/M/MV5BNTVkNDU5NzUtMTUzZS00MTgzLWJjZTgtNjM1YmI2ODFlMDYzXkEyXkFqcGc@._V1_SX300.jpg
TLVCT,14/12/2024,18:45,And the Party Goes On,2023,https://www.cinema.co.il/en/event/%d7%95%d7%94%d7%97%d7%92%d7%99%d7%92%d7%94-%d7%a0%d7%9e%d7%a9%d7%9b%d7%aa/,https://m.media-amazon.com/images/M/MV5BNjg3NDgzYTktOGU2Ny00NWUyLTllMTgtNzg0MGM4MjRkMWRiXkEyXkFqcGc@._V1_SX300.jpg
TLVCT,14/12/2024,19:30,Amadeus,1984,https://www.cinema.co.il/en/event/%d7%90%d7%9e%d7%93%d7%90%d7%95%d7%a1-40-%d7%a9%d7%a0%d7%94-%d7%9c%d7%a1%d7%a8%d7%98/,https://m.media-amazon.com/images/M/MV5BMzc2MjM0NTMtOGY4NC00NzY1LWE2ODUtZjMzY2RhNGNkZDAyXkEyXkFqcGc@._V1_SX300.jpg
TLVCT,14/12/2024,19:45,Cocorico,2024,https://www.cinema.co.il/en/event/%d7%91%d7%9e%d7%a9%d7%a4%d7%97%d7%95%d7%aa-%d7%94%d7%9b%d7%99-%d7%98%d7%95%d7%91%d7%95%d7%aa/,https://m.media-amazon.com/images/M/MV5BMDQ4ODhkMGQtMDdhYS00YmU4LWI3NjItMzhhYzg0M2EwNTdmXkEyXkFqcGc@._V1_SX300.jpg
TLVCT,14/12/2024,20:00,Io Capitano,2023,https://www.cinema.co.il/en/event/%d7%a7%d7%a4%d7%99%d7%98%d7%90%d7%a0%d7%95/,https://m.media-amazon.com/images/M/MV5BZGI1OTg3MGMtZTFhMy00ZjFkLTk5YmEtY2MzMDIzNTA3MzdiXkEyXkFqcGc@._V1_SX300.jpg
TLVCT,14/12/2024,21:00,And the Party Goes On,2023,https://www.cinema.co.il/en/event/%d7%95%d7%94%d7%97%d7%92%d7%99%d7%92%d7%94-%d7%a0%d7%9e%d7%a9%d7%9b%d7%aa/,https://m.media-amazon.com/images/M/MV5BNjg3NDgzYTktOGU2Ny00NWUyLTllMTgtNzg0MGM4MjRkMWRiXkEyXkFqcGc@._V1_SX300.jpg
TLVCT,14/12/2024,21:45,The Belle from Gaza,2024,https://www.cinema.co.il/en/event/%d7%94%d7%99%d7%a4%d7%94%d7%a4%d7%99%d7%99%d7%94-%d7%9e%d7%a2%d7%96%d7%94-%d7%94%d7%a7%d7%a8%d7%a0%d7%95%d7%aa-%d7%a7%d7%91%d7%95%d7%a2%d7%95%d7%aa/,https://m.media-amazon.com/images/M/MV5BNjI2YmEyZTYtOWMyNC00YWNmLWI5MTktZTNlNmM5YWYyYzE1XkEyXkFqcGdeQXVyODIyOTEyMzY@._V1_SX300.jpg
HFCT,15/12/2024,20:15,Black Tea,2024,https://www.haifacin.co.il/Event/14453/,https://m.media-amazon.com/images/M/MV5BMjBhYjg3ZTgtODQxMi00M2I5LTljYWUtNDQxZmMxNGY2ZmU2XkEyXkFqcGc@._V1_SX300.jpg
HRZCT,15/12/2024,16:30,Moana 2,2024,https://www.hcinema.org.il/event/%d7%9e%d7%95%d7%90%d7%a0%d7%94-2-moana-2-%d7%93%d7%99%d7%91%d7%95%d7%91-%d7%a2%d7%99%d7%91%d7%a8%d7%99/2024-12-15/,https://m.media-amazon.com/images/M/MV5BZDUxNThhYTUtYjgxNy00MGQ4LTgzOTEtZjg1YTU5NTcwNThlXkEyXkFqcGc@._V1_SX300.jpg
JAFC,15/12/2024,18:00,The Lovers on the Bridge,1991,https://www.jaffacinema.com/calendar/5490/,https://m.media-amazon.com/images/M/MV5BNmYyZTUyNDctNmYwYi00OTIxLWIzMDQtNTRkZDE0MGI3MmVkXkEyXkFqcGc@._V1_SX300.jpg
JAFC,15/12/2024,20:30,The Discreet Charm of the Bourgeoisie,1972,https://www.jaffacinema.com/calendar/5491/,https://m.media-amazon.com/images/M/MV5BNmQ0MDA0YTEtZTY4Mi00N2Y5LTk0ZjktMTY2ZGQzNGVlYzViXkEyXkFqcGc@._V1_SX300.jpg
TLVCT,15/12/2024,11:00,The Teacher Who Promised the Sea,2023,https://www.cinema.co.il/en/event/%d7%94%d7%9e%d7%95%d7%a8%d7%94-%d7%a9%d7%94%d7%91%d7%98%d7%99%d7%97-%d7%90%d7%aa-%d7%94%d7%99%d7%9d-%d7%98%d7%a8%d7%95%d7%9d-%d7%91%d7%9b%d7%95%d7%a8%d7%94/,https://m.media-amazon.com/images/M/MV5BNTc1NzJiOGItMGQ2Ni00ZDMxLTkzYzYtMmU2ODUwMjEzODkzXkEyXkFqcGc@._V1_SX300.jpg
TLVCT,15/12/2024,16:30,Io Capitano,2023,https://www.cinema.co.il/en/event/%d7%a7%d7%a4%d7%99%d7%98%d7%90%d7%a0%d7%95/,https://m.media-amazon.com/images/M/MV5BZGI1OTg3MGMtZTFhMy00ZjFkLTk5YmEtY2MzMDIzNTA3MzdiXkEyXkFqcGc@._V1_SX300.jpg
TLVCT,15/12/2024,19:00,The Mother and the Whore,1973,https://www.cinema.co.il/en/event/%d7%94%d7%90%d7%9d-%d7%95%d7%94%d7%96%d7%95%d7%a0%d7%94-%d7%90%d7%95%d7%a1%d7%98%d7%90%d7%a9/,https://m.media-amazon.com/images/M/MV5BZTRkOGM3ZWMtOGVhYy00Y2M1LWI2NDktZmQxYTgzNDNlMWIzXkEyXkFqcGc@._V1_SX300.jpg
TLVCT,15/12/2024,21:00,Accidental Friends,2024,https://www.cinema.co.il/en/event/%d7%97%d7%91%d7%a8%d7%99%d7%9d-%d7%91%d7%98%d7%a2%d7%95%d7%aa/,
TLVCT,15/12/2024,21:15,And the Party Goes On,2023,https://www.cinema.co.il/en/event/%d7%95%d7%94%d7%97%d7%92%d7%99%d7%92%d7%94-%d7%a0%d7%9e%d7%a9%d7%9b%d7%aa/,https://m.media-amazon.com/images/M/MV5BNjg3NDgzYTktOGU2Ny00NWUyLTllMTgtNzg0MGM4MjRkMWRiXkEyXkFqcGc@._V1_SX300.jpg
TLVCT,15/12/2024,21:45,Here,2024,https://www.cinema.co.il/en/event/%d7%9b%d7%90%d7%9f-%d7%95%d7%9c%d7%aa%d7%9e%d7%99%d7%93/,https://m.media-amazon.com/images/M/MV5BYWQ5ZDQ5YWQtMThiMS00MGM4LTk2NjktYTllYzg2NTRiNTMxXkEyXkFqcGc@._V1_SX300.jpg
HFCT,16/12/2024,20:00,Holy Cow,2024,https://www.haifacin.co.il/Event/14455/,https://m.media-amazon.com/images/M/MV5BMjZiNWQ4MDEtMWQ2Zi00OGMzLTlhMWMtYjUxODU5YWE5NzczXkEyXkFqcGc@._V1_SX300.jpg
HRZCT,16/12/2024,17:00,Moana 2,2024,https://www.hcinema.org.il/event/%d7%9e%d7%95%d7%90%d7%a0%d7%94-2-moana-2-%d7%93%d7%99%d7%91%d7%95%d7%91-%d7%a2%d7%99%d7%91%d7%a8%d7%99/2024-12-16/,https://m.media-amazon.com/images/M/MV5BZDUxNThhYTUtYjgxNy00MGQ4LTgzOTEtZjg1YTU5NTcwNThlXkEyXkFqcGc@._V1_SX300.jpg
HRZCT,16/12/2024,17:30,The Braid,2023,https://www.hcinema.org.il/event/%d7%94%d7%a6%d7%9e%d7%94-the-braid/2024-12-16/,https://m.media-amazon.com/images/M/MV5BMTJkZTQ1ZWEtMzQ1Ni00MmU2LTgzZTctYmI4MDc4YWJhMWViXkEyXkFqcGc@._V1_SX300.jpg
HRZCT,16/12/2024,20:00,Here,2024,https://www.hcinema.org.il/event/%d7%9b%d7%90%d7%9f-%d7%95%d7%9c%d7%aa%d7%9e%d7%99%d7%93-here/2024-12-16/,https://m.media-amazon.com/images/M/MV5BYWQ5ZDQ5YWQtMThiMS00MGM4LTk2NjktYTllYzg2NTRiNTMxXkEyXkFqcGc@._V1_SX300.jpg
HRZCT,16/12/2024,20:30,The Lord of the Rings: The War of the Rohirrim,2024,https://www.hcinema.org.il/event/%d7%a9%d7%a8-%d7%94%d7%98%d7%91%d7%a2%d7%95%d7%aa-%d7%9e%d7%9c%d7%97%d7%9e%d7%aa-%d7%94%d7%a8%d7%95%d7%94%d7%99%d7%a8%d7%99%d7%9d-the-lord-of-the-rings-the-war-of-the-rohirrim-%d7%90%d7%a0%d7%92/2024-12-16/,https://m.media-amazon.com/images/M/MV5BMmU1YzZkMjAtYjNjOC00ZDFhLWE3Y2QtZTM2ZTdkZWM1OGM3XkEyXkFqcGc@._V1_SX300.jpg
JAFC,16/12/2024,18:00,Edward Scissorhands,1990,https://www.jaffacinema.com/calendar/5492/,https://m.media-amazon.com/images/M/MV5BODJhODczYjUtYzdkMy00Yjc4LTllNWMtZTQ3MDZlYWZjYWEzXkEyXkFqcGc@._V1_SX300.jpg
JAFC,16/12/2024,19:00,The Discreet Charm of the Bourgeoisie,1972,https://www.jaffacinema.com/calendar/5491/,https://m.media-amazon.com/images/M/MV5BNmQ0MDA0YTEtZTY4Mi00N2Y5LTk0ZjktMTY2ZGQzNGVlYzViXkEyXkFqcGc@._V1_SX300.jpg
JAFC,16/12/2024,20:30,Dr. Strangelove or: How I Learned to Stop Worrying and Love the Bomb,1964,https://www.jaffacinema.com/calendar/5494/,https://m.media-amazon.com/images/M/MV5BMjFjYzBlOTktMTI2OS00ZWVhLTgxMDUtNzAwODY2NmI3YTAzXkEyXkFqcGc@._V1_SX300.jpg
JAFC,16/12/2024,21:30,Perfect Days,2023,https://www.jaffacinema.com/calendar/5482/,https://m.media-amazon.com/images/M/MV5BNGVmODFkM2MtOTEzMy00MjFjLThjZmYtODMxZmI1MzcyNDkyXkEyXkFqcGc@._V1_SX300.jpg
TLVCT,16/12/2024,16:15,Here,2024,https://www.cinema.co.il/en/event/%d7%9b%d7%90%d7%9f-%d7%95%d7%9c%d7%aa%d7%9e%d7%99%d7%93/,https://m.media-amazon.com/images/M/MV5BYWQ5ZDQ5YWQtMThiMS00MGM4LTk2NjktYTllYzg2NTRiNTMxXkEyXkFqcGc@._V1_SX300.jpg
TLVCT,16/12/2024,16:30,Io Capitano,2023,https://www.cinema.co.il/en/event/%d7%a7%d7%a4%d7%99%d7%98%d7%90%d7%a0%d7%95/,https://m.media-amazon.com/images/M/MV5BZGI1OTg3MGMtZTFhMy00ZjFkLTk5YmEtY2MzMDIzNTA3MzdiXkEyXkFqcGc@._V1_SX300.jpg
TLVCT,16/12/2024,16:45,And the Party Goes On,2023,https://www.cinema.co.il/en/event/%d7%95%d7%94%d7%97%d7%92%d7%99%d7%92%d7%94-%d7%a0%d7%9e%d7%a9%d7%9b%d7%aa/,https://m.media-amazon.com/images/M/MV5BNjg3NDgzYTktOGU2Ny00NWUyLTllMTgtNzg0MGM4MjRkMWRiXkEyXkFqcGc@._V1_SX300.jpg
TLVCT,16/12/2024,18:30,Ex-Husbands,2023,https://www.cinema.co.il/en/event/%d7%94%d7%91%d7%a2%d7%9c%d7%99%d7%9d-%d7%9c%d7%a9%d7%a2%d7%91%d7%a8-%d7%98%d7%a8%d7%95%d7%9d-%d7%91%d7%9b%d7%95%d7%a8%d7%94/,https://m.media-amazon.com/images/M/MV5BYjBiODE3YTctNmZmYy00ZWQ1LWI4ZjYtMTEyYjliZWQ0ZGFkXkEyXkFqcGc@._V1_SX300.jpg
TLVCT,16/12/2024,19:00,Neither Day nor Night,2024,https://www.cinema.co.il/en/event/%d7%9c%d7%90-%d7%99%d7%95%d7%9d-%d7%95%d7%9c%d7%90-%d7%9c%d7%99%d7%9c%d7%94-%d7%98%d7%a8%d7%95%d7%9d-%d7%91%d7%9b%d7%95%d7%a8%d7%94/,https://m.media-amazon.com/images/M/MV5BZDI2N2MyNTItZjljYi00YTVmLWJhYzYtYzhmNjA3YTlkYzk1XkEyXkFqcGc@._V1_SX300.jpg
TLVCT,16/12/2024,20:30,Kagemusha: The Shadow Warrior,1980,https://www.cinema.co.il/en/event/%d7%a7%d7%92%d7%9e%d7%95%d7%a9%d7%94/,https://m.media-amazon.com/images/M/MV5BYTZmMDQwZjQtY2Y0Yy00ZWVlLWFlY2QtNmVjZTRlMTFjMzc3XkEyXkFqcGc@._V1_SX300.jpg
TLVCT,16/12/2024,21:00,The Braid,2023,https://www.cinema.co.il/en/event/%d7%94%d7%a6%d7%9e%d7%94/,https://m.media-amazon.com/images/M/MV5BMTJkZTQ1ZWEtMzQ1Ni00MmU2LTgzZTctYmI4MDc4YWJhMWViXkEyXkFqcGc@._V1_SX300.jpg
TLVCT,16/12/2024,21:15,Cocorico,2024,https://www.cinema.co.il/en/event/%d7%91%d7%9e%d7%a9%d7%a4%d7%97%d7%95%d7%aa-%d7%94%d7%9b%d7%99-%d7%98%d7%95%d7%91%d7%95%d7%aa/,https://m.media-amazon.com/images/M/MV5BMDQ4ODhkMGQtMDdhYS00YmU4LWI3NjItMzhhYzg0M2EwNTdmXkEyXkFqcGc@._V1_SX300.jpg
HRZCT,17/12/2024,11:00,And the Party Goes On,2023,https://www.hcinema.org.il/event/%d7%95%d7%94%d7%97%d7%92%d7%99%d7%92%d7%94-%d7%a0%d7%9e%d7%a9%d7%9b%d7%aa-and-the-party-goes-on-%d7%a9%d7%9c%d7%99%d7%a9%d7%99-%d7%96%d7%94%d7%91/2024-12-17/1/,https://m.media-amazon.com/images/M/MV5BNjg3NDgzYTktOGU2Ny00NWUyLTllMTgtNzg0MGM4MjRkMWRiXkEyXkFqcGc@._V1_SX300.jpg
HRZCT,17/12/2024,11:30,The Other Way Around,2024,https://www.hcinema.org.il/event/%d7%9e%d7%a1%d7%99%d7%91%d7%aa-%d7%a4%d7%a8%d7%99%d7%93%d7%94-the-other-way-around-%d7%a9%d7%9c%d7%99%d7%a9%d7%99-%d7%96%d7%94%d7%91/2024-12-17/,https://m.media-amazon.com/images/M/MV5BNTVkNDU5NzUtMTUzZS00MTgzLWJjZTgtNjM1YmI2ODFlMDYzXkEyXkFqcGc@._V1_SX300.jpg
HRZCT,17/12/2024,14:00,And the Party Goes On,2023,https://www.hcinema.org.il/event/%d7%95%d7%94%d7%97%d7%92%d7%99%d7%92%d7%94-%d7%a0%d7%9e%d7%a9%d7%9b%d7%aa-and-the-party-goes-on-%d7%a9%d7%9c%d7%99%d7%a9%d7%99-%d7%96%d7%94%d7%91/2024-12-17/2/,https://m.media-amazon.com/images/M/MV5BNjg3NDgzYTktOGU2Ny00NWUyLTllMTgtNzg0MGM4MjRkMWRiXkEyXkFqcGc@._V1_SX300.jpg
HRZCT,17/12/2024,14:15,Here,2024,https://www.hcinema.org.il/event/%d7%9b%d7%90%d7%9f-%d7%95%d7%9c%d7%aa%d7%9e%d7%99%d7%93-here-%d7%a9%d7%9c%d7%99%d7%a9%d7%99-%d7%96%d7%94%d7%91/2024-12-17/1/,https://m.media-amazon.com/images/M/MV5BYWQ5ZDQ5YWQtMThiMS00MGM4LTk2NjktYTllYzg2NTRiNTMxXkEyXkFqcGc@._V1_SX300.jpg
HRZCT,17/12/2024,16:00,Eid Mubarak,2023,https://www.hcinema.org.il/event/%d7%a2%d7%99%d7%93-eid-%d7%a9%d7%9c%d7%99%d7%a9%d7%99-%d7%96%d7%94%d7%91/2024-12-17/,https://m.media-amazon.com/images/M/MV5BZjRiY2IyMjgtZDZiYi00YTA0LTk4NmMtMzBkMzk5NDIxNzdjXkEyXkFqcGdeQXVyMTAxNjIwMjYz._V1_SX300.jpg
HRZCT,17/12/2024,16:30,The Vanishing Soldier,2023,https://www.hcinema.org.il/event/%d7%94%d7%97%d7%99%d7%99%d7%9c-%d7%94%d7%a0%d7%a2%d7%9c%d7%9d-the-vanishing-soldier-%d7%94%d7%a7%d7%a8%d7%a0%d7%94-%d7%9e%d7%a1%d7%97%d7%a8%d7%99%d7%aa-%d7%a9%d7%9c%d7%99%d7%a9%d7%99-%d7%96%d7%94/2024-12-17/,https://m.media-amazon.com/images/M/MV5BN2YyOTVhMjUtZTM0ZC00MDY3LTgyYzEtMGQxMmQwZmQzZTJkXkEyXkFqcGc@._V1_SX300.jpg
HRZCT,17/12/2024,18:00,And the Party Goes On,2023,https://www.hcinema.org.il/event/%d7%95%d7%94%d7%97%d7%92%d7%99%d7%92%d7%94-%d7%a0%d7%9e%d7%a9%d7%9b%d7%aa-and-the-party-goes-on-%d7%a9%d7%9c%d7%99%d7%a9%d7%99-%d7%96%d7%94%d7%91/2024-12-17/3/,https://m.media-amazon.com/images/M/MV5BNjg3NDgzYTktOGU2Ny00NWUyLTllMTgtNzg0MGM4MjRkMWRiXkEyXkFqcGc@._V1_SX300.jpg
HRZCT,17/12/2024,18:30,The Braid,2023,https://www.hcinema.org.il/event/%d7%94%d7%a6%d7%9e%d7%94-the-braid-%d7%94%d7%a7%d7%a8%d7%a0%d7%94-%d7%9e%d7%a1%d7%97%d7%a8%d7%99%d7%aa-%d7%a9%d7%9c%d7%99%d7%a9%d7%99-%d7%96%d7%94%d7%91/2024-12-17/,https://m.media-amazon.com/images/M/MV5BMTJkZTQ1ZWEtMzQ1Ni00MmU2LTgzZTctYmI4MDc4YWJhMWViXkEyXkFqcGc@._V1_SX300.jpg
HRZCT,17/12/2024,20:30,The Living End,1992,https://www.hcinema.org.il/event/the-living-end-%d7%94%d7%a8%d7%a6%d7%90%d7%94-%d7%9e%d7%a4%d7%99-%d7%93%d7%a8-%d7%a0%d7%99%d7%a8-%d7%a7%d7%93%d7%9d-%d7%9e%d7%a8%d7%a6%d7%94-%d7%9c%d7%a7%d7%95%d7%9c%d7%a0%d7%95%d7%a2-%d7%95/,https://m.media-amazon.com/images/M/MV5BMGNhOTk1NTEtYjY4MS00YzIzLTk4MGItZGRlZWM2NjJiOTJiXkEyXkFqcGc@._V1_SX300.jpg
HRZCT,17/12/2024,20:45,Here,2024,https://www.hcinema.org.il/event/%d7%9b%d7%90%d7%9f-%d7%95%d7%9c%d7%aa%d7%9e%d7%99%d7%93-here-%d7%a9%d7%9c%d7%99%d7%a9%d7%99-%d7%96%d7%94%d7%91/2024-12-17/2/,https://m.media-amazon.com/images/M/MV5BYWQ5ZDQ5YWQtMThiMS00MGM4LTk2NjktYTllYzg2NTRiNTMxXkEyXkFqcGc@._V1_SX300.jpg
JAFC,17/12/2024,18:00,Edward Scissorhands,1990,https://www.jaffacinema.com/calendar/5492/,https://m.media-amazon.com/images/M/MV5BODJhODczYjUtYzdkMy00Yjc4LTllNWMtZTQ3MDZlYWZjYWEzXkEyXkFqcGc@._V1_SX300.jpg
JAFC,17/12/2024,19:00,Perfect Days,2023,https://www.jaffacinema.com/calendar/5482/,https://m.media-amazon.com/images/M/MV5BNGVmODFkM2MtOTEzMy00MjFjLThjZmYtODMxZmI1MzcyNDkyXkEyXkFqcGc@._V1_SX300.jpg
JAFC,17/12/2024,21:30,The Lovers on the Bridge,1991,https://www.jaffacinema.com/calendar/5490/,https://m.media-amazon.com/images/M/MV5BNmYyZTUyNDctNmYwYi00OTIxLWIzMDQtNTRkZDE0MGI3MmVkXkEyXkFqcGc@._V1_SX300.jpg
JLMCT,17/12/2024,17:00,Eid Mubarak,2023,https://jer-cin.org.il/en/event/80391,https://m.media-amazon.com/images/M/MV5BZjRiY2IyMjgtZDZiYi00YTA0LTk4NmMtMzBkMzk5NDIxNzdjXkEyXkFqcGdeQXVyMTAxNjIwMjYz._V1_SX300.jpg
JLMCT,17/12/2024,18:00,Bonjour Tristesse,2024,https://jer-cin.org.il/en/event/79909,https://m.media-amazon.com/images/M/MV5BZmVkNDliYTgtMDNjMC00MDU3LWFkOWMtZDM4OTZkZTlmMjlmXkEyXkFqcGc@._V1_SX300.jpg
JLMCT,17/12/2024,18:00,Kafir: A Deal with the Devil,2018,https://jer-cin.org.il/en/event/79963,https://m.media-amazon.com/images/M/MV5BMjM2ZmJmNGQtODY4Ny00YmEwLThlNzItOTllMzk3NDEyMzFhXkEyXkFqcGdeQXVyMTAyNDYyNzcw._V1_SX300.jpg
JLMCT,17/12/2024,18:00,Lee,2023,https://jer-cin.org.il/en/event/80421,https://m.media-amazon.com/images/M/MV5BMDlhMDY0NTAtOTQwZi00ZjIxLTk2ZmYtZjU1Y2FiYWRhZDk3XkEyXkFqcGc@._V1_SX300.jpg
JLMCT,17/12/2024,19:00,Lee,2023,https://jer-cin.org.il/en/event/80423,https://m.media-amazon.com/images/M/MV5BMDlhMDY0NTAtOTQwZi00ZjIxLTk2ZmYtZjU1Y2FiYWRhZDk3XkEyXkFqcGc@._V1_SX300.jpg
JLMCT,17/12/2024,20:00,Sweet Bobby: My Catfish Nightmare,2024,https://jer-cin.org.il/en/event/79965,https://m.media-amazon.com/images/M/MV5BZTg1NmM3OTAtNGI2My00MWZlLTkxMDQtZjA2ZWQ4OWI4OTdjXkEyXkFqcGc@._V1_SX300.jpg
JLMCT,17/12/2024,20:30,Lee,2023,https://jer-cin.org.il/en/event/80425,https://m.media-amazon.com/images/M/MV5BMDlhMDY0NTAtOTQwZi00ZjIxLTk2ZmYtZjU1Y2FiYWRhZDk3XkEyXkFqcGc@._V1_SX300.jpg
TLVCT,17/12/2024,11:00,Cocorico,2024,https://www.cinema.co.il/en/event/%d7%91%d7%9e%d7%a9%d7%a4%d7%97%d7%95%d7%aa-%d7%94%d7%9b%d7%99-%d7%98%d7%95%d7%91%d7%95%d7%aa/,https://m.media-amazon.com/images/M/MV5BMDQ4ODhkMGQtMDdhYS00YmU4LWI3NjItMzhhYzg0M2EwNTdmXkEyXkFqcGc@._V1_SX300.jpg
TLVCT,17/12/2024,12:30,And the Party Goes On,2023,https://www.cinema.co.il/en/event/%d7%95%d7%94%d7%97%d7%92%d7%99%d7%92%d7%94-%d7%a0%d7%9e%d7%a9%d7%9b%d7%aa/,https://m.media-amazon.com/images/M/MV5BNjg3NDgzYTktOGU2Ny00NWUyLTllMTgtNzg0MGM4MjRkMWRiXkEyXkFqcGc@._V1_SX300.jpg
TLVCT,17/12/2024,14:45,Get the Land Back,2024,https://www.cinema.co.il/en/event/%d7%94%d7%93%d7%95%d7%a0%d7%9d-%d7%a9%d7%9c-%d7%a1%d7%91%d7%aa%d7%90/,https://m.media-amazon.com/images/M/MV5BYTUzNmI4ODUtNTY3Yi00Njk4LWFiMmMtNGRmZDhhMDcyYmJkXkEyXkFqcGdeQXVyMjMyMzI4MzY@._V1_SX300.jpg
TLVCT,17/12/2024,15:45,Here,2024,https://www.cinema.co.il/en/event/%d7%9b%d7%90%d7%9f-%d7%95%d7%9c%d7%aa%d7%9e%d7%99%d7%93/,https://m.media-amazon.com/images/M/MV5BYWQ5ZDQ5YWQtMThiMS00MGM4LTk2NjktYTllYzg2NTRiNTMxXkEyXkFqcGc@._V1_SX300.jpg
TLVCT,17/12/2024,16:15,And the Party Goes On,2023,https://www.cinema.co.il/en/event/%d7%95%d7%94%d7%97%d7%92%d7%99%d7%92%d7%94-%d7%a0%d7%9e%d7%a9%d7%9b%d7%aa/,https://m.media-amazon.com/images/M/MV5BNjg3NDgzYTktOGU2Ny00NWUyLTllMTgtNzg0MGM4MjRkMWRiXkEyXkFqcGc@._V1_SX300.jpg
TLVCT,17/12/2024,16:30,It Happened on our Ground,2024,https://www.cinema.co.il/en/event/%d7%94%d7%90%d7%97%d7%95-%d7%94%d7%a7%d7%98%d7%9f/,https://m.media-amazon.com/images/M/MV5BMTBhMzc0NDgtOTUwMC00NDBkLWJlYzEtZGQwOTdlNDMyOWU1XkEyXkFqcGc@._V1_SX300.jpg
TLVCT,17/12/2024,17:00,The Braid,2023,https://www.cinema.co.il/en/event/%d7%94%d7%a6%d7%9e%d7%94/,https://m.media-amazon.com/images/M/MV5BMTJkZTQ1ZWEtMzQ1Ni00MmU2LTgzZTctYmI4MDc4YWJhMWViXkEyXkFqcGc@._V1_SX300.jpg
TLVCT,17/12/2024,18:00,Cocorico,2024,https://www.cinema.co.il/en/event/%d7%91%d7%9e%d7%a9%d7%a4%d7%97%d7%95%d7%aa-%d7%94%d7%9b%d7%99-%d7%98%d7%95%d7%91%d7%95%d7%aa/,https://m.media-amazon.com/images/M/MV5BMDQ4ODhkMGQtMDdhYS00YmU4LWI3NjItMzhhYzg0M2EwNTdmXkEyXkFqcGc@._V1_SX300.jpg
TLVCT,17/12/2024,19:00,And the Party Goes On,2023,https://www.cinema.co.il/en/event/%d7%95%d7%94%d7%97%d7%92%d7%99%d7%92%d7%94-%d7%a0%d7%9e%d7%a9%d7%9b%d7%aa/,https://m.media-amazon.com/images/M/MV5BNjg3NDgzYTktOGU2Ny00NWUyLTllMTgtNzg0MGM4MjRkMWRiXkEyXkFqcGc@._V1_SX300.jpg
TLVCT,17/12/2024,19:30,Numero Zero: Alle origini del rap italiano,2015,https://www.cinema.co.il/en/event/%d7%9e%d7%a1%d7%a4%d7%a8-%d7%90%d7%a4%d7%a1/,https://m.media-amazon.com/images/M/MV5BNGM4MzAzZmUtZjkwNi00OWVhLTk1NzMtZWM3MzFhMzY0MWFkXkEyXkFqcGdeQXVyMjYxMzEwMTQ@._V1_SX300.jpg
TLVCT,17/12/2024,20:00,La Dolce Vita,1960,https://www.cinema.co.il/en/event/%d7%9c%d7%94-%d7%93%d7%95%d7%9c%d7%a6%d7%94-%d7%95%d7%99%d7%98%d7%94/,https://m.media-amazon.com/images/M/MV5BZTMwMzZiM2QtNzVmNi00MWYzLTk0NWItYmFkMDA5MGViMWFhXkEyXkFqcGc@._V1_SX300.jpg
TLVCT,17/12/2024,21:15,Io Capitano,2023,https://www.cinema.co.il/en/event/%d7%a7%d7%a4%d7%99%d7%98%d7%90%d7%a0%d7%95/,https://m.media-amazon.com/images/M/MV5BZGI1OTg3MGMtZTFhMy00ZjFkLTk5YmEtY2MzMDIzNTA3MzdiXkEyXkFqcGc@._V1_SX300.jpg
TLVCT,17/12/2024,21:45,Here,2024,https://www.cinema.co.il/en/event/%d7%9b%d7%90%d7%9f-%d7%95%d7%9c%d7%aa%d7%9e%d7%99%d7%93/,https://m.media-amazon.com/images/M/MV5BYWQ5ZDQ5YWQtMThiMS00MGM4LTk2NjktYTllYzg2NTRiNTMxXkEyXkFqcGc@._V1_SX300.jpg
HFCT,18/12/2024,18:15,Where Architects Live,2014,https://www.haifacin.co.il/Event/14457/,https://m.media-amazon.com/images/M/MV5BMGQzNTU2YjUtYzM1MS00Mzg4LWE5NzMtYjY3MmYyOGRmZjliXkEyXkFqcGdeQXVyMTE3NDM3MDE5._V1_SX300.jpg
HFCT,18/12/2024,20:00,High Stakes,1989,https://www.haifacin.co.il/Event/14458/,https://m.media-amazon.com/images/M/MV5BODY5YjU4ODEtOGJiYS00NGE5LThhYjUtOTYzMjY0OGE4YzBmXkEyXkFqcGdeQXVyMzY0MTE3NzU@._V1_SX300.jpg
HRZCT,18/12/2024,17:00,The Lord of the Rings: The War of the Rohirrim,2024,https://www.hcinema.org.il/event/%d7%a9%d7%a8-%d7%94%d7%98%d7%91%d7%a2%d7%95%d7%aa-%d7%9e%d7%9c%d7%97%d7%9e%d7%aa-%d7%94%d7%a8%d7%95%d7%94%d7%99%d7%a8%d7%99%d7%9d-the-lord-of-the-rings-the-war-of-the-rohirrim-%d7%90%d7%a0%d7%92/2024-12-18/,https://m.media-amazon.com/images/M/MV5BMmU1YzZkMjAtYjNjOC00ZDFhLWE3Y2QtZTM2ZTdkZWM1OGM3XkEyXkFqcGc@._V1_SX300.jpg
HRZCT,18/12/2024,18:00,Eid Mubarak,2023,https://www.hcinema.org.il/event/%d7%a2%d7%99%d7%93-eid-2/2024-12-18/,https://m.media-amazon.com/images/M/MV5BZjRiY2IyMjgtZDZiYi00YTA0LTk4NmMtMzBkMzk5NDIxNzdjXkEyXkFqcGdeQXVyMTAxNjIwMjYz._V1_SX300.jpg
HRZCT,18/12/2024,20:00,Wicked,2024,https://www.hcinema.org.il/event/%d7%9e%d7%a8%d7%a9%d7%a2%d7%aa-wicked-%d7%90%d7%a0%d7%92%d7%9c%d7%99%d7%aa/2024-12-18/,https://m.media-amazon.com/images/M/MV5BOWMwYjYzYmMtMWQ2Ni00NWUwLTg2MzAtYzkzMDBiZDIwOTMwXkEyXkFqcGc@._V1_SX300.jpg
JAFC,18/12/2024,18:00,Dr. Strangelove or: How I Learned to Stop Worrying and Love the Bomb,1964,https://www.jaffacinema.com/calendar/5494/,https://m.media-amazon.com/images/M/MV5BMjFjYzBlOTktMTI2OS00ZWVhLTgxMDUtNzAwODY2NmI3YTAzXkEyXkFqcGc@._V1_SX300.jpg
JAFC,18/12/2024,19:00,Perfect Days,2023,https://www.jaffacinema.com/calendar/5482/,https://m.media-amazon.com/images/M/MV5BNGVmODFkM2MtOTEzMy00MjFjLThjZmYtODMxZmI1MzcyNDkyXkEyXkFqcGc@._V1_SX300.jpg
JAFC,18/12/2024,21:30,"Come, Closer",2010,https://www.jaffacinema.com/calendar/5481/,https://m.media-amazon.com/images/M/MV5BOTllMTJhMjEtNzZjMS00MzhjLThmMjgtMGIwMTcwODA0MDZjXkEyXkFqcGdeQXVyNDE2NjE1Njc@._V1_SX300.jpg
JLMCT,18/12/2024,10:45,Matchmaking,2022,https://jer-cin.org.il/en/event/79969,https://m.media-amazon.com/images/M/MV5BYjVkZWJkMmItYjIxZi00ZDUzLWEwMDAtODJhNmUxNTdkZGNmXkEyXkFqcGc@._V1_SX300.jpg
JLMCT,18/12/2024,11:30,Lee,2023,https://jer-cin.org.il/en/event/80427,https://m.media-amazon.com/images/M/MV5BMDlhMDY0NTAtOTQwZi00ZjIxLTk2ZmYtZjU1Y2FiYWRhZDk3XkEyXkFqcGc@._V1_SX300.jpg
JLMCT,18/12/2024,17:00,Lee,2023,https://jer-cin.org.il/en/event/80429,https://m.media-amazon.com/images/M/MV5BMDlhMDY0NTAtOTQwZi00ZjIxLTk2ZmYtZjU1Y2FiYWRhZDk3XkEyXkFqcGc@._V1_SX300.jpg
JLMCT,18/12/2024,18:00,High Stakes,1989,https://jer-cin.org.il/en/event/79973,https://m.media-amazon.com/images/M/MV5BODY5YjU4ODEtOGJiYS00NGE5LThhYjUtOTYzMjY0OGE4YzBmXkEyXkFqcGdeQXVyMzY0MTE3NzU@._V1_SX300.jpg
JLMCT,18/12/2024,18:00,The Mother and the Whore,1973,https://jer-cin.org.il/en/event/79975,https://m.media-amazon.com/images/M/MV5BZTRkOGM3ZWMtOGVhYy00Y2M1LWI2NDktZmQxYTgzNDNlMWIzXkEyXkFqcGc@._V1_SX300.jpg
JLMCT,18/12/2024,18:00,Lee,2023,https://jer-cin.org.il/en/event/80431,https://m.media-amazon.com/images/M/MV5BMDlhMDY0NTAtOTQwZi00ZjIxLTk2ZmYtZjU1Y2FiYWRhZDk3XkEyXkFqcGc@._V1_SX300.jpg
JLMCT,18/12/2024,20:00,The Holy Mountain,1973,https://jer-cin.org.il/en/event/79979,https://m.media-amazon.com/images/M/MV5BMDU4ZTNiYTMtNDFkYS00ZmJhLWFmOWItYTExMTllMmNiMTRlXkEyXkFqcGc@._V1_SX300.jpg
JLMCT,18/12/2024,20:30,Eid Mubarak,2023,https://jer-cin.org.il/en/event/80393,https://m.media-amazon.com/images/M/MV5BZjRiY2IyMjgtZDZiYi00YTA0LTk4NmMtMzBkMzk5NDIxNzdjXkEyXkFqcGdeQXVyMTAxNjIwMjYz._V1_SX300.jpg
TLVCT,18/12/2024,14:00,Love at Second Sight,2019,https://www.cinema.co.il/en/event/%d7%90%d7%94%d7%91%d7%94-%d7%9e%d7%9e%d7%91%d7%98-%d7%a9%d7%a0%d7%99-%d7%a2%d7%9d-%d7%aa%d7%a8%d7%92%d7%95%d7%9d-%d7%9c%d7%a6%d7%a8%d7%a4%d7%aa%d7%99%d7%aa/,https://m.media-amazon.com/images/M/MV5BY2RiNTAwMDYtZTJhNi00NjJjLWE1NzQtYjY4MzE2ZGQ5MDJkXkEyXkFqcGc@._V1_SX300.jpg
TLVCT,18/12/2024,16:30,The Braid,2023,https://www.cinema.co.il/en/event/%d7%94%d7%a6%d7%9e%d7%94/,https://m.media-amazon.com/images/M/MV5BMTJkZTQ1ZWEtMzQ1Ni00MmU2LTgzZTctYmI4MDc4YWJhMWViXkEyXkFqcGc@._V1_SX300.jpg
TLVCT,18/12/2024,18:00,Monster,2003,https://www.cinema.co.il/en/event/%d7%aa%d7%9e%d7%99%d7%9e%d7%95%d7%aa/,https://m.media-amazon.com/images/M/MV5BMTI4NzI5NzEwNl5BMl5BanBnXkFtZTcwNjc1NjQyMQ@@._V1_SX300.jpg
TLVCT,18/12/2024,18:15,And the Party Goes On,2023,https://www.cinema.co.il/en/event/%d7%95%d7%94%d7%97%d7%92%d7%99%d7%92%d7%94-%d7%a0%d7%9e%d7%a9%d7%9b%d7%aa/,https://m.media-amazon.com/images/M/MV5BNjg3NDgzYTktOGU2Ny00NWUyLTllMTgtNzg0MGM4MjRkMWRiXkEyXkFqcGc@._V1_SX300.jpg
TLVCT,18/12/2024,19:00,My Little Loves,1974,https://www.cinema.co.il/en/event/%d7%90%d7%94%d7%95%d7%91%d7%95%d7%aa%d7%99%d7%99-%d7%94%d7%a7%d7%98%d7%a0%d7%95%d7%aa/,https://m.media-amazon.com/images/M/MV5BYzZlYmUyYTAtMzZjNS00MGQ5LWJiMDYtNzAyNmFiODFiMTc4XkEyXkFqcGc@._V1_SX300.jpg
TLVCT,18/12/2024,20:30,Fullmetal Alchemist: The Revenge of Scar,2022,https://www.cinema.co.il/en/event/%d7%a6%d7%9c%d7%a7%d7%aa/,https://m.media-amazon.com/images/M/MV5BMzIxNzUwYzctOGJjZS00NmRkLWEwY2ItZTU2NDhlZjJlMjU4XkEyXkFqcGc@._V1_SX300.jpg
TLVCT,18/12/2024,21:15,Here,2024,https://www.cinema.co.il/en/event/%d7%9b%d7%90%d7%9f-%d7%95%d7%9c%d7%aa%d7%9e%d7%99%d7%93/,https://m.media-amazon.com/images/M/MV5BYWQ5ZDQ5YWQtMThiMS00MGM4LTk2NjktYTllYzg2NTRiNTMxXkEyXkFqcGc@._V1_SX300.jpg
HRZCT,19/12/2024,20:30,"Ciao, Marcello - Mastroianni l'antidivo",2024,https://www.hcinema.org.il/event/%d7%a6%d7%90%d7%95-%d7%9e%d7%a8%d7%a6%d7%9c%d7%95-ciao-marcello-mastroianni-lantidivo/,https://m.media-amazon.com/images/M/MV5BODNlMjliNDctOTM2Yy00YzNjLWEyMTUtNTRjNTI2MjBhZTIzXkEyXkFqcGc@._V1_SX300.jpg
JAFC,19/12/2024,18:00,The Lovers on the Bridge,1991,https://www.jaffacinema.com/calendar/5490/,https://m.media-amazon.com/images/M/MV5BNmYyZTUyNDctNmYwYi00OTIxLWIzMDQtNTRkZDE0MGI3MmVkXkEyXkFqcGc@._V1_SX300.jpg
JAFC,19/12/2024,20:30,Taboo: Amos Guttman,2024,https://www.jaffacinema.com/calendar/5480/,https://m.media-amazon.com/images/M/MV5BMmY0MzdjMjgtYzE3ZC00MTk0LTg1YzMtNTc4ODc1NjJiY2ZiXkEyXkFqcGc@._V1_SX300.jpg
JAFC,19/12/2024,21:30,Dr. Strangelove or: How I Learned to Stop Worrying and Love the Bomb,1964,https://www.jaffacinema.com/calendar/5494/,https://m.media-amazon.com/images/M/MV5BMjFjYzBlOTktMTI2OS00ZWVhLTgxMDUtNzAwODY2NmI3YTAzXkEyXkFqcGc@._V1_SX300.jpg
JLMCT,19/12/2024,18:00,Numero Zero: Alle origini del rap italiano,2015,https://jer-cin.org.il/en/event/79981,https://m.media-amazon.com/images/M/MV5BNGM4MzAzZmUtZjkwNi00OWVhLTk1NzMtZWM3MzFhMzY0MWFkXkEyXkFqcGdeQXVyMjYxMzEwMTQ@._V1_SX300.jpg
JLMCT,19/12/2024,19:15,Matchmaking,2022,https://jer-cin.org.il/en/event/79971,https://m.media-amazon.com/images/M/MV5BYjVkZWJkMmItYjIxZi00ZDUzLWEwMDAtODJhNmUxNTdkZGNmXkEyXkFqcGc@._V1_SX300.jpg
JLMCT,19/12/2024,20:30,Offline: Are You Ready for the Next Level?,2016,https://jer-cin.org.il/en/event/79989,https://m.media-amazon.com/images/M/MV5BMzQ5OWE0OGUtNTg2Ny00ZWM4LWE4NTItYzdiYTZjZmEzZTFhXkEyXkFqcGc@._V1_SX300.jpg
JLMCT,19/12/2024,21:15,My Old Ass,2024,https://jer-cin.org.il/en/event/79983,https://m.media-amazon.com/images/M/MV5BNDhiYjE1ZTAtMjM2My00OGZhLWE4MGMtMDI1YzRiYWYzMTdkXkEyXkFqcGc@._V1_SX300.jpg
TLVCT,19/12/2024,16:00,The Braid,2023,https://www.cinema.co.il/en/event/%d7%94%d7%a6%d7%9e%d7%94/,https://m.media-amazon.com/images/M/MV5BMTJkZTQ1ZWEtMzQ1Ni00MmU2LTgzZTctYmI4MDc4YWJhMWViXkEyXkFqcGc@._V1_SX300.jpg
TLVCT,19/12/2024,16:15,And the Party Goes On,2023,https://www.cinema.co.il/en/event/%d7%95%d7%94%d7%97%d7%92%d7%99%d7%92%d7%94-%d7%a0%d7%9e%d7%a9%d7%9b%d7%aa/,https://m.media-amazon.com/images/M/MV5BNjg3NDgzYTktOGU2Ny00NWUyLTllMTgtNzg0MGM4MjRkMWRiXkEyXkFqcGc@._V1_SX300.jpg
TLVCT,19/12/2024,16:30,Here,2024,https://www.cinema.co.il/en/event/%d7%9b%d7%90%d7%9f-%d7%95%d7%9c%d7%aa%d7%9e%d7%99%d7%93/,https://m.media-amazon.com/images/M/MV5BYWQ5ZDQ5YWQtMThiMS00MGM4LTk2NjktYTllYzg2NTRiNTMxXkEyXkFqcGc@._V1_SX300.jpg
TLVCT,19/12/2024,18:30,Under a Blue Sun,2024,https://www.cinema.co.il/en/event/%d7%9e%d7%aa%d7%97%d7%aa-%d7%9c%d7%a9%d7%9e%d7%a9-%d7%94%d7%9b%d7%97%d7%95%d7%9c%d7%94/,https://m.media-amazon.com/images/M/MV5BODNlOGUyODEtZTc4OC00YmI3LWEyYzEtNGI5MTZmY2UxZjFiXkEyXkFqcGc@._V1_SX300.jpg
TLVCT,19/12/2024,18:45,And the Party Goes On,2023,https://www.cinema.co.il/en/event/%d7%95%d7%94%d7%97%d7%92%d7%99%d7%92%d7%94-%d7%a0%d7%9e%d7%a9%d7%9b%d7%aa/,https://m.media-amazon.com/images/M/MV5BNjg3NDgzYTktOGU2Ny00NWUyLTllMTgtNzg0MGM4MjRkMWRiXkEyXkFqcGc@._V1_SX300.jpg
TLVCT,19/12/2024,20:30,Once upon a time Michel Legrand,2024,https://www.cinema.co.il/en/event/%d7%94%d7%99%d7%94-%d7%94%d7%99%d7%94-%d7%9e%d7%99%d7%a9%d7%9c-%d7%9c%d7%92%d7%a8%d7%90%d7%9f-%d7%9e%d7%95%d7%a2%d7%93%d7%95%d7%9f-%d7%a1%d7%90%d7%95%d7%a0%d7%93%d7%98%d7%a8%d7%90%d7%a7/,https://m.media-amazon.com/images/M/MV5BZDViZjAxODItYmFlZi00MDI0LWJiNjUtYmEzMjM0NjliYTFlXkEyXkFqcGc@._V1_SX300.jpg
HFCT,20/12/2024,16:00,Wisdom of Happiness,2024,https://www.haifacin.co.il/Event/14462/,https://m.media-amazon.com/images/M/MV5BOTVjZWI2MWItYTk5NC00YzFkLWI2OTYtNmZjMmIzYTk1MTMyXkEyXkFqcGc@._V1_SX300.jpg
HRZCT,20/12/2024,21:00,American Splendor,2003,https://www.hcinema.org.il/event/%d7%a1%d7%a4%d7%9c%d7%a0%d7%93%d7%95%d7%a8-splendor/,https://m.media-amazon.com/images/M/MV5BMjA0MjYxNjY1MV5BMl5BanBnXkFtZTcwNDkwMjAwMQ@@._V1_SX300.jpg
JLMCT,20/12/2024,18:00,The Apprentice,2024,https://jer-cin.org.il/en/event/79959,https://m.media-amazon.com/images/M/MV5BZjI3MWUwOTMtOTY1YS00NzE0LWE1OTYtYmQ0Mjg2NDEyMzMxXkEyXkFqcGc@._V1_SX300.jpg
JLMCT,20/12/2024,20:30,My Old Ass,2024,https://jer-cin.org.il/en/event/79985,https://m.media-amazon.com/images/M/MV5BNDhiYjE1ZTAtMjM2My00OGZhLWE4MGMtMDI1YzRiYWYzMTdkXkEyXkFqcGc@._V1_SX300.jpg
TLVCT,20/12/2024,10:15,The Braid,2023,https://www.cinema.co.il/en/event/%d7%94%d7%a6%d7%9e%d7%94/,https://m.media-amazon.com/images/M/MV5BMTJkZTQ1ZWEtMzQ1Ni00MmU2LTgzZTctYmI4MDc4YWJhMWViXkEyXkFqcGc@._V1_SX300.jpg
TLVCT,20/12/2024,11:00,Under a Blue Sun,2024,https://www.cinema.co.il/en/event/%d7%9e%d7%aa%d7%97%d7%aa-%d7%9c%d7%a9%d7%9e%d7%a9-%d7%94%d7%9b%d7%97%d7%95%d7%9c%d7%94/,https://m.media-amazon.com/images/M/MV5BODNlOGUyODEtZTc4OC00YmI3LWEyYzEtNGI5MTZmY2UxZjFiXkEyXkFqcGc@._V1_SX300.jpg
TLVCT,20/12/2024,12:00,Get the Land Back,2024,https://www.cinema.co.il/en/event/%d7%94%d7%93%d7%95%d7%a0%d7%9d-%d7%a9%d7%9c-%d7%a1%d7%91%d7%aa%d7%90/,https://m.media-amazon.com/images/M/MV5BYTUzNmI4ODUtNTY3Yi00Njk4LWFiMmMtNGRmZDhhMDcyYmJkXkEyXkFqcGdeQXVyMjMyMzI4MzY@._V1_SX300.jpg
TLVCT,20/12/2024,13:00,Beauty and the Beast,1991,https://www.cinema.co.il/en/event/%d7%94%d7%99%d7%a4%d7%94-%d7%95%d7%94%d7%97%d7%99%d7%94-i-%d7%9e%d7%93%d7%95%d7%91%d7%91-%d7%a2%d7%9c-%d7%a4%d7%95%d7%a4%d7%99%d7%9d/,https://m.media-amazon.com/images/M/MV5BYTY3NDg2YzktYWFjZC00MTExLTlmZDctMGY3MWYzZTlkYTNiXkEyXkFqcGc@._V1_SX300.jpg
TLVCT,20/12/2024,14:00,Cocorico,2024,https://www.cinema.co.il/en/event/%d7%91%d7%9e%d7%a9%d7%a4%d7%97%d7%95%d7%aa-%d7%94%d7%9b%d7%99-%d7%98%d7%95%d7%91%d7%95%d7%aa/,https://m.media-amazon.com/images/M/MV5BMDQ4ODhkMGQtMDdhYS00YmU4LWI3NjItMzhhYzg0M2EwNTdmXkEyXkFqcGc@._V1_SX300.jpg
TLVCT,20/12/2024,21:30,Monster,2003,https://www.cinema.co.il/en/event/%d7%aa%d7%9e%d7%99%d7%9e%d7%95%d7%aa/,https://m.media-amazon.com/images/M/MV5BMTI4NzI5NzEwNl5BMl5BanBnXkFtZTcwNjc1NjQyMQ@@._V1_SX300.jpg
TLVCT,20/12/2024,22:00,Blade Runner: The Final Cut,1982,https://www.cinema.co.il/en/event/%d7%90%d7%a4%d7%98%d7%a8-%d7%a9%d7%99%d7%a9%d7%99-%d7%91%d7%9c%d7%99%d7%99%d7%93-%d7%a8%d7%90%d7%a0%d7%a8-%d7%94%d7%92%d7%a8%d7%a1%d7%90-%d7%94%d7%a1%d7%95%d7%a4%d7%99%d7%aa/,
HFCT,21/12/2024,11:00,My Old Ass,2024,https://www.haifacin.co.il/Event/14464/,https://m.media-amazon.com/images/M/MV5BNDhiYjE1ZTAtMjM2My00OGZhLWE4MGMtMDI1YzRiYWYzMTdkXkEyXkFqcGc@._V1_SX300.jpg
HFCT,21/12/2024,16:00,Offline: Are You Ready for the Next Level?,2016,https://www.haifacin.co.il/Event/14466/,https://m.media-amazon.com/images/M/MV5BMzQ5OWE0OGUtNTg2Ny00ZWM4LWE4NTItYzdiYTZjZmEzZTFhXkEyXkFqcGc@._V1_SX300.jpg
HFCT,21/12/2024,18:15,A Normal Family,2023,https://www.haifacin.co.il/Event/14467/,https://m.media-amazon.com/images/M/MV5BMWMxZjE4ODEtYzU1Ni00MjM4LTkzYjAtYWJmYTc0N2JiMWNmXkEyXkFqcGc@._V1_SX300.jpg
HRZCT,21/12/2024,17:00,What Time Is It There?,2001,https://www.hcinema.org.il/event/%d7%9e%d7%94-%d7%94%d7%a9%d7%a2%d7%94-what-time-is-it/,https://m.media-amazon.com/images/M/MV5BNTMzNDIzNjYyOF5BMl5BanBnXkFtZTcwODE4OTQyMQ@@._V1_SX300.jpg
HRZCT,21/12/2024,20:30,The Lord of the Rings: The Fellowship of the Ring,2001,https://www.hcinema.org.il/event/%d7%94%d7%98%d7%91%d7%a2%d7%aa-the-ring-%d7%91%d7%aa%d7%90%d7%a8%d7%99%d7%9a-%d7%96%d7%94-%d7%91%d7%9c%d7%91%d7%93-%d7%9b%d7%a0%d7%99%d7%a1%d7%94-%d7%9c%d7%9c%d7%90-%d7%aa%d7%95%d7%a1%d7%a4%d7%aa/,https://m.media-amazon.com/images/M/MV5BNzIxMDQ2YTctNDY4MC00ZTRhLTk4ODQtMTVlOWY4NTdiYmMwXkEyXkFqcGc@._V1_SX300.jpg
JAFC,21/12/2024,19:00,The Discreet Charm of the Bourgeoisie,1972,https://www.jaffacinema.com/calendar/5491/,https://m.media-amazon.com/images/M/MV5BNmQ0MDA0YTEtZTY4Mi00N2Y5LTk0ZjktMTY2ZGQzNGVlYzViXkEyXkFqcGc@._V1_SX300.jpg
JAFC,21/12/2024,19:00,"Come, Closer",2010,https://www.jaffacinema.com/calendar/5481/,https://m.media-amazon.com/images/M/MV5BOTllMTJhMjEtNzZjMS00MzhjLThmMjgtMGIwMTcwODA0MDZjXkEyXkFqcGdeQXVyNDE2NjE1Njc@._V1_SX300.jpg
JAFC,21/12/2024,20:30,Get the Land Back,2024,https://www.jaffacinema.com/calendar/5484/,https://m.media-amazon.com/images/M/MV5BYTUzNmI4ODUtNTY3Yi00Njk4LWFiMmMtNGRmZDhhMDcyYmJkXkEyXkFqcGdeQXVyMjMyMzI4MzY@._V1_SX300.jpg
JAFC,21/12/2024,21:30,Edward Scissorhands,1990,https://www.jaffacinema.com/calendar/5492/,https://m.media-amazon.com/images/M/MV5BODJhODczYjUtYzdkMy00Yjc4LTllNWMtZTQ3MDZlYWZjYWEzXkEyXkFqcGc@._V1_SX300.jpg
JLMCT,21/12/2024,11:00,The Nutcracker and the Four Realms,2018,https://jer-cin.org.il/en/event/78248,https://m.media-amazon.com/images/M/MV5BOTg1NDI1MjEyMl5BMl5BanBnXkFtZTgwOTA5MTgwNjM@._V1_SX300.jpg
JLMCT,21/12/2024,11:15,The Wild Robot,2024,https://jer-cin.org.il/en/event/79993,https://m.media-amazon.com/images/M/MV5BZjM2M2E3YzAtZDJjYy00MDhkLThiYmItOGZhNzQ3NTgyZmI0XkEyXkFqcGc@._V1_SX300.jpg
JLMCT,21/12/2024,15:45,It's a Wonderful Life,1946,https://jer-cin.org.il/en/event/79995,https://m.media-amazon.com/images/M/MV5BMDM4OWFhYjEtNTE5Yy00NjcyLTg5N2UtZDQwNDZlYjlmNDU5XkEyXkFqcGc@._V1_SX300.jpg
JLMCT,21/12/2024,16:30,My Little Loves,1974,https://jer-cin.org.il/en/event/79999,https://m.media-amazon.com/images/M/MV5BYzZlYmUyYTAtMzZjNS00MGQ5LWJiMDYtNzAyNmFiODFiMTc4XkEyXkFqcGc@._V1_SX300.jpg
JLMCT,21/12/2024,18:30,My Old Ass,2024,https://jer-cin.org.il/en/event/79987,https://m.media-amazon.com/images/M/MV5BNDhiYjE1ZTAtMjM2My00OGZhLWE4MGMtMDI1YzRiYWYzMTdkXkEyXkFqcGc@._V1_SX300.jpg
JLMCT,21/12/2024,19:00,Legend of Destruction,2021,https://jer-cin.org.il/en/event/80003,https://m.media-amazon.com/images/M/MV5BNzI5ZGU1ZWUtN2QzYi00NzUyLTkzMmItYTI0NWQ1YjJkNDY2XkEyXkFqcGc@._V1_SX300.jpg
JLMCT,21/12/2024,20:30,The Apprentice,2024,https://jer-cin.org.il/en/event/79961,https://m.media-amazon.com/images/M/MV5BZjI3MWUwOTMtOTY1YS00NzE0LWE1OTYtYmQ0Mjg2NDEyMzMxXkEyXkFqcGc@._V1_SX300.jpg
TLVCT,21/12/2024,10:30,Panda Bear in Africa,2024,https://www.cinema.co.il/en/event/%d7%a4%d7%a0%d7%93%d7%94-%d7%91%d7%90%d7%a4%d7%a8%d7%99%d7%a7%d7%94-i-%d7%9e%d7%93%d7%95%d7%91%d7%91/,https://m.media-amazon.com/images/M/MV5BNGI3YWFkMWEtZTZjNS00NWI1LThiYWEtZDBlZDg4NWRjMzcxXkEyXkFqcGc@._V1_SX300.jpg
TLVCT,21/12/2024,12:15,Get the Land Back,2024,https://www.cinema.co.il/en/event/%d7%94%d7%93%d7%95%d7%a0%d7%9d-%d7%a9%d7%9c-%d7%a1%d7%91%d7%aa%d7%90/,https://m.media-amazon.com/images/M/MV5BYTUzNmI4ODUtNTY3Yi00Njk4LWFiMmMtNGRmZDhhMDcyYmJkXkEyXkFqcGdeQXVyMjMyMzI4MzY@._V1_SX300.jpg
TLVCT,21/12/2024,13:15,And the Party Goes On,2023,https://www.cinema.co.il/en/event/%d7%95%d7%94%d7%97%d7%92%d7%99%d7%92%d7%94-%d7%a0%d7%9e%d7%a9%d7%9b%d7%aa/,https://m.media-amazon.com/images/M/MV5BNjg3NDgzYTktOGU2Ny00NWUyLTllMTgtNzg0MGM4MjRkMWRiXkEyXkFqcGc@._V1_SX300.jpg
TLVCT,21/12/2024,13:30,Io Capitano,2023,https://www.cinema.co.il/en/event/%d7%a7%d7%a4%d7%99%d7%98%d7%90%d7%a0%d7%95/,https://m.media-amazon.com/images/M/MV5BZGI1OTg3MGMtZTFhMy00ZjFkLTk5YmEtY2MzMDIzNTA3MzdiXkEyXkFqcGc@._V1_SX300.jpg
TLVCT,21/12/2024,14:00,The Braid,2023,https://www.cinema.co.il/en/event/%d7%94%d7%a6%d7%9e%d7%94-%d7%94%d7%a8%d7%a6%d7%90%d7%94/,https://m.media-amazon.com/images/M/MV5BMTJkZTQ1ZWEtMzQ1Ni00MmU2LTgzZTctYmI4MDc4YWJhMWViXkEyXkFqcGc@._V1_SX300.jpg
TLVCT,21/12/2024,14:15,Beetlejuice Beetlejuice,2024,https://www.cinema.co.il/en/event/%d7%91%d7%99%d7%98%d7%9c%d7%92%d7%95%d7%a1-%d7%91%d7%99%d7%98%d7%9c%d7%92%d7%95%d7%a1/,https://m.media-amazon.com/images/M/MV5BYmRlYzE3ZTYtNjIyZi00MWYyLWEzZDItOWI5NzM1Yjc0NmI5XkEyXkFqcGc@._V1_SX300.jpg
TLVCT,21/12/2024,15:30,Here,2024,https://www.cinema.co.il/en/event/%d7%9b%d7%90%d7%9f-%d7%95%d7%9c%d7%aa%d7%9e%d7%99%d7%93/,https://m.media-amazon.com/images/M/MV5BYWQ5ZDQ5YWQtMThiMS00MGM4LTk2NjktYTllYzg2NTRiNTMxXkEyXkFqcGc@._V1_SX300.jpg
TLVCT,21/12/2024,16:00,Cocorico,2024,https://www.cinema.co.il/en/event/%d7%91%d7%9e%d7%a9%d7%a4%d7%97%d7%95%d7%aa-%d7%94%d7%9b%d7%99-%d7%98%d7%95%d7%91%d7%95%d7%aa/,https://m.media-amazon.com/images/M/MV5BMDQ4ODhkMGQtMDdhYS00YmU4LWI3NjItMzhhYzg0M2EwNTdmXkEyXkFqcGc@._V1_SX300.jpg
TLVCT,21/12/2024,16:30,Io Capitano,2023,https://www.cinema.co.il/en/event/%d7%a7%d7%a4%d7%99%d7%98%d7%90%d7%a0%d7%95-%d7%94%d7%a8%d7%a6%d7%90%d7%94/,https://m.media-amazon.com/images/M/MV5BZGI1OTg3MGMtZTFhMy00ZjFkLTk5YmEtY2MzMDIzNTA3MzdiXkEyXkFqcGc@._V1_SX300.jpg
TLVCT,21/12/2024,17:15,Megalopolis,2024,https://www.cinema.co.il/en/event/%d7%9e%d7%92%d7%9c%d7%95%d7%a4%d7%95%d7%9c%d7%99%d7%a1/,https://m.media-amazon.com/images/M/MV5BOTQ2MTcwODgtOTg3Yi00M2RmLWEyMDQtY2IzZmRlYzM3YzhjXkEyXkFqcGc@._V1_SX300.jpg
TLVCT,21/12/2024,17:30,Here,2024,https://www.cinema.co.il/en/event/%d7%9b%d7%90%d7%9f-%d7%95%d7%9c%d7%aa%d7%9e%d7%99%d7%93/,https://m.media-amazon.com/images/M/MV5BYWQ5ZDQ5YWQtMThiMS00MGM4LTk2NjktYTllYzg2NTRiNTMxXkEyXkFqcGc@._V1_SX300.jpg
TLVCT,21/12/2024,17:45,And the Party Goes On,2023,https://www.cinema.co.il/en/event/%d7%95%d7%94%d7%97%d7%92%d7%99%d7%92%d7%94-%d7%a0%d7%9e%d7%a9%d7%9b%d7%aa/,https://m.media-amazon.com/images/M/MV5BNjg3NDgzYTktOGU2Ny00NWUyLTllMTgtNzg0MGM4MjRkMWRiXkEyXkFqcGc@._V1_SX300.jpg
TLVCT,21/12/2024,18:00,The Altman Method,2022,https://www.cinema.co.il/en/event/%d7%a9%d7%99%d7%98%d7%aa-%d7%90%d7%9c%d7%98%d7%9e%d7%9f/,https://m.media-amazon.com/images/M/MV5BYTFmOTg2OTMtMDQ1MS00YzYwLWJkYTgtMmY0ODA1ZDUxM2Q0XkEyXkFqcGc@._V1_SX300.jpg
TLVCT,21/12/2024,19:45,And the Party Goes On,2023,https://www.cinema.co.il/en/event/%d7%95%d7%94%d7%97%d7%92%d7%99%d7%92%d7%94-%d7%a0%d7%9e%d7%a9%d7%9b%d7%aa/,https://m.media-amazon.com/images/M/MV5BNjg3NDgzYTktOGU2Ny00NWUyLTllMTgtNzg0MGM4MjRkMWRiXkEyXkFqcGc@._V1_SX300.jpg
TLVCT,21/12/2024,20:00,The Braid,2023,https://www.cinema.co.il/en/event/%d7%94%d7%a6%d7%9e%d7%94/,https://m.media-amazon.com/images/M/MV5BMTJkZTQ1ZWEtMzQ1Ni00MmU2LTgzZTctYmI4MDc4YWJhMWViXkEyXkFqcGc@._V1_SX300.jpg
TLVCT,21/12/2024,20:15,Cocorico,2024,https://www.cinema.co.il/en/event/%d7%91%d7%9e%d7%a9%d7%a4%d7%97%d7%95%d7%aa-%d7%94%d7%9b%d7%99-%d7%98%d7%95%d7%91%d7%95%d7%aa/,https://m.media-amazon.com/images/M/MV5BMDQ4ODhkMGQtMDdhYS00YmU4LWI3NjItMzhhYzg0M2EwNTdmXkEyXkFqcGc@._V1_SX300.jpg
TLVCT,21/12/2024,22:00,And the Party Goes On,2023,https://www.cinema.co.il/en/event/%d7%95%d7%94%d7%97%d7%92%d7%99%d7%92%d7%94-%d7%a0%d7%9e%d7%a9%d7%9b%d7%aa/,https://m.media-amazon.com/images/M/MV5BNjg3NDgzYTktOGU2Ny00NWUyLTllMTgtNzg0MGM4MjRkMWRiXkEyXkFqcGc@._V1_SX300.jpg
TLVCT,21/12/2024,22:30,The Belle from Gaza,2024,https://www.cinema.co.il/en/event/%d7%94%d7%99%d7%a4%d7%94%d7%a4%d7%99%d7%99%d7%94-%d7%9e%d7%a2%d7%96%d7%94-%d7%94%d7%a7%d7%a8%d7%a0%d7%95%d7%aa-%d7%a7%d7%91%d7%95%d7%a2%d7%95%d7%aa/,https://m.media-amazon.com/images/M/MV5BNjI2YmEyZTYtOWMyNC00YWNmLWI5MTktZTNlNmM5YWYyYzE1XkEyXkFqcGdeQXVyODIyOTEyMzY@._V1_SX300.jpg
HFCT,22/12/2024,20:00,We Live in Time,2024,https://www.haifacin.co.il/Event/14470/,https://m.media-amazon.com/images/M/MV5BYmQwNzRiNmItODc4Ny00Mjk4LThmYWQtNjI5OGU4OGUxMmY0XkEyXkFqcGc@._V1_SX300.jpg
JLMCT,22/12/2024,18:00,It's a Wonderful Life,1946,https://jer-cin.org.il/en/event/79997,https://m.media-amazon.com/images/M/MV5BMDM4OWFhYjEtNTE5Yy00NjcyLTg5N2UtZDQwNDZlYjlmNDU5XkEyXkFqcGc@._V1_SX300.jpg
JLMCT,22/12/2024,20:45,My Little Loves,1974,https://jer-cin.org.il/en/event/80001,https://m.media-amazon.com/images/M/MV5BYzZlYmUyYTAtMzZjNS00MGQ5LWJiMDYtNzAyNmFiODFiMTc4XkEyXkFqcGc@._V1_SX300.jpg
TLVCT,22/12/2024,18:00,Lucky Winners,2024,https://www.cinema.co.il/en/event/%d7%96%d7%95%d7%9b%d7%99%d7%9d-%d7%97%d7%a1%d7%a8%d7%99-%d7%9e%d7%96%d7%9c-%d7%98%d7%a8%d7%95%d7%9d-%d7%91%d7%9b%d7%95%d7%a8%d7%94/,https://m.media-amazon.com/images/M/MV5BZTY5ZjVlOWYtYzMzMS00N2E0LTgzMTMtZmM0ZjIwZDhhYTAwXkEyXkFqcGc@._V1_SX300.jpg
TLVCT,22/12/2024,20:30,Megalopolis,2024,https://www.cinema.co.il/en/event/%d7%9e%d7%92%d7%9c%d7%95%d7%a4%d7%95%d7%9c%d7%99%d7%a1/,https://m.media-amazon.com/images/M/MV5BOTQ2MTcwODgtOTg3Yi00M2RmLWEyMDQtY2IzZmRlYzM3YzhjXkEyXkFqcGc@._V1_SX300.jpg
HFCT,23/12/2024,18:15,Wisdom of Happiness,2024,https://www.haifacin.co.il/Event/14463/,https://m.media-amazon.com/images/M/MV5BOTVjZWI2MWItYTk5NC00YzFkLWI2OTYtNmZjMmIzYTk1MTMyXkEyXkFqcGc@._V1_SX300.jpg
HFCT,23/12/2024,20:00,Wet Season,2019,https://www.haifacin.co.il/Event/14472/,https://m.media-amazon.com/images/M/MV5BODY5NTM3MDYtYTQ4OC00YjQ1LTlhNDUtNDcwYjAzMzIwNTI5XkEyXkFqcGc@._V1_SX300.jpg
HRZCT,23/12/2024,20:30,Tangerine,2015,https://www.hcinema.org.il/event/%d7%9e%d7%a0%d7%93%d7%a8%d7%99%d7%a0%d7%95%d7%aa-tangerine/,https://m.media-amazon.com/images/M/MV5BMjEzNzY2NjYwOV5BMl5BanBnXkFtZTgwOTY1MDU1NTE@._V1_SX300.jpg
JLMCT,23/12/2024,16:00,You Are So Beautiful,2005,https://jer-cin.org.il/en/event/80007,https://m.media-amazon.com/images/M/MV5BMjAxNTQyOTk0Ml5BMl5BanBnXkFtZTcwODAyODQ4Mg@@._V1_SX300.jpg
JLMCT,23/12/2024,18:00,Green Border,2023,https://jer-cin.org.il/en/event/80009,https://m.media-amazon.com/images/M/MV5BNjg0YzhhZGMtNTAzNS00YTJlLWFkMTMtMWZlZTk3ZDIwMWNlXkEyXkFqcGc@._V1_SX300.jpg
JLMCT,23/12/2024,19:00,The Nutcracker and the Four Realms,2018,https://jer-cin.org.il/en/event/78250,https://m.media-amazon.com/images/M/MV5BOTg1NDI1MjEyMl5BMl5BanBnXkFtZTgwOTA5MTgwNjM@._V1_SX300.jpg
JLMCT,23/12/2024,21:00,Mars Attacks!,1996,https://jer-cin.org.il/en/event/80013,https://m.media-amazon.com/images/M/MV5BZjJhNTIxZmQtZjQ3ZC00MTZkLWI2YTItY2Y0ZTdiMmNiNGIyXkEyXkFqcGc@._V1_SX300.jpg
TLVCT,23/12/2024,20:30,Desert Laws,2024,https://www.cinema.co.il/en/event/%d7%97%d7%95%d7%a7%d7%99-%d7%9e%d7%93%d7%91%d7%a8/,https://m.media-amazon.com/images/M/MV5BZDVlZDg5Y2QtNjI4Yy00MjcyLWExNjAtZjE3NzYxMjVmNDg2XkEyXkFqcGc@._V1_SX300.jpg
TLVCT,23/12/2024,21:30,The Life and Death of a Porno Gang,2009,https://www.cinema.co.il/en/event/%d7%97%d7%99%d7%99%d7%94-%d7%95%d7%9e%d7%95%d7%aa%d7%94-%d7%a9%d7%9c-%d7%9b%d7%a0%d7%95%d7%a4%d7%99%d7%99%d7%aa-%d7%94%d7%a4%d7%95%d7%a8%d7%a0%d7%95/,
HRZCT,24/12/2024,18:00,The Lord of the Rings: The Fellowship of the Ring,2001,https://www.hcinema.org.il/event/%d7%94%d7%98%d7%91%d7%a2%d7%aa-the-ring-%d7%a9%d7%9c%d7%99%d7%a9%d7%99-%d7%96%d7%94%d7%91/,https://m.media-amazon.com/images/M/MV5BNzIxMDQ2YTctNDY4MC00ZTRhLTk4ODQtMTVlOWY4NTdiYmMwXkEyXkFqcGc@._V1_SX300.jpg
HRZCT,24/12/2024,20:30,Germany Year Zero,1948,https://www.hcinema.org.il/event/%d7%a9%d7%a0%d7%aa-%d7%90%d7%a4%d7%a1-year-zero/,https://m.media-amazon.com/images/M/MV5BMzBjZmUxNWQtMjkyMS00YWFhLWFjODUtNTk3ZjllMWE3NjgwXkEyXkFqcGc@._V1_SX300.jpg
JLMCT,24/12/2024,16:00,Wuthering Heights,1939,https://jer-cin.org.il/en/event/80015,https://m.media-amazon.com/images/M/MV5BODk1MTk2ODQtNjY5Ni00NmUzLWI5M2ItN2UzYmE0ZDYwZjQ2XkEyXkFqcGc@._V1_SX300.jpg
JLMCT,24/12/2024,19:00,Adios Buenos Aires,2023,https://jer-cin.org.il/en/event/80017,https://m.media-amazon.com/images/M/MV5BOTUwYzhhN2YtOGM5ZC00Y2ZlLThjNzItYTVlMmM1OTEwMDFhXkEyXkFqcGc@._V1_SX300.jpg
JLMCT,24/12/2024,20:30,Rabbi Capoeira,2024,https://jer-cin.org.il/en/event/79913,https://m.media-amazon.com/images/M/MV5BNmE1MWE1MjAtNWFiNC00OGRkLWIyYzYtNGUzYTAzZjJiNWY0XkEyXkFqcGdeQXVyMjMyMzI4MzY@._V1_SX300.jpg
TLVCT,24/12/2024,19:00,High Stakes,1989,https://www.cinema.co.il/en/event/%d7%97%d7%99%d7%99%d7%9d-%d7%90%d7%95-%d7%9e%d7%95%d7%95%d7%aa/,https://m.media-amazon.com/images/M/MV5BODY5YjU4ODEtOGJiYS00NGE5LThhYjUtOTYzMjY0OGE4YzBmXkEyXkFqcGdeQXVyMzY0MTE3NzU@._V1_SX300.jpg
TLVCT,24/12/2024,20:30,Bound,1996,https://www.cinema.co.il/en/event/%d7%a7%d7%95%d7%9c%d7%a0%d7%95%d7%a2-%d7%95%d7%9e%d7%92%d7%93%d7%a8-%d7%a7%d7%a9%d7%95%d7%a8%d7%95%d7%aa/,https://m.media-amazon.com/images/M/MV5BNjY0OWFmODctNmEwNy00Njc2LWFkYTAtNmI4OWIzY2ZkYjJlXkEyXkFqcGc@._V1_SX300.jpg
TLVCT,24/12/2024,21:00,National Anthem,2023,https://www.cinema.co.il/en/event/%d7%94%d7%94%d7%9e%d7%a0%d7%95%d7%9f-%d7%94%d7%9c%d7%90%d7%95%d7%9e%d7%99-%d7%9e%d7%95%d7%a2%d7%93%d7%95%d7%9f-tlvfest/,https://m.media-amazon.com/images/M/MV5BMjcyNDQxMmEtMzE1Yy00ZjFjLTlkODYtMjE2YmI4MTBiNWI2XkEyXkFqcGc@._V1_SX300.jpg
HFCT,25/12/2024,18:00,This Is My Mother,2023,https://www.haifacin.co.il/Event/14474/,https://m.media-amazon.com/images/M/MV5BNGYxN2MzZDYtM2MwZC00MjcxLWEzODMtZGQ2ZmY1ODZlNDUzXkEyXkFqcGc@._V1_SX300.jpg
JLMCT,25/12/2024,18:00,Winter's Bone,2010,https://jer-cin.org.il/en/event/80025,https://m.media-amazon.com/images/M/MV5BMjA0OTM3MDMxNF5BMl5BanBnXkFtZTcwMDY1MjI0Mw@@._V1_SX300.jpg
JLMCT,25/12/2024,20:30,Rocky,1976,https://jer-cin.org.il/en/event/80029,https://m.media-amazon.com/images/M/MV5BZDEyY2M2MGMtYjg5OC00ZWFjLWFkZDQtNmQzZTdiYmYzZTBkXkEyXkFqcGc@._V1_SX300.jpg
JLMCT,25/12/2024,20:30,A Dirty Story,1977,https://jer-cin.org.il/en/event/80031,https://m.media-amazon.com/images/M/MV5BOWU5OTUxODctOWE3YS00OWU3LTgwNGItY2FjYzczOWYxY2YxXkEyXkFqcGdeQXVyMTY1NDQyNTMx._V1_SX300.jpg
TLVCT,25/12/2024,18:30,Marcello Mio,2024,https://www.cinema.co.il/en/event/%d7%9e%d7%a8%d7%a6%d7%9c%d7%95-%d7%9e%d7%99%d7%95/,https://m.media-amazon.com/images/M/MV5BNzE4MDU5NGYtNWUwNy00NDY2LWE5ZDQtOGEwYzMwYjUzYjUzXkEyXkFqcGc@._V1_SX300.jpg
TLVCT,25/12/2024,21:00,Beetlejuice Beetlejuice,2024,https://www.cinema.co.il/en/event/%d7%91%d7%99%d7%98%d7%9c%d7%92%d7%95%d7%a1-%d7%91%d7%99%d7%98%d7%9c%d7%92%d7%95%d7%a1/,https://m.media-amazon.com/images/M/MV5BYmRlYzE3ZTYtNjIyZi00MWYyLWEzZDItOWI5NzM1Yjc0NmI5XkEyXkFqcGc@._V1_SX300.jpg
HFCT,26/12/2024,18:15,My Old Ass,2024,https://www.haifacin.co.il/Event/14465/,https://m.media-amazon.com/images/M/MV5BNDhiYjE1ZTAtMjM2My00OGZhLWE4MGMtMDI1YzRiYWYzMTdkXkEyXkFqcGc@._V1_SX300.jpg
HFCT,26/12/2024,20:00,A Normal Family,2023,https://www.haifacin.co.il/Event/14468/,https://m.media-amazon.com/images/M/MV5BMWMxZjE4ODEtYzU1Ni00MjM4LTkzYjAtYWJmYTc0N2JiMWNmXkEyXkFqcGc@._V1_SX300.jpg
HRZCT,26/12/2024,20:00,Alien,1979,https://www.hcinema.org.il/event/%d7%94%d7%a0%d7%95%d7%a1%d7%a2-%d7%94%d7%a9%d7%9e%d7%99%d7%a0%d7%99-alien/,https://m.media-amazon.com/images/M/MV5BN2NhMDk2MmEtZDQzOC00MmY5LThhYzAtMDdjZGFjOGZjMjdjXkEyXkFqcGc@._V1_SX300.jpg
HRZCT,26/12/2024,22:30,The Making of 'Alien 3',1992,https://www.hcinema.org.il/event/%d7%94%d7%a0%d7%95%d7%a1%d7%a2-%d7%94%d7%a9%d7%9e%d7%99%d7%a0%d7%99-3-alien-3/,https://m.media-amazon.com/images/M/MV5BMzI1YmFjNWMtYjE1NS00NTMzLTkxMmEtZTA3MWRkNTJjYWZhXkEyXkFqcGc@._V1_SX300.jpg
JLMCT,26/12/2024,18:00,The Mother and the Whore,1973,https://jer-cin.org.il/en/event/79977,https://m.media-amazon.com/images/M/MV5BZTRkOGM3ZWMtOGVhYy00Y2M1LWI2NDktZmQxYTgzNDNlMWIzXkEyXkFqcGc@._V1_SX300.jpg
JLMCT,26/12/2024,18:00,Adios Buenos Aires,2023,https://jer-cin.org.il/en/event/80019,https://m.media-amazon.com/images/M/MV5BOTUwYzhhN2YtOGM5ZC00Y2ZlLThjNzItYTVlMmM1OTEwMDFhXkEyXkFqcGc@._V1_SX300.jpg
JLMCT,26/12/2024,20:00,Pink Floyd: The Wall,1982,https://jer-cin.org.il/en/event/80033,https://m.media-amazon.com/images/M/MV5BNzMxZGFhMTUtZGJjYS00Njc4LTk1NTktZmYzNjI0MzQxZDU3XkEyXkFqcGc@._V1_SX300.jpg
TLVCT,26/12/2024,16:00,Where Is Anne Frank,2021,https://www.cinema.co.il/en/event/%d7%90%d7%99%d7%a4%d7%94-%d7%90%d7%a0%d7%94-%d7%a4%d7%a8%d7%a0%d7%a7-%d7%9e%d7%a4%d7%92%d7%a9-%d7%a2%d7%9d-%d7%94%d7%91%d7%9e%d7%90%d7%99-%d7%a4%d7%a1%d7%98%d7%99%d7%91%d7%9c-%d7%a1%d7%a8/,https://m.media-amazon.com/images/M/MV5BYzg2MzJjOWItMzY1NS00ZDdjLWFjZTUtMGZjYzg4Y2IxNjEwXkEyXkFqcGc@._V1_SX300.jpg
TLVCT,26/12/2024,19:00,Beauty and the Beast,1991,https://www.cinema.co.il/en/event/%d7%94%d7%99%d7%a4%d7%94-%d7%95%d7%94%d7%97%d7%99%d7%94-%d7%94%d7%a7%d7%a8%d7%a0%d7%94-%d7%a4%d7%a2%d7%99%d7%9c%d7%94-%d7%a2%d7%9d-%d7%9e%d7%99%d7%94-%d7%93%d7%92%d7%9f-%d7%95%d7%90%d7%99%d7%aa/,https://m.media-amazon.com/images/M/MV5BYTY3NDg2YzktYWFjZC00MTExLTlmZDctMGY3MWYzZTlkYTNiXkEyXkFqcGc@._V1_SX300.jpg
TLVCT,26/12/2024,20:30,The Little Mermaid,2023,https://www.cinema.co.il/en/event/%d7%91%d7%aa-%d7%94%d7%99%d7%9d-%d7%94%d7%a7%d7%98%d7%a0%d7%94-%d7%a7%d7%95%d7%a8%d7%99%d7%9f-%d7%a7%d7%99%d7%a6%d7%99%d7%a1/,https://m.media-amazon.com/images/M/MV5BMTM4MWY0OTEtY2E4ZC00NDdhLThkY2ItYTlmNWQxNTNkZTRmXkEyXkFqcGc@._V1_SX300.jpg
TLVCT,26/12/2024,21:00,Toy Story,1995,https://www.cinema.co.il/en/event/%d7%a6%d7%a2%d7%a6%d7%95%d7%a2-%d7%a9%d7%9c-%d7%a1%d7%99%d7%a4%d7%95%d7%a8-%d7%a9%d7%99%d7%a8-%d7%a8%d7%90%d7%95%d7%91%d7%9f-%d7%95%d7%92%d7%99%d7%aa%d7%99%d7%aa-%d7%a4%d7%99%d7%a9%d7%a8/,https://m.media-amazon.com/images/M/MV5BZTA3OWVjOWItNjE1NS00NzZiLWE1MjgtZDZhMWI1ZTlkNzYwXkEyXkFqcGc@._V1_SX300.jpg
TLVCT,26/12/2024,21:30,Mulan,1998,https://www.cinema.co.il/en/event/%d7%9e%d7%95%d7%9c%d7%90%d7%9f-%d7%94%d7%a4%d7%a9%d7%95%d7%98%d7%a2/,https://m.media-amazon.com/images/M/MV5BYzU0ZTQxZDktOGY0Yy00NjdiLTllNDItMTMzMjI1YjMyYjRhXkEyXkFqcGc@._V1_SX300.jpg
HFCT,27/12/2024,16:30,Jacob the Baker,2023,https://www.haifacin.co.il/Event/14477/,https://m.media-amazon.com/images/M/MV5BNmZiZjAyM2MtMzE5MS00Y2M2LWFiYzUtOGRjYTkwM2JiNjhmXkEyXkFqcGdeQXVyMjE0NjA2NDQ@._V1_SX300.jpg
HRZCT,27/12/2024,21:00,It's a Wonderful Life,1946,https://www.hcinema.org.il/event/%d7%90%d7%9c%d7%95-%d7%97%d7%99%d7%99%d7%9d-%d7%a0%d7%a4%d7%9c%d7%90%d7%99%d7%9d-its-a-wonderful-life/,https://m.media-amazon.com/images/M/MV5BMDM4OWFhYjEtNTE5Yy00NjcyLTg5N2UtZDQwNDZlYjlmNDU5XkEyXkFqcGc@._V1_SX300.jpg
JLMCT,27/12/2024,16:00,Adios Buenos Aires,2023,https://jer-cin.org.il/en/event/80021,https://m.media-amazon.com/images/M/MV5BOTUwYzhhN2YtOGM5ZC00Y2ZlLThjNzItYTVlMmM1OTEwMDFhXkEyXkFqcGc@._V1_SX300.jpg
JLMCT,27/12/2024,18:00,Green Border,2023,https://jer-cin.org.il/en/event/80011,https://m.media-amazon.com/images/M/MV5BNjg0YzhhZGMtNTAzNS00YTJlLWFkMTMtMWZlZTk3ZDIwMWNlXkEyXkFqcGc@._V1_SX300.jpg
JLMCT,27/12/2024,21:00,Pink Floyd: The Wall,1982,https://jer-cin.org.il/en/event/80035,https://m.media-amazon.com/images/M/MV5BNzMxZGFhMTUtZGJjYS00Njc4LTk1NTktZmYzNjI0MzQxZDU3XkEyXkFqcGc@._V1_SX300.jpg
TLVCT,27/12/2024,10:00,Ooops a Desi,2013,https://www.cinema.co.il/en/event/%d7%90%d7%95%d7%a4%d7%a1%d7%a1%d7%a1-%d7%94%d7%9e%d7%9e%d7%9c%d7%9b%d7%94-%d7%94%d7%a9%d7%aa%d7%92%d7%a2%d7%94-%d7%9e%d7%a9%d7%97%d7%a7-%d7%94%d7%9e%d7%a9%d7%99%d7%9e%d7%95%d7%aa-%d7%a4%d7%a1/,https://m.media-amazon.com/images/M/MV5BNTkxNzg5NjM5N15BMl5BanBnXkFtZTgwMzE1MjIyMDE@._V1_SX300.jpg
TLVCT,27/12/2024,11:30,Spellbound,1945,https://www.cinema.co.il/en/event/%d7%90%d7%94%d7%91%d7%94-%d7%9e%d7%9b%d7%95%d7%a9%d7%a4%d7%aa-%d7%a4%d7%a1%d7%98%d7%99%d7%91%d7%9c-%d7%99%d7%9c%d7%93%d7%99%d7%9d-2024/,https://m.media-amazon.com/images/M/MV5BYmMxNWY2MjItMWQyMi00MmNiLTk3ZTUtNjRlOTZhNzVjNzc0XkEyXkFqcGc@._V1_SX300.jpg
TLVCT,27/12/2024,13:30,Harry Potter and the Chamber of Secrets,2002,https://www.cinema.co.il/en/event/%d7%94%d7%90%d7%a8%d7%99-%d7%a4%d7%95%d7%98%d7%a8-%d7%95%d7%97%d7%93%d7%a8-%d7%94%d7%a1%d7%95%d7%93%d7%95%d7%aa-%d7%9e%d7%93%d7%95%d7%91%d7%91-%d7%a4%d7%a1%d7%98%d7%99%d7%91%d7%9c-%d7%99/,https://m.media-amazon.com/images/M/MV5BNGJhM2M2MWYtZjIzMC00MDZmLThkY2EtOWViMDhhYjRhMzk4XkEyXkFqcGc@._V1_SX300.jpg
TLVCT,27/12/2024,21:30,The Rocky Horror Picture Show,1975,https://www.cinema.co.il/en/event/%d7%9e%d7%95%d7%a4%d7%a2-%d7%94%d7%a7%d7%95%d7%9c%d7%a0%d7%95%d7%a2-%d7%a9%d7%9c-%d7%a8%d7%95%d7%a7%d7%99-%d7%a4%d7%95%d7%9c%d7%97%d7%9f-2/,https://m.media-amazon.com/images/M/MV5BOTg2YzY5ZGYtNDk1My00N2Q2LWFhN2YtZWU5YTkzODIyZGRmXkEyXkFqcGc@._V1_SX300.jpg
TLVCT,27/12/2024,22:00,Star Wars Episode 4: A New Hope,1977,https://www.cinema.co.il/en/event/%d7%90%d7%a4%d7%98%d7%a8-%d7%a9%d7%99%d7%a9%d7%99-%d7%9e%d7%9c%d7%97%d7%9e%d7%aa-%d7%94%d7%9b%d7%95%d7%9b%d7%91%d7%99%d7%9d-%d7%aa%d7%a7%d7%95%d7%95%d7%94-%d7%97%d7%93%d7%a9%d7%94/,
HFCT,28/12/2024,11:00,We Live in Time,2024,https://www.haifacin.co.il/Event/14471/,https://m.media-amazon.com/images/M/MV5BYmQwNzRiNmItODc4Ny00Mjk4LThmYWQtNjI5OGU4OGUxMmY0XkEyXkFqcGc@._V1_SX300.jpg
TLVCT,28/12/2024,12:00,E.T. the Extra-Terrestrial,1982,https://www.cinema.co.il/en/event/%d7%90%d7%99-%d7%98%d7%99-%d7%97%d7%91%d7%a8-%d7%9e%d7%9b%d7%95%d7%9b%d7%91-%d7%90%d7%97%d7%a8-%d7%a4%d7%a1%d7%98%d7%99%d7%91%d7%9c-%d7%99%d7%9c%d7%93%d7%99%d7%9d-20/,https://m.media-amazon.com/images/M/MV5BYTNhNmY0YWMtMTczYi00MTA0LThhMmUtMTIxYzE0Y2QwMzRlXkEyXkFqcGc@._V1_SX300.jpg
TLVCT,28/12/2024,13:00,Belonging,2019,https://www.cinema.co.il/en/event/%d7%a9%d7%99%d7%99%d7%9b%d7%95%d7%aa-%d7%a4%d7%a1%d7%98%d7%99%d7%91%d7%9c-%d7%99%d7%9c%d7%93%d7%99%d7%9d-2024/,https://m.media-amazon.com/images/M/MV5BODlhMWRkNGEtNWE0Yi00MzdkLWJiY2MtNTBkY2UzYTNjZGVhXkEyXkFqcGdeQXVyNzM5NTI0NDk@._V1_SX300.jpg
TLVCT,28/12/2024,13:30,Around the World in 80 Days,2004,https://www.cinema.co.il/en/event/%d7%9e%d7%a1%d7%91%d7%99%d7%91-%d7%9c%d7%a2%d7%95%d7%9c%d7%9d-%d7%91-80-%d7%99%d7%9e%d7%99%d7%9d-%d7%a4%d7%a1%d7%98%d7%99%d7%91%d7%9c-%d7%99%d7%9c%d7%93%d7%99%d7%9d-202/,https://m.media-amazon.com/images/M/MV5BMjIwNDk0NzUtNTZlOC00OGNiLWI0ODgtYWNhYzU4MzEwMjRiXkEyXkFqcGc@._V1_SX300.jpg
TLVCT,28/12/2024,14:30,Harry Potter and the Prisoner of Azkaban,2004,https://www.cinema.co.il/en/event/%d7%94%d7%90%d7%a8%d7%99-%d7%a4%d7%95%d7%98%d7%a8-%d7%95%d7%94%d7%90%d7%a1%d7%99%d7%a8-%d7%9e%d7%90%d7%96%d7%a7%d7%91%d7%90%d7%9f-%d7%9e%d7%93%d7%95%d7%91%d7%91-%d7%a4%d7%a1%d7%98%d7%99%d7%91/,https://m.media-amazon.com/images/M/MV5BMTY4NTIwODg0N15BMl5BanBnXkFtZTcwOTc0MjEzMw@@._V1_SX300.jpg
TLVCT,28/12/2024,15:00,Nelly Rapp – The Dark Forest,2023,https://www.cinema.co.il/en/event/%d7%a0%d7%9c%d7%99-%d7%a8%d7%90%d7%a4-%d7%94%d7%99%d7%a2%d7%a8-%d7%94%d7%90%d7%a4%d7%9c-%d7%a4%d7%a1%d7%98%d7%99%d7%91%d7%9c-%d7%99%d7%9c%d7%93%d7%99%d7%9d-2024/,
TLVCT,28/12/2024,17:00,Find Me In Paris,2018,https://www.cinema.co.il/en/event/%d7%a0%d7%a1%d7%99%d7%9b%d7%aa-%d7%94%d7%96%d7%9e%d7%9f-%d7%a4%d7%a1%d7%98%d7%99%d7%91%d7%9c-%d7%99%d7%9c%d7%93%d7%99%d7%9d-2024/,
TLVCT,28/12/2024,19:00,Joker: Folie à Deux,2024,https://www.cinema.co.il/en/event/%d7%92%d7%95%d7%a7%d7%a8-%d7%98%d7%99%d7%a8%d7%95%d7%a3-%d7%91%d7%a9%d7%a0%d7%99%d7%99%d7%9d/,https://m.media-amazon.com/images/M/MV5BNTRlNmU1NzEtODNkNC00ZGM3LWFmNzQtMjBlMWRiYTcyMGRhXkEyXkFqcGc@._V1_SX300.jpg
TLVCT,28/12/2024,19:30,"Come, Closer",2010,https://www.cinema.co.il/en/event/%d7%a7%d7%a8%d7%95%d7%91-%d7%90%d7%9c%d7%99%d7%99-%d7%a1%d7%99%d7%a0%d7%9e%d7%98%d7%a7/,https://m.media-amazon.com/images/M/MV5BOTllMTJhMjEtNzZjMS00MzhjLThmMjgtMGIwMTcwODA0MDZjXkEyXkFqcGdeQXVyNDE2NjE1Njc@._V1_SX300.jpg
HFCT,29/12/2024,18:00,What Time Is It There?,2001,https://www.haifacin.co.il/Event/14480/,https://m.media-amazon.com/images/M/MV5BNTMzNDIzNjYyOF5BMl5BanBnXkFtZTcwODE4OTQyMQ@@._V1_SX300.jpg
HFCT,29/12/2024,20:00,Girl with a Pearl Earring,2003,https://www.haifacin.co.il/Event/14481/,https://m.media-amazon.com/images/M/MV5BYTQ0MGU5ODEtYTg5NC00N2MyLTkyMGQtOWJhYzMwNGU3MzEzXkEyXkFqcGc@._V1_SX300.jpg
HRZCT,29/12/2024,20:00,Brazil,1985,https://www.hcinema.org.il/event/%d7%91%d7%a8%d7%96%d7%99%d7%9c-brazil/,https://m.media-amazon.com/images/M/MV5BNjI1MTAzNmYtYzQ3Zi00ZWE0LWJiZmQtY2UwZWU3ZTE4OGQ3XkEyXkFqcGc@._V1_SX300.jpg
TLVCT,29/12/2024,11:00,The Goonies,1985,https://www.cinema.co.il/en/event/%d7%94%d7%92%d7%95%d7%a0%d7%99%d7%a1-%d7%a4%d7%a1%d7%98%d7%99%d7%91%d7%9c-%d7%99%d7%9c%d7%93%d7%99%d7%9d-2024/,https://m.media-amazon.com/images/M/MV5BMjE1OWU4ODEtZmEzMC00NTcwLWFlMWUtYjhlNzExOTIxYzVlXkEyXkFqcGc@._V1_SX300.jpg
TLVCT,29/12/2024,12:00,Children of Mavungu,2023,https://www.cinema.co.il/en/event/%d7%99%d7%9c%d7%93%d7%99-%d7%9e%d7%90%d7%95%d7%95%d7%a0%d7%92%d7%95-%d7%a4%d7%a1%d7%98%d7%99%d7%91%d7%9c-%d7%99%d7%9c%d7%93%d7%99%d7%9d-2024/,
TLVCT,29/12/2024,12:30,Dear Theodosia,2009,https://www.cinema.co.il/en/event/%d7%aa%d7%99%d7%90%d7%95%d7%93%d7%a1%d7%99%d7%90%d7%94-%d7%a4%d7%a1%d7%98%d7%99%d7%91%d7%9c-%d7%99%d7%9c%d7%93%d7%99%d7%9d-2024/,N/A
TLVCT,29/12/2024,14:00,Scarygirl,2023,https://www.cinema.co.il/en/event/%d7%9e%d7%a4%d7%97%d7%99%d7%93%d7%95%d7%a0%d7%aa-%d7%a4%d7%a1%d7%98%d7%99%d7%91%d7%9c-%d7%99%d7%9c%d7%93%d7%99%d7%9d-2024/,https://m.media-amazon.com/images/M/MV5BMjZiYTViNDQtZTJlZi00ZTc0LTlkMDMtNDg0ZjRmZDE4M2IyXkEyXkFqcGc@._V1_SX300.jpg
TLVCT,29/12/2024,16:00,Toy Story 3,2010,https://www.cinema.co.il/en/event/%d7%a6%d7%a2%d7%a6%d7%95%d7%a2-%d7%a9%d7%9c-%d7%a1%d7%99%d7%a4%d7%95%d7%a8-3-%d7%a4%d7%a1%d7%98%d7%99%d7%91%d7%9c-%d7%99%d7%9c%d7%93%d7%99%d7%9d-2024/,https://m.media-amazon.com/images/M/MV5BMTgxOTY4Mjc0MF5BMl5BanBnXkFtZTcwNTA4MDQyMw@@._V1_SX300.jpg
TLVCT,29/12/2024,19:30,What Time Is It There?,2001,https://www.cinema.co.il/en/event/%d7%9e%d7%94-%d7%94%d7%a9%d7%a2%d7%94/,https://m.media-amazon.com/images/M/MV5BNTMzNDIzNjYyOF5BMl5BanBnXkFtZTcwODE4OTQyMQ@@._V1_SX300.jpg
TLVCT,29/12/2024,20:00,Black Tea,2024,https://www.cinema.co.il/en/event/%d7%aa%d7%94-%d7%a9%d7%97%d7%95%d7%a8-%d7%9e%d7%95%d7%a2%d7%93%d7%95%d7%9f-%d7%94%d7%a1%d7%a8%d7%98-%d7%94%d7%a7%d7%95%d7%9c%d7%99%d7%a0%d7%90%d7%a8%d7%99/,https://m.media-amazon.com/images/M/MV5BMjBhYjg3ZTgtODQxMi00M2I5LTljYWUtNDQxZmMxNGY2ZmU2XkEyXkFqcGc@._V1_SX300.jpg
HFCT,30/12/2024,18:00,High & Low - John Galliano,2023,https://www.haifacin.co.il/Event/14482/,https://m.media-amazon.com/images/M/MV5BNTMzNDhmZTAtZjg3NS00N2Y1LThiMzQtMGEyNWU3MDgzOTZkXkEyXkFqcGc@._V1_SX300.jpg
HFCT,30/12/2024,20:15,This Is My Mother,2023,https://www.haifacin.co.il/Event/14475/,https://m.media-amazon.com/images/M/MV5BNGYxN2MzZDYtM2MwZC00MjcxLWEzODMtZGQ2ZmY1ODZlNDUzXkEyXkFqcGc@._V1_SX300.jpg
HRZCT,30/12/2024,20:30,The Cell,2000,https://www.hcinema.org.il/event/%d7%aa%d7%90-%d7%a7%d7%98%d7%9c%d7%a0%d7%99-the-cell/,https://m.media-amazon.com/images/M/MV5BOWMyN2RjZTgtOGFlMi00ZWIyLWFlNzktM2U1OTkxNWU0NzBhXkEyXkFqcGc@._V1_SX300.jpg
TLVCT,30/12/2024,19:00,Black Tea,2024,https://www.cinema.co.il/en/event/%d7%aa%d7%94-%d7%a9%d7%97%d7%95%d7%a8-%d7%a1%d7%99%d7%a0%d7%9e%d7%98%d7%a7/,https://m.media-amazon.com/images/M/MV5BMjBhYjg3ZTgtODQxMi00M2I5LTljYWUtNDQxZmMxNGY2ZmU2XkEyXkFqcGc@._V1_SX300.jpg
TLVCT,30/12/2024,19:30,Three Colors: Blue,1993,https://www.cinema.co.il/en/event/%d7%a1%d7%99%d7%a0%d7%9e%d7%94-%d7%92%d7%a8%d7%90%d7%96-%d7%a9%d7%9c%d7%95%d7%a9%d7%aa-%d7%94%d7%a6%d7%91%d7%a2%d7%99%d7%9d-%d7%9b%d7%97%d7%95%d7%9c/,
TLVCT,30/12/2024,21:00,Gondola,2023,https://www.cinema.co.il/en/event/%d7%92%d7%95%d7%a0%d7%93%d7%95%d7%9c%d7%94-%d7%9e%d7%95%d7%a2%d7%93%d7%95%d7%9f-tlvfest/,https://m.media-amazon.com/images/M/MV5BNjg5ZTJkNzYtZDgwNS00M2VmLWI3ZTUtMzg4MTA3Y2U1ZDUwXkEyXkFqcGc@._V1_SX300.jpg
HRZCT,31/12/2024,18:00,Riviera Revenge,,https://www.hcinema.org.il/event/%d7%9e%d7%9b%d7%aa%d7%91%d7%99-%d7%90%d7%94%d7%91%d7%94-%d7%9e%d7%94%d7%a8%d7%99%d7%91%d7%99%d7%99%d7%a8%d7%94-riviera-revenge-%d7%a9%d7%9c%d7%99%d7%a9%d7%99-%d7%96%d7%94%d7%91/,
TLVCT,31/12/2024,10:30,Home Alone,1990,https://www.cinema.co.il/en/event/%d7%a9%d7%9b%d7%97%d7%95-%d7%90%d7%95%d7%aa%d7%99-%d7%91%d7%91%d7%99%d7%aa-%d7%95%d7%9e%d7%a4%d7%92%d7%a9-%d7%a2%d7%9d-%d7%93%d7%a0%d7%94-%d7%a7%d7%a1%d7%9c%d7%a8-%d7%a4%d7%a1%d7%98%d7%99%d7%91/,https://m.media-amazon.com/images/M/MV5BNzNmNmQ2ZDEtMTc1MS00NjNiLThlMGUtZmQxNTg1Nzg5NWMzXkEyXkFqcGc@._V1_SX300.jpg
TLVCT,31/12/2024,13:30,Flow,2024,https://www.cinema.co.il/en/event/%d7%a2%d7%9d-%d7%94%d7%96%d7%a8%d7%9d-%d7%a4%d7%a1%d7%98%d7%99%d7%91%d7%9c-%d7%99%d7%9c%d7%93%d7%99%d7%9d-2024/,https://m.media-amazon.com/images/M/MV5BOTM5ODBlOTAtYjcwZi00YzkzLWIzODEtMTM2MTZlNDFmMWU2XkEyXkFqcGc@._V1_SX300.jpg
TLVCT,31/12/2024,14:30,Around the World in 80 Days,2004,https://www.cinema.co.il/en/event/%d7%9e%d7%a1%d7%91%d7%99%d7%91-%d7%9c%d7%a2%d7%95%d7%9c%d7%9d-%d7%91-80-%d7%99%d7%9e%d7%99%d7%9d-%d7%a4%d7%a1%d7%98%d7%99%d7%91%d7%9c-%d7%99%d7%9c%d7%93%d7%99%d7%9d-202/,https://m.media-amazon.com/images/M/MV5BMjIwNDk0NzUtNTZlOC00OGNiLWI0ODgtYWNhYzU4MzEwMjRiXkEyXkFqcGc@._V1_SX300.jpg
TLVCT,31/12/2024,16:30,Dear Theodosia,2009,https://www.cinema.co.il/en/event/%d7%aa%d7%99%d7%90%d7%95%d7%93%d7%a1%d7%99%d7%90%d7%94-%d7%a4%d7%a1%d7%98%d7%99%d7%91%d7%9c-%d7%99%d7%9c%d7%93%d7%99%d7%9d-2024/,N/A
TLVCT,31/12/2024,20:00,Joker: Folie à Deux,2024,https://www.cinema.co.il/en/event/%d7%92%d7%95%d7%a7%d7%a8-%d7%98%d7%99%d7%a8%d7%95%d7%a3-%d7%91%d7%a9%d7%a0%d7%99%d7%99%d7%9d/,https://m.media-amazon.com/images/M/MV5BNTRlNmU1NzEtODNkNC00ZGM3LWFmNzQtMjBlMWRiYTcyMGRhXkEyXkFqcGc@._V1_SX300.jpg
TLVCT,31/12/2024,21:00,Adios Buenos Aires,2023,https://www.cinema.co.il/en/event/%d7%90%d7%93%d7%99%d7%95%d7%a1-%d7%91%d7%95%d7%90%d7%a0%d7%95%d7%a1-%d7%90%d7%99%d7%99%d7%a8%d7%a1-%d7%a1%d7%99%d7%a0%d7%9e%d7%98%d7%a7/,https://m.media-amazon.com/images/M/MV5BOTUwYzhhN2YtOGM5ZC00Y2ZlLThjNzItYTVlMmM1OTEwMDFhXkEyXkFqcGc@._V1_SX300.jpg
