cinema,date,time,title,snif,type
ML,23/10/2024,22:00,1 Million Followers,Netanya,R
CC,23/10/2024,00:30,1 Million Followers,Glilot,R
CC,23/10/2024,22:40,1 Million Followers,Rishon Letzion,R
CC,23/10/2024,23:00,1 Million Followers,Rishon Letzion,R
CC,23/10/2024,21:45,1 Million Followers,Chadera,R
CC,23/10/2024,22:15,1 Million Followers,Ashdod,R
YP,23/10/2024,15:45,1 Million Followers,Rishon Letzion,R
YP,23/10/2024,18:00,1 Million Followers,Rishon Letzion,R
YP,23/10/2024,20:10,1 Million Followers,Rishon Letzion,R
YP,23/10/2024,22:15,1 Million Followers,Rishon Letzion,R
YP,23/10/2024,00:20,1 Million Followers,Rishon Letzion,R
YP,23/10/2024,20:00,1 Million Followers,Ayalon,R
YP,23/10/2024,22:10,1 Million Followers,Ayalon,R
YP,23/10/2024,00:30,1 Million Followers,Ayalon,R
YP,23/10/2024,17:40,1 Million Followers,Beer Sheva,R
YP,23/10/2024,20:00,1 Million Followers,Beer Sheva,R
YP,23/10/2024,22:10,1 Million Followers,Beer Sheva,R
YP,23/10/2024,00:20,1 Million Followers,Beer Sheva,R
YP,23/10/2024,16:00,1 Million Followers,Zichron Yaakov,R
YP,23/10/2024,19:45,1 Million Followers,Haifa,R
YP,23/10/2024,22:00,1 Million Followers,Haifa,R
YP,23/10/2024,17:30,1 Million Followers,Jerusalem,R
YP,23/10/2024,22:00,1 Million Followers,Jerusalem,R
LC,23/10/2024,15:00,Adios Buenos Aires,Raanana,R
LC,23/10/2024,15:25,Adios Buenos Aires,Tel Aviv,R
CC,23/10/2024,20:00,Adios Buenos Aires,Glilot,R
YP,23/10/2024,13:15,Adios Buenos Aires,Rishon Letzion,R
HC,23/10/2024,22:15,Bad Boys: Ride or Die,Haifa,R
HC,23/10/2024,22:00,Bad Boys: Ride or Die,Kfar Saba,R
CC,23/10/2024,23:15,Bad Boys: Ride or Die,Glilot,R
CC,23/10/2024,16:10,Bad Genius,Glilot,R
YP,23/10/2024,21:45,Bad Genius,Rishon Letzion,R
YP,23/10/2024,00:00,Bad Genius,Rishon Letzion,R
YP,23/10/2024,00:30,Bad Genius,Ayalon,R
YP,23/10/2024,23:15,Bad Genius,Jerusalem,R
ML,23/10/2024,12:45,Beetlejuice Beetlejuice,Netanya,R
HC,23/10/2024,18:40,Beetlejuice Beetlejuice,Kiryat Bialik,R
HC,23/10/2024,21:00,Beetlejuice Beetlejuice,Kiryat Bialik,R
HC,23/10/2024,15:15,Beetlejuice Beetlejuice,Haifa,R
HC,23/10/2024,17:30,Beetlejuice Beetlejuice,Haifa,R
HC,23/10/2024,19:45,Beetlejuice Beetlejuice,Haifa,R
HC,23/10/2024,22:00,Beetlejuice Beetlejuice,Haifa,R
HC,23/10/2024,20:00,Beetlejuice Beetlejuice,Kfar Saba,R
HC,23/10/2024,19:00,Beetlejuice Beetlejuice,Modiin,R
HC,23/10/2024,21:45,Beetlejuice Beetlejuice,Ashkelon,R
CC,23/10/2024,19:50,Beetlejuice Beetlejuice,Glilot,R
CC,23/10/2024,13:40,Beetlejuice Beetlejuice,Rishon Letzion,R
CC,23/10/2024,16:15,Beetlejuice Beetlejuice,Rishon Letzion,R
YP,23/10/2024,19:30,Beetlejuice Beetlejuice,Rishon Letzion,R
YP,23/10/2024,21:30,Beetlejuice Beetlejuice,Beer Sheva,R
YP,23/10/2024,00:15,Beetlejuice Beetlejuice,Haifa,R
YP,23/10/2024,00:10,Beetlejuice Beetlejuice,Jerusalem,R
CC,23/10/2024,20:30,Blink Twice,Glilot,R
CC,23/10/2024,23:00,Blink Twice,Glilot,R
CC,23/10/2024,21:30,Blink Twice,Ashdod,R
CC,23/10/2024,00:00,Blink Twice,Ashdod,R
YP,23/10/2024,00:00,Blink Twice,Beer Sheva,R
YP,23/10/2024,21:40,Bonnard: Pierre & Marthe,Rishon Letzion,R
CC,23/10/2024,22:10,Cash Out,Beer Sheva,R
LC,23/10/2024,14:40,Come Closer,Tel Aviv,R
LC,23/10/2024,19:00,Come Closer,Tel Aviv,R
LC,23/10/2024,21:40,Come Closer,Tel Aviv,R
LC,23/10/2024,16:00,Come Closer,Even Yehuda,R
LC,23/10/2024,17:15,Come Closer,Raanana,R
LC,23/10/2024,21:20,Come Closer,Raanana,R
HC,23/10/2024,14:40,Come Closer,Kiryat Bialik,R
HC,23/10/2024,19:10,Come Closer,Kiryat Bialik,R
HC,23/10/2024,21:30,Come Closer,Kiryat Bialik,R
HC,23/10/2024,19:30,Come Closer,Haifa,R
HC,23/10/2024,21:50,Come Closer,Haifa,R
HC,23/10/2024,19:10,Come Closer,Kfar Saba,R
HC,23/10/2024,21:30,Come Closer,Kfar Saba,R
HC,23/10/2024,19:00,Come Closer,Rehovot,R
CC,23/10/2024,12:10,Come Closer,Glilot,R
CC,23/10/2024,17:00,Come Closer,Glilot,R
CC,23/10/2024,19:20,Come Closer,Glilot,R
CC,23/10/2024,21:40,Come Closer,Glilot,R
CC,23/10/2024,19:10,Come Closer,Rishon Letzion,R
CC,23/10/2024,21:40,Come Closer,Rishon Letzion,R
CC,23/10/2024,18:50,Come Closer,Chadera,Prime
CC,23/10/2024,19:45,Come Closer,Ashdod,R
YP,23/10/2024,19:50,Come Closer,Rishon Letzion,R
YP,23/10/2024,22:15,Come Closer,Rishon Letzion,R
YP,23/10/2024,00:30,Come Closer,Rishon Letzion,R
YP,23/10/2024,19:20,Come Closer,Ayalon,R
YP,23/10/2024,17:50,Come Closer,Haifa,R
YP,23/10/2024,22:00,Come Closer,Haifa,R
YP,23/10/2024,19:00,Come Closer,Jerusalem,R
ML,23/10/2024,15:15,Deadpool & Wolverine,Netanya,R
HC,23/10/2024,19:45,Deadpool & Wolverine,Kiryat Bialik,R
HC,23/10/2024,22:25,Deadpool & Wolverine,Kiryat Bialik,R
HC,23/10/2024,19:30,Deadpool & Wolverine,Haifa,R
HC,23/10/2024,22:10,Deadpool & Wolverine,Haifa,R
HC,23/10/2024,19:35,Deadpool & Wolverine,Kfar Saba,R
HC,23/10/2024,22:15,Deadpool & Wolverine,Kfar Saba,R
HC,23/10/2024,21:15,Deadpool & Wolverine,Modiin,R
CC,23/10/2024,19:15,Deadpool & Wolverine,Glilot,R
CC,23/10/2024,22:10,Deadpool & Wolverine,Beer Sheva,R
CC,23/10/2024,13:30,Deadpool & Wolverine,Chadera,Prime
YP,23/10/2024,19:20,Deadpool and Wolverine (2024),Rishon Letzion,R
YP,23/10/2024,21:55,Deadpool and Wolverine (2024),Rishon Letzion,R
YP,23/10/2024,00:30,Deadpool and Wolverine (2024),Rishon Letzion,R
YP,23/10/2024,19:05,Deadpool and Wolverine (2024),Ayalon,R
YP,23/10/2024,21:50,Deadpool and Wolverine (2024),Ayalon,R
LC,23/10/2024,12:50,Fallen Leaves,Tel Aviv,R
ML,23/10/2024,19:55,Hellboy: The Crooked Man,Netanya,R
ML,23/10/2024,22:15,Hellboy: The Crooked Man,Netanya,R
CC,23/10/2024,23:15,Hellboy: The Crooked Man,Glilot,R
CC,23/10/2024,20:10,Hellboy: The Crooked Man,Rishon Letzion,R
CC,23/10/2024,22:10,Hellboy: The Crooked Man,Kfar Saba,R
YP,23/10/2024,21:45,Hellboy: The Crooked Man,Rishon Letzion,R
YP,23/10/2024,19:30,Hellboy: The Crooked Man,Ayalon,R
YP,23/10/2024,21:45,Hellboy: The Crooked Man,Ayalon,R
YP,23/10/2024,00:00,Hellboy: The Crooked Man,Ayalon,R
YP,23/10/2024,19:30,Hellboy: The Crooked Man,Beer Sheva,R
YP,23/10/2024,21:45,Hellboy: The Crooked Man,Beer Sheva,R
YP,23/10/2024,19:30,Hellboy: The Crooked Man,Zichron Yaakov,R
YP,23/10/2024,21:40,Hellboy: The Crooked Man,Haifa,R
YP,23/10/2024,00:00,Hellboy: The Crooked Man,Haifa,R
YP,23/10/2024,19:45,Hellboy: The Crooked Man,Jerusalem,R
YP,23/10/2024,00:10,Hellboy: The Crooked Man,Jerusalem,R
HC,23/10/2024,21:00,Hellboy: The Crooked Man,Kiryat Bialik,R
HC,23/10/2024,23:10,Hellboy: The Crooked Man,Kiryat Bialik,R
HC,23/10/2024,21:50,Hellboy: The Crooked Man,Haifa,R
HC,23/10/2024,12:30,Inside Out 2,Kiryat Bialik,R
HC,23/10/2024,19:00,It Ends with Us,Kiryat Bialik,R
HC,23/10/2024,21:40,It Ends with Us,Kiryat Bialik,R
HC,23/10/2024,19:00,It Ends with Us,Haifa,R
HC,23/10/2024,21:40,It Ends with Us,Haifa,R
HC,23/10/2024,19:10,It Ends with Us,Kfar Saba,R
HC,23/10/2024,18:30,It Ends with Us,Ashdod,R
HC,23/10/2024,19:00,It Ends with Us,Ashkelon,R
CC,23/10/2024,22:10,It Ends with Us,Glilot,R
CC,23/10/2024,19:45,It Ends with Us,Rishon Letzion,R
CC,23/10/2024,21:40,It Ends with Us,Netanya,R
CC,23/10/2024,19:10,It Ends with Us,Beer Sheva,R
CC,23/10/2024,20:40,It Ends with Us,Ashdod,R
YP,23/10/2024,15:00,It Ends with Us,Ayalon,R
LC,23/10/2024,21:15,Joker: Folie à Deux,Tel Aviv,R
ML,23/10/2024,18:40,Joker: Folie à Deux,Carmiel,R
ML,23/10/2024,22:00,Joker: Folie à Deux,Carmiel,R
ML,23/10/2024,18:15,Joker: Folie à Deux,Haifa,Upgrade
ML,23/10/2024,22:15,Joker: Folie à Deux,Haifa,R
ML,23/10/2024,15:55,Joker: Folie à Deux,Netanya,Upgrade
ML,23/10/2024,18:55,Joker: Folie à Deux,Netanya,Upgrade
ML,23/10/2024,22:00,Joker: Folie à Deux,Netanya,Upgrade
HC,23/10/2024,19:15,Joker: Folie à Deux,Carmiel,R
HC,23/10/2024,22:10,Joker: Folie à Deux,Carmiel,R
HC,23/10/2024,11:30,Joker: Folie à Deux,Kiryat Bialik,R
HC,23/10/2024,14:20,Joker: Folie à Deux,Kiryat Bialik,R
HC,23/10/2024,17:10,Joker: Folie à Deux,Kiryat Bialik,R
HC,23/10/2024,19:10,Joker: Folie à Deux,Kiryat Bialik,R
HC,23/10/2024,22:00,Joker: Folie à Deux,Kiryat Bialik,R
HC,23/10/2024,14:15,Joker: Folie à Deux,Haifa,R
HC,23/10/2024,17:30,Joker: Folie à Deux,Haifa,R
HC,23/10/2024,19:00,Joker: Folie à Deux,Haifa,R
HC,23/10/2024,20:45,Joker: Folie à Deux,Haifa,R
HC,23/10/2024,21:50,Joker: Folie à Deux,Haifa,R
HC,23/10/2024,14:55,Joker: Folie à Deux,Kfar Saba,R
HC,23/10/2024,17:50,Joker: Folie à Deux,Kfar Saba,R
HC,23/10/2024,19:15,Joker: Folie à Deux,Kfar Saba,R
HC,23/10/2024,22:10,Joker: Folie à Deux,Kfar Saba,R
HC,23/10/2024,19:00,Joker: Folie à Deux,Petach Tikvah,R
HC,23/10/2024,21:40,Joker: Folie à Deux,Petach Tikvah,R
HC,23/10/2024,21:50,Joker: Folie à Deux,Petach Tikvah,R
HC,23/10/2024,19:00,Joker: Folie à Deux,Modiin,R
HC,23/10/2024,21:50,Joker: Folie à Deux,Modiin,R
HC,23/10/2024,19:30,Joker: Folie à Deux,Rehovot,R
HC,23/10/2024,22:20,Joker: Folie à Deux,Rehovot,R
HC,23/10/2024,19:30,Joker: Folie à Deux,Ashdod,R
HC,23/10/2024,22:15,Joker: Folie à Deux,Ashdod,R
HC,23/10/2024,19:15,Joker: Folie à Deux,Ashkelon,R
HC,23/10/2024,22:00,Joker: Folie à Deux,Ashkelon,R
YP,23/10/2024,11:30,Joker: Folie à Deux,Rishon Letzion,R
YP,23/10/2024,17:50,Joker: Folie à Deux,Rishon Letzion,R
YP,23/10/2024,20:45,Joker: Folie à Deux,Rishon Letzion,R
YP,23/10/2024,23:40,Joker: Folie à Deux,Rishon Letzion,R
YP,23/10/2024,13:30,Joker: Folie à Deux,Ayalon,R
YP,23/10/2024,16:15,Joker: Folie à Deux,Ayalon,R
YP,23/10/2024,18:15,Joker: Folie à Deux,Ayalon,R
YP,23/10/2024,21:15,Joker: Folie à Deux,Ayalon,R
YP,23/10/2024,00:15,Joker: Folie à Deux,Ayalon,R
YP,23/10/2024,11:30,Joker: Folie à Deux,Beer Sheva,R
YP,23/10/2024,14:30,Joker: Folie à Deux,Beer Sheva,R
YP,23/10/2024,17:30,Joker: Folie à Deux,Beer Sheva,R
YP,23/10/2024,20:30,Joker: Folie à Deux,Beer Sheva,R
YP,23/10/2024,23:25,Joker: Folie à Deux,Beer Sheva,R
YP,23/10/2024,14:00,Joker: Folie à Deux,Beer Sheva,VIP
YP,23/10/2024,19:00,Joker: Folie à Deux,Zichron Yaakov,R
YP,23/10/2024,20:00,Joker: Folie à Deux,Zichron Yaakov,R
YP,23/10/2024,21:50,Joker: Folie à Deux,Zichron Yaakov,R
YP,23/10/2024,22:55,Joker: Folie à Deux,Zichron Yaakov,R
YP,23/10/2024,12:15,Joker: Folie à Deux,Haifa,R
YP,23/10/2024,12:30,Joker: Folie à Deux,Haifa,R
YP,23/10/2024,12:50,Joker: Folie à Deux,Haifa,R
YP,23/10/2024,15:15,Joker: Folie à Deux,Haifa,R
YP,23/10/2024,16:00,Joker: Folie à Deux,Haifa,R
YP,23/10/2024,17:40,Joker: Folie à Deux,Haifa,R
YP,23/10/2024,18:00,Joker: Folie à Deux,Haifa,R
YP,23/10/2024,18:50,Joker: Folie à Deux,Haifa,R
YP,23/10/2024,20:50,Joker: Folie à Deux,Haifa,R
YP,23/10/2024,21:40,Joker: Folie à Deux,Haifa,R
YP,23/10/2024,00:10,Joker: Folie à Deux,Haifa,R
YP,23/10/2024,00:10,Joker: Folie à Deux,Haifa,R
YP,23/10/2024,11:30,Joker: Folie à Deux,Jerusalem,R
YP,23/10/2024,14:30,Joker: Folie à Deux,Jerusalem,R
YP,23/10/2024,17:30,Joker: Folie à Deux,Jerusalem,R
YP,23/10/2024,20:30,Joker: Folie à Deux,Jerusalem,R
YP,23/10/2024,23:20,Joker: Folie à Deux,Jerusalem,R
CC,23/10/2024,19:15,Joker: Folie à Deux,Glilot,R
CC,23/10/2024,22:15,Joker: Folie à Deux,Glilot,R
CC,23/10/2024,00:00,Joker: Folie à Deux,Glilot,R
CC,23/10/2024,17:20,Joker: Folie à Deux,Rishon Letzion,R
CC,23/10/2024,18:45,Joker: Folie à Deux,Rishon Letzion,R
CC,23/10/2024,20:30,Joker: Folie à Deux,Rishon Letzion,R
CC,23/10/2024,21:50,Joker: Folie à Deux,Rishon Letzion,R
CC,23/10/2024,23:40,Joker: Folie à Deux,Rishon Letzion,R
CC,23/10/2024,18:10,Joker: Folie à Deux,Kfar Saba,R
CC,23/10/2024,21:20,Joker: Folie à Deux,Kfar Saba,R
CC,23/10/2024,19:20,Joker: Folie à Deux,Netanya,R
CC,23/10/2024,22:20,Joker: Folie à Deux,Netanya,R
CC,23/10/2024,19:10,Joker: Folie à Deux,Beer Sheva,R
CC,23/10/2024,22:00,Joker: Folie à Deux,Beer Sheva,R
CC,23/10/2024,21:10,Joker: Folie à Deux,Chadera,Prime
CC,23/10/2024,00:10,Joker: Folie à Deux,Chadera,Prime
CC,23/10/2024,20:50,Joker: Folie à Deux,Ashdod,R
CC,23/10/2024,23:40,Joker: Folie à Deux,Ashdod,R
RH,23/10/2024,22:00,Joker: Folie à Deux,Givataim,R
RH,23/10/2024,22:00,Joker: Folie à Deux,Kiryat Ono,R
LC,23/10/2024,13:30,Monster,Raanana,R
LC,23/10/2024,13:30,Monster,Tel Aviv,R
HC,23/10/2024,17:10,My Hero Academia: You're Next,Kiryat Bialik,R
HC,23/10/2024,19:30,My Hero Academia: You're Next,Kiryat Bialik,R
HC,23/10/2024,17:10,My Hero Academia: You're Next,Haifa,R
HC,23/10/2024,19:30,My Hero Academia: You're Next,Haifa,R
CC,23/10/2024,19:00,My Hero Academia: You're Next,Glilot,R
CC,23/10/2024,21:35,My Hero Academia: You're Next,Glilot,R
CC,23/10/2024,18:50,My Hero Academia: You're Next,Rishon Letzion,R
LC,23/10/2024,10:50,My Old Ass,Raanana,R
LC,23/10/2024,19:30,My Old Ass,Raanana,R
LC,23/10/2024,21:30,My Old Ass,Raanana,R
LC,23/10/2024,13:00,My Old Ass,Tel Aviv,R
LC,23/10/2024,17:00,My Old Ass,Tel Aviv,R
LC,23/10/2024,19:40,My Old Ass,Tel Aviv,R
LC,23/10/2024,21:40,My Old Ass,Tel Aviv,R
LC,23/10/2024,18:30,My Old Ass,Ramat Hasharon,R
LC,23/10/2024,18:30,My Old Ass,Even Yehuda,R
LC,23/10/2024,16:30,My Old Ass,Herziliya,R
LC,23/10/2024,21:30,My Old Ass,Shoham,R
LC,23/10/2024,16:00,My Old Ass,Beer Sheva,R
LC,23/10/2024,16:30,My Old Ass,Jerusalem,R
ML,23/10/2024,18:05,My Old Ass,Netanya,R
CC,23/10/2024,20:30,My Old Ass,Glilot,R
CC,23/10/2024,19:20,My Old Ass,Rishon Letzion,R
CC,23/10/2024,20:30,My Old Ass,Rishon Letzion,R
CC,23/10/2024,21:30,My Old Ass,Rishon Letzion,R
CC,23/10/2024,19:20,My Old Ass,Kfar Saba,R
CC,23/10/2024,19:20,My Old Ass,Netanya,R
CC,23/10/2024,19:30,My Old Ass,Chadera,R
CC,23/10/2024,19:50,My Old Ass,Ashdod,R
HC,23/10/2024,21:50,My Old Ass,Kiryat Bialik,R
HC,23/10/2024,21:40,My Old Ass,Haifa,R
CC,23/10/2024,22:20,Nefarious,Ashdod,R
YP,23/10/2024,17:15,Nefarious,Jerusalem,R
YP,23/10/2024,19:30,Never Let Go,Rishon Letzion,R
YP,23/10/2024,14:50,Never Let Go,Beer Sheva,R
LC,23/10/2024,10:45,Panda Bear in Africa,Tel Aviv,R
LC,23/10/2024,17:15,Panda Bear in Africa,Tel Aviv,R
LC,23/10/2024,11:00,Panda Bear in Africa,Raanana,R
LC,23/10/2024,12:50,Panda Bear in Africa,Raanana,R
LC,23/10/2024,14:45,Panda Bear in Africa,Raanana,R
LC,23/10/2024,11:00,Panda Bear in Africa,Shoham,R
LC,23/10/2024,15:10,Panda Bear in Africa,Shoham,R
YP,23/10/2024,17:30,Red Flower,Rishon Letzion,R
YP,23/10/2024,20:10,Red Flower,Rishon Letzion,R
YP,23/10/2024,22:10,Red Flower,Rishon Letzion,R
YP,23/10/2024,17:30,Red Flower,Beer Sheva,R
YP,23/10/2024,19:45,Red Flower,Beer Sheva,R
YP,23/10/2024,21:45,Red Flower,Beer Sheva,R
YP,23/10/2024,23:45,Red Flower,Beer Sheva,R
YP,23/10/2024,17:00,Red Flower,Haifa,R
YP,23/10/2024,19:00,Red Flower,Haifa,R
YP,23/10/2024,20:45,Red Flower,Haifa,R
YP,23/10/2024,22:30,Red Flower,Haifa,R
YP,23/10/2024,00:15,Red Flower,Haifa,R
YP,23/10/2024,21:45,Sex and the City,Rishon Letzion,R
YP,23/10/2024,00:15,Sex and the City,Rishon Letzion,R
CC,23/10/2024,22:45,Sleeping Dogs,Glilot,R
CC,23/10/2024,00:10,Sleeping Dogs,Chadera,R
YP,23/10/2024,19:15,Sleeping Dogs,Rishon Letzion,R
ML,23/10/2024,19:20,Smile 2,Carmiel,Upgrade
ML,23/10/2024,22:00,Smile 2,Carmiel,Upgrade
HC,23/10/2024,16:35,Smile 2,Carmiel,R
HC,23/10/2024,19:00,Smile 2,Carmiel,R
HC,23/10/2024,21:40,Smile 2,Carmiel,R
HC,23/10/2024,19:10,Smile 2,Nahariya,R
HC,23/10/2024,21:50,Smile 2,Nahariya,R
HC,23/10/2024,15:10,Smile 2,Kiryat Bialik,R
HC,23/10/2024,17:45,Smile 2,Kiryat Bialik,R
HC,23/10/2024,19:40,Smile 2,Kiryat Bialik,R
HC,23/10/2024,20:20,Smile 2,Kiryat Bialik,R
HC,23/10/2024,22:20,Smile 2,Kiryat Bialik,R
ML,23/10/2024,19:20,Smile 2,Haifa,Upgrade
HC,23/10/2024,23:00,Smile 2,Kiryat Bialik,R
ML,23/10/2024,22:05,Smile 2,Haifa,Upgrade
HC,23/10/2024,15:05,Smile 2,Haifa,R
HC,23/10/2024,17:40,Smile 2,Haifa,R
HC,23/10/2024,19:10,Smile 2,Haifa,R
HC,23/10/2024,21:50,Smile 2,Haifa,R
HC,23/10/2024,22:50,Smile 2,Haifa,R
HC,23/10/2024,14:15,Smile 2,Kfar Saba,R
HC,23/10/2024,17:00,Smile 2,Kfar Saba,R
HC,23/10/2024,19:15,Smile 2,Kfar Saba,R
HC,23/10/2024,20:10,Smile 2,Kfar Saba,R
HC,23/10/2024,22:10,Smile 2,Kfar Saba,R
HC,23/10/2024,22:50,Smile 2,Kfar Saba,R
HC,23/10/2024,17:40,Smile 2,Petach Tikvah,R
HC,23/10/2024,19:30,Smile 2,Petach Tikvah,R
HC,23/10/2024,22:10,Smile 2,Petach Tikvah,R
HC,23/10/2024,20:40,Smile 2,Modiin,R
HC,23/10/2024,21:30,Smile 2,Modiin,R
HC,23/10/2024,17:10,Smile 2,Rehovot,R
HC,23/10/2024,19:40,Smile 2,Rehovot,R
HC,23/10/2024,21:15,Smile 2,Rehovot,R
HC,23/10/2024,22:20,Smile 2,Rehovot,R
HC,23/10/2024,19:30,Smile 2,Ashdod,R
HC,23/10/2024,22:10,Smile 2,Ashdod,R
HC,23/10/2024,16:20,Smile 2,Ashkelon,R
HC,23/10/2024,19:15,Smile 2,Ashkelon,R
HC,23/10/2024,21:50,Smile 2,Ashkelon,R
HC,23/10/2024,22:30,Smile 2,Ashkelon,R
ML,23/10/2024,19:30,Smile 2,Netanya,R
ML,23/10/2024,22:25,Smile 2,Netanya,R
CC,23/10/2024,14:30,Smile 2,Glilot,R
CC,23/10/2024,17:30,Smile 2,Glilot,R
CC,23/10/2024,19:00,Smile 2,Glilot,R
CC,23/10/2024,20:40,Smile 2,Glilot,R
CC,23/10/2024,21:50,Smile 2,Glilot,R
CC,23/10/2024,22:10,Smile 2,Glilot,R
CC,23/10/2024,23:50,Smile 2,Glilot,R
CC,23/10/2024,00:30,Smile 2,Glilot,R
CC,23/10/2024,21:45,Smile 2,Glilot,VIP
CC,23/10/2024,23:00,Smile 2,Glilot,VIP
CC,23/10/2024,17:00,Smile 2,Rishon Letzion,R
CC,23/10/2024,20:10,Smile 2,Rishon Letzion,R
CC,23/10/2024,21:15,Smile 2,Rishon Letzion,R
CC,23/10/2024,22:40,Smile 2,Rishon Letzion,R
CC,23/10/2024,23:20,Smile 2,Rishon Letzion,R
CC,23/10/2024,11:20,Smile 2,Jerusalem,R
CC,23/10/2024,14:20,Smile 2,Jerusalem,R
YP,23/10/2024,11:00,Smile 2,Rishon Letzion,R
YP,23/10/2024,14:20,Smile 2,Rishon Letzion,R
YP,23/10/2024,20:45,Smile 2,Rishon Letzion,R
YP,23/10/2024,23:30,Smile 2,Rishon Letzion,R
YP,23/10/2024,00:00,Smile 2,Rishon Letzion,R
YP,23/10/2024,00:30,Smile 2,Rishon Letzion,R
YP,23/10/2024,19:15,Smile 2,Rishon Letzion,VIP
YP,23/10/2024,21:30,Smile 2,Rishon Letzion,VIP
YP,23/10/2024,22:15,Smile 2,Rishon Letzion,VIP
YP,23/10/2024,00:30,Smile 2,Rishon Letzion,VIP
CC,23/10/2024,19:00,Smile 2,Kfar Saba,R
CC,23/10/2024,21:50,Smile 2,Kfar Saba,R
YP,23/10/2024,15:30,Smile 2,Ayalon,R
YP,23/10/2024,17:20,Smile 2,Ayalon,R
YP,23/10/2024,18:50,Smile 2,Ayalon,R
YP,23/10/2024,20:00,Smile 2,Ayalon,R
YP,23/10/2024,21:30,Smile 2,Ayalon,R
YP,23/10/2024,22:45,Smile 2,Ayalon,R
YP,23/10/2024,23:40,Smile 2,Ayalon,R
YP,23/10/2024,00:10,Smile 2,Ayalon,R
CC,23/10/2024,17:50,Smile 2,Kfar Saba,Prime
CC,23/10/2024,19:30,Smile 2,Netanya,R
CC,23/10/2024,20:30,Smile 2,Netanya,R
CC,23/10/2024,22:30,Smile 2,Netanya,R
CC,23/10/2024,23:30,Smile 2,Netanya,R
YP,23/10/2024,12:30,Smile 2,Beer Sheva,R
YP,23/10/2024,19:00,Smile 2,Beer Sheva,R
YP,23/10/2024,21:40,Smile 2,Beer Sheva,R
YP,23/10/2024,00:15,Smile 2,Beer Sheva,R
YP,23/10/2024,00:20,Smile 2,Beer Sheva,R
YP,23/10/2024,19:10,Smile 2,Beer Sheva,VIP
YP,23/10/2024,21:50,Smile 2,Beer Sheva,VIP
CC,23/10/2024,17:30,Smile 2,Netanya,Prime
CC,23/10/2024,18:40,Smile 2,Beer Sheva,R
CC,23/10/2024,20:30,Smile 2,Beer Sheva,R
CC,23/10/2024,22:00,Smile 2,Beer Sheva,R
YP,23/10/2024,16:50,Smile 2,Zichron Yaakov,R
YP,23/10/2024,19:20,Smile 2,Zichron Yaakov,R
YP,23/10/2024,21:00,Smile 2,Zichron Yaakov,R
YP,23/10/2024,21:50,Smile 2,Zichron Yaakov,R
YP,23/10/2024,23:40,Smile 2,Zichron Yaakov,R
YP,23/10/2024,00:30,Smile 2,Zichron Yaakov,R
YP,23/10/2024,20:00,Smile 2,Zichron Yaakov,VIP
YP,23/10/2024,22:45,Smile 2,Zichron Yaakov,VIP
CC,23/10/2024,16:00,Smile 2,Chadera,R
CC,23/10/2024,19:30,Smile 2,Chadera,R
CC,23/10/2024,21:35,Smile 2,Chadera,R
CC,23/10/2024,22:30,Smile 2,Chadera,R
CC,23/10/2024,23:30,Smile 2,Chadera,R
CC,23/10/2024,00:30,Smile 2,Chadera,R
CC,23/10/2024,14:15,Smile 2,Ashdod,R
CC,23/10/2024,17:30,Smile 2,Ashdod,R
CC,23/10/2024,19:00,Smile 2,Ashdod,R
CC,23/10/2024,20:40,Smile 2,Ashdod,R
CC,23/10/2024,22:15,Smile 2,Ashdod,R
CC,23/10/2024,23:50,Smile 2,Ashdod,R
YP,23/10/2024,15:50,Smile 2,Haifa,R
YP,23/10/2024,18:45,Smile 2,Haifa,R
YP,23/10/2024,20:40,Smile 2,Haifa,R
YP,23/10/2024,21:30,Smile 2,Haifa,R
YP,23/10/2024,23:20,Smile 2,Haifa,R
YP,23/10/2024,00:10,Smile 2,Haifa,R
YP,23/10/2024,00:15,Smile 2,Haifa,R
YP,23/10/2024,17:30,Smile 2,Haifa,VIP
YP,23/10/2024,18:00,Smile 2,Haifa,VIP
YP,23/10/2024,20:20,Smile 2,Haifa,VIP
YP,23/10/2024,20:45,Smile 2,Haifa,VIP
YP,23/10/2024,23:10,Smile 2,Haifa,VIP
YP,23/10/2024,23:30,Smile 2,Haifa,VIP
YP,23/10/2024,15:10,Smile 2,Jerusalem,R
YP,23/10/2024,17:20,Smile 2,Jerusalem,R
YP,23/10/2024,20:00,Smile 2,Jerusalem,R
YP,23/10/2024,20:30,Smile 2,Jerusalem,R
YP,23/10/2024,22:40,Smile 2,Jerusalem,R
YP,23/10/2024,23:50,Smile 2,Jerusalem,R
YP,23/10/2024,00:20,Smile 2,Jerusalem,R
RH,23/10/2024,22:00,Smile 2,Givataim,R
RH,23/10/2024,21:50,Smile 2,Tel Aviv,R
RH,23/10/2024,22:00,Smile 2,Kiryat Ono,R
ML,23/10/2024,22:30,Speak No Evil,Netanya,R
CC,23/10/2024,22:00,Speak No Evil,Glilot,R
CC,23/10/2024,22:40,Speak No Evil,Rishon Letzion,R
CC,23/10/2024,18:00,Speak No Evil,Chadera,R
HC,23/10/2024,19:15,Speak No Evil,Haifa,R
YP,23/10/2024,22:10,Speak No Evil,Rishon Letzion,R
YP,23/10/2024,00:30,Speak No Evil,Rishon Letzion,R
YP,23/10/2024,19:00,Speak No Evil,Beer Sheva,R
YP,23/10/2024,00:10,Speak No Evil,Haifa,R
YP,23/10/2024,00:20,Speak No Evil,Jerusalem,R
CC,23/10/2024,00:10,Strange Darling,Glilot,R
HC,23/10/2024,19:00,The Apprentice,Kiryat Bialik,R
HC,23/10/2024,21:30,The Apprentice,Kiryat Bialik,R
HC,23/10/2024,17:10,The Apprentice,Haifa,R
HC,23/10/2024,19:40,The Apprentice,Haifa,R
HC,23/10/2024,21:40,The Apprentice,Haifa,R
HC,23/10/2024,19:40,The Apprentice,Kfar Saba,R
HC,23/10/2024,22:15,The Apprentice,Kfar Saba,R
HC,23/10/2024,19:30,The Apprentice,Modiin,R
YP,23/10/2024,17:00,The Apprentice,Rishon Letzion,R
YP,23/10/2024,19:30,The Apprentice,Rishon Letzion,R
YP,23/10/2024,22:00,The Apprentice,Rishon Letzion,R
YP,23/10/2024,00:30,The Apprentice,Rishon Letzion,R
YP,23/10/2024,19:30,The Apprentice,Ayalon,R
YP,23/10/2024,22:00,The Apprentice,Ayalon,R
YP,23/10/2024,00:30,The Apprentice,Ayalon,R
YP,23/10/2024,17:10,The Apprentice,Beer Sheva,R
YP,23/10/2024,19:35,The Apprentice,Beer Sheva,R
YP,23/10/2024,22:00,The Apprentice,Beer Sheva,R
YP,23/10/2024,16:55,The Apprentice,Haifa,R
YP,23/10/2024,19:15,The Apprentice,Haifa,R
YP,23/10/2024,21:45,The Apprentice,Haifa,R
YP,23/10/2024,00:15,The Apprentice,Haifa,R
YP,23/10/2024,17:30,The Apprentice,Jerusalem,R
YP,23/10/2024,19:20,The Apprentice,Jerusalem,R
YP,23/10/2024,21:50,The Apprentice,Jerusalem,R
ML,23/10/2024,17:40,The Day the Earth Blew Up: A Looney Tunes Movie,Carmiel,Upgrade
ML,23/10/2024,16:50,The Day the Earth Blew Up: A Looney Tunes Movie,Haifa,R
ML,23/10/2024,11:35,The Day the Earth Blew Up: A Looney Tunes Movie,Netanya,R
ML,23/10/2024,17:40,The Day the Earth Blew Up: A Looney Tunes Movie,Netanya,R
HC,23/10/2024,13:10,The Day the Earth Blew Up: A Looney Tunes Movie,Carmiel,R
HC,23/10/2024,18:50,The Day the Earth Blew Up: A Looney Tunes Movie,Kiryat Bialik,R
HC,23/10/2024,15:05,The Day the Earth Blew Up: A Looney Tunes Movie,Haifa,R
HC,23/10/2024,12:20,The Day the Earth Blew Up: A Looney Tunes Movie,Kfar Saba,R
HC,23/10/2024,17:00,The Day the Earth Blew Up: A Looney Tunes Movie,Modiin,R
HC,23/10/2024,13:10,The Day the Earth Blew Up: A Looney Tunes Movie,Ashdod,R
YP,23/10/2024,13:40,The Day the Earth Blew Up: A Looney Tunes Movie,Rishon Letzion,R
YP,23/10/2024,19:40,The Day the Earth Blew Up: A Looney Tunes Movie,Rishon Letzion,R
YP,23/10/2024,11:30,The Day the Earth Blew Up: A Looney Tunes Movie,Ayalon,R
YP,23/10/2024,15:10,The Day the Earth Blew Up: A Looney Tunes Movie,Beer Sheva,R
YP,23/10/2024,11:00,The Day the Earth Blew Up: A Looney Tunes Movie,Zichron Yaakov,R
YP,23/10/2024,18:00,The Day the Earth Blew Up: A Looney Tunes Movie,Zichron Yaakov,R
YP,23/10/2024,15:30,The Day the Earth Blew Up: A Looney Tunes Movie,Haifa,R
YP,23/10/2024,15:20,The Day the Earth Blew Up: A Looney Tunes Movie,Jerusalem,R
YP,23/10/2024,19:50,The Day the Earth Blew Up: A Looney Tunes Movie,Jerusalem,R
YP,23/10/2024,21:40,The Engineer,Ayalon,R
YP,23/10/2024,00:30,The Engineer,Beer Sheva,R
YP,23/10/2024,22:20,The Engineer,Haifa,R
LC,23/10/2024,13:00,The Second Act,Tel Aviv,R
LC,23/10/2024,13:30,The Second Act,Even Yehuda,R
LC,23/10/2024,19:10,The Second Act,Raanana,R
YP,23/10/2024,19:30,The Second Act,Rishon Letzion,R
YP,23/10/2024,13:20,The Second Act,Haifa,R
YP,23/10/2024,19:40,The Second Act,Haifa,R
YP,23/10/2024,21:20,The Second Act,Jerusalem,R
ML,23/10/2024,20:10,The Silent Hour,Netanya,R
CC,23/10/2024,22:10,The Silent Hour,Glilot,R
CC,23/10/2024,00:30,The Silent Hour,Glilot,R
CC,23/10/2024,00:00,The Silent Hour,Rishon Letzion,R
CC,23/10/2024,21:50,The Silent Hour,Chadera,R
CC,23/10/2024,00:10,The Silent Hour,Chadera,R
CC,23/10/2024,19:50,The Silent Hour,Ashdod,R
CC,23/10/2024,22:20,The Silent Hour,Ashdod,R
HC,23/10/2024,21:50,The Silent Hour,Kfar Saba,R
YP,23/10/2024,00:00,The Silent Hour,Rishon Letzion,R
YP,23/10/2024,15:00,The Silent Hour,Ayalon,R
YP,23/10/2024,17:10,The Silent Hour,Ayalon,R
YP,23/10/2024,21:30,The Silent Hour,Ayalon,R
YP,23/10/2024,23:50,The Silent Hour,Ayalon,R
YP,23/10/2024,17:10,The Silent Hour,Haifa,R
YP,23/10/2024,19:30,The Silent Hour,Haifa,R
YP,23/10/2024,19:45,The Silent Hour,Jerusalem,R
YP,23/10/2024,21:55,The Silent Hour,Jerusalem,R
YP,23/10/2024,00:10,The Silent Hour,Jerusalem,R
CC,23/10/2024,18:30,The Tasting,Glilot,R
CC,23/10/2024,20:50,The Tasting,Glilot,R
CC,23/10/2024,19:00,The Tasting,Chadera,R
HC,23/10/2024,13:10,The Tasting,Haifa,R
YP,23/10/2024,17:30,The Tasting,Ayalon,R
YP,23/10/2024,20:20,The Tasting,Haifa,R
YP,23/10/2024,20:00,The Tasting,Jerusalem,R
CC,23/10/2024,18:30,The Teachers' Lounge,Glilot,R
LC,23/10/2024,11:00,The Tiger's Apprentice,Raanana,R
LC,23/10/2024,16:00,The Tiger's Apprentice,Raanana,R
LC,23/10/2024,18:30,The Tiger's Apprentice,Raanana,R
LC,23/10/2024,21:00,The Tiger's Apprentice,Raanana,R
LC,23/10/2024,13:30,The Tiger's Apprentice,Even Yehuda,R
LC,23/10/2024,16:00,The Tiger's Apprentice,Even Yehuda,R
LC,23/10/2024,18:30,The Tiger's Apprentice,Even Yehuda,R
LC,23/10/2024,20:45,The Tiger's Apprentice,Even Yehuda,R
LC,23/10/2024,11:10,The Tiger's Apprentice,Tel Aviv,R
LC,23/10/2024,13:40,The Tiger's Apprentice,Tel Aviv,R
LC,23/10/2024,16:10,The Tiger's Apprentice,Tel Aviv,R
LC,23/10/2024,19:00,The Tiger's Apprentice,Tel Aviv,R
LC,23/10/2024,21:30,The Tiger's Apprentice,Tel Aviv,R
LC,23/10/2024,15:40,The Tiger's Apprentice,Shoham,R
LC,23/10/2024,18:10,The Tiger's Apprentice,Shoham,R
LC,23/10/2024,20:45,The Tiger's Apprentice,Shoham,R
LC,23/10/2024,20:45,The Tiger's Apprentice,Herziliya,R
LC,23/10/2024,20:30,The Tiger's Apprentice,Ramat Hasharon,R
LC,23/10/2024,20:15,The Tiger's Apprentice,Beer Sheva,R
LC,23/10/2024,14:00,The Tiger's Apprentice,Jerusalem,R
LC,23/10/2024,20:50,The Tiger's Apprentice,Jerusalem,R
CC,23/10/2024,17:15,The Tiger's Apprentice,Glilot,R
CC,23/10/2024,18:50,The Tiger's Apprentice,Glilot,R
CC,23/10/2024,21:40,The Tiger's Apprentice,Glilot,R
CC,23/10/2024,18:20,The Tiger's Apprentice,Rishon Letzion,R
CC,23/10/2024,21:10,The Tiger's Apprentice,Rishon Letzion,R
CC,23/10/2024,00:00,The Tiger's Apprentice,Rishon Letzion,R
CC,23/10/2024,18:40,The Tiger's Apprentice,Kfar Saba,R
CC,23/10/2024,21:40,The Tiger's Apprentice,Kfar Saba,R
CC,23/10/2024,18:10,The Tiger's Apprentice,Netanya,R
CC,23/10/2024,20:50,The Tiger's Apprentice,Netanya,R
CC,23/10/2024,18:20,The Tiger's Apprentice,Beer Sheva,R
CC,23/10/2024,21:20,The Tiger's Apprentice,Beer Sheva,R
CC,23/10/2024,19:00,The Tiger's Apprentice,Chadera,R
CC,23/10/2024,21:40,The Tiger's Apprentice,Chadera,R
CC,23/10/2024,15:50,The Tiger's Apprentice,Ashdod,R
CC,23/10/2024,19:00,The Tiger's Apprentice,Ashdod,R
CC,23/10/2024,22:00,The Tiger's Apprentice,Ashdod,R
YP,23/10/2024,11:15,The Wild Robot,Rishon Letzion,R
YP,23/10/2024,13:30,The Wild Robot,Rishon Letzion,R
YP,23/10/2024,15:45,The Wild Robot,Rishon Letzion,R
YP,23/10/2024,18:00,The Wild Robot,Rishon Letzion,R
YP,23/10/2024,13:10,The Wild Robot,Ayalon,R
YP,23/10/2024,19:45,The Wild Robot,Beer Sheva,R
YP,23/10/2024,22:00,The Wild Robot,Beer Sheva,R
YP,23/10/2024,18:50,The Wild Robot,Haifa,R
YP,23/10/2024,15:20,The Wild Robot,Jerusalem,R
ML,23/10/2024,17:25,The Wild Robot,Haifa,R
ML,23/10/2024,11:15,The Wild Robot,Netanya,R
ML,23/10/2024,16:50,The Wild Robot,Netanya,R
HC,23/10/2024,12:55,The Wild Robot,Kiryat Bialik,R
HC,23/10/2024,13:00,The Wild Robot,Haifa,R
HC,23/10/2024,19:30,The Wild Robot,Haifa,R
HC,23/10/2024,15:20,The Wild Robot,Kfar Saba,R
HC,23/10/2024,16:00,The Wild Robot,Petach Tikvah,R
HC,23/10/2024,18:15,The Wild Robot,Petach Tikvah,R
HC,23/10/2024,12:50,The Wild Robot,Modiin,R
CC,23/10/2024,12:30,The Wild Robot,Glilot,R
CC,23/10/2024,15:10,The Wild Robot,Glilot,R
CC,23/10/2024,17:50,The Wild Robot,Glilot,R
CC,23/10/2024,19:30,The Wild Robot,Glilot,R
CC,23/10/2024,11:00,The Wild Robot,Rishon Letzion,R
CC,23/10/2024,13:45,The Wild Robot,Rishon Letzion,R
CC,23/10/2024,16:30,The Wild Robot,Rishon Letzion,R
CC,23/10/2024,17:10,The Wild Robot,Rishon Letzion,R
CC,23/10/2024,12:45,The Wild Robot,Jerusalem,R
CC,23/10/2024,12:20,The Wild Robot,Netanya,Prime
CC,23/10/2024,11:00,The Wild Robot,Chadera,Prime
CC,23/10/2024,11:15,The Wild Robot,Ashdod,R
LC,23/10/2024,13:10,There's Still Tomorrow,Even Yehuda,R
LC,23/10/2024,16:40,There's Still Tomorrow,Raanana,R
LC,23/10/2024,19:10,There's Still Tomorrow,Tel Aviv,R
LC,23/10/2024,16:00,There's Still Tomorrow,Ramat Hasharon,R
LC,23/10/2024,18:20,There's Still Tomorrow,Herziliya,R
YP,23/10/2024,21:50,This Time Next Year,Jerusalem,R
ML,23/10/2024,16:20,Transformers One,Carmiel,R
ML,23/10/2024,15:30,Transformers One,Haifa,R
ML,23/10/2024,17:45,Transformers One,Haifa,R
ML,23/10/2024,20:00,Transformers One,Haifa,R
ML,23/10/2024,16:15,Transformers One,Netanya,R
ML,23/10/2024,18:35,Transformers One,Netanya,R
HC,23/10/2024,13:05,Transformers One,Nahariya,R
HC,23/10/2024,12:45,Transformers One,Kiryat Bialik,R
HC,23/10/2024,15:00,Transformers One,Kiryat Bialik,R
HC,23/10/2024,17:30,Transformers One,Kiryat Bialik,R
HC,23/10/2024,19:45,Transformers One,Kiryat Bialik,R
HC,23/10/2024,15:00,Transformers One,Haifa,R
HC,23/10/2024,17:15,Transformers One,Haifa,R
HC,23/10/2024,13:15,Transformers One,Kfar Saba,R
HC,23/10/2024,15:30,Transformers One,Kfar Saba,R
HC,23/10/2024,17:45,Transformers One,Kfar Saba,R
HC,23/10/2024,19:40,Transformers One,Kfar Saba,R
HC,23/10/2024,19:25,Transformers One,Petach Tikvah,R
HC,23/10/2024,15:25,Transformers One,Modiin,R
HC,23/10/2024,17:00,Transformers One,Modiin,R
HC,23/10/2024,19:15,Transformers One,Modiin,R
HC,23/10/2024,16:30,Transformers One,Rehovot,R
HC,23/10/2024,13:00,Transformers One,Ashdod,R
YP,23/10/2024,15:00,Transformers One,Rishon Letzion,R
YP,23/10/2024,17:30,Transformers One,Rishon Letzion,R
YP,23/10/2024,20:10,Transformers One,Rishon Letzion,R
YP,23/10/2024,22:20,Transformers One,Rishon Letzion,R
YP,23/10/2024,00:30,Transformers One,Rishon Letzion,R
YP,23/10/2024,16:50,Transformers One,Rishon Letzion,VIP
YP,23/10/2024,12:45,Transformers One,Ayalon,R
YP,23/10/2024,15:10,Transformers One,Ayalon,R
YP,23/10/2024,20:00,Transformers One,Ayalon,R
YP,23/10/2024,22:15,Transformers One,Ayalon,R
YP,23/10/2024,00:30,Transformers One,Ayalon,R
YP,23/10/2024,20:10,Transformers One,Beer Sheva,R
YP,23/10/2024,22:20,Transformers One,Beer Sheva,R
YP,23/10/2024,00:30,Transformers One,Beer Sheva,R
YP,23/10/2024,13:20,Transformers One,Zichron Yaakov,R
YP,23/10/2024,20:00,Transformers One,Zichron Yaakov,R
YP,23/10/2024,22:15,Transformers One,Zichron Yaakov,R
YP,23/10/2024,00:30,Transformers One,Zichron Yaakov,R
CC,23/10/2024,10:50,Transformers One,Glilot,R
CC,23/10/2024,13:30,Transformers One,Glilot,R
CC,23/10/2024,16:10,Transformers One,Glilot,R
CC,23/10/2024,19:00,Transformers One,Glilot,R
YP,23/10/2024,19:20,Transformers One,Haifa,R
YP,23/10/2024,21:50,Transformers One,Haifa,R
YP,23/10/2024,00:10,Transformers One,Haifa,R
CC,23/10/2024,12:20,Transformers One,Rishon Letzion,R
CC,23/10/2024,15:00,Transformers One,Rishon Letzion,R
CC,23/10/2024,17:40,Transformers One,Rishon Letzion,R
CC,23/10/2024,20:20,Transformers One,Rishon Letzion,R
CC,23/10/2024,15:15,Transformers One,Jerusalem,R
YP,23/10/2024,13:00,Transformers One,Jerusalem,R
YP,23/10/2024,20:00,Transformers One,Jerusalem,R
YP,23/10/2024,22:10,Transformers One,Jerusalem,R
YP,23/10/2024,00:20,Transformers One,Jerusalem,R
CC,23/10/2024,19:20,Transformers One,Kfar Saba,R
CC,23/10/2024,22:00,Transformers One,Kfar Saba,R
CC,23/10/2024,18:00,Transformers One,Netanya,R
CC,23/10/2024,19:30,Transformers One,Beer Sheva,R
CC,23/10/2024,19:20,Transformers One,Chadera,R
CC,23/10/2024,18:45,Transformers One,Ashdod,R
RH,23/10/2024,22:00,Transformers One,Givataim,R
RH,23/10/2024,22:00,Transformers One,Tel Aviv,R
RH,23/10/2024,22:00,Transformers One,Kiryat Ono,R
ML,23/10/2024,14:55,Venom: The Last Dance,Carmiel,Upgrade
ML,23/10/2024,19:40,Venom: The Last Dance,Carmiel,Upgrade
ML,23/10/2024,22:00,Venom: The Last Dance,Carmiel,Upgrade
ML,23/10/2024,13:15,Venom: The Last Dance,Haifa,Upgrade
ML,23/10/2024,15:45,Venom: The Last Dance,Haifa,Upgrade
ML,23/10/2024,19:40,Venom: The Last Dance,Haifa,R
ML,23/10/2024,21:10,Venom: The Last Dance,Haifa,Upgrade
ML,23/10/2024,22:05,Venom: The Last Dance,Haifa,R
ML,23/10/2024,12:55,Venom: The Last Dance,Netanya,Upgrade
ML,23/10/2024,16:30,Venom: The Last Dance,Netanya,R
ML,23/10/2024,19:00,Venom: The Last Dance,Netanya,R
ML,23/10/2024,20:00,Venom: The Last Dance,Netanya,Upgrade
ML,23/10/2024,21:30,Venom: The Last Dance,Netanya,R
ML,23/10/2024,22:30,Venom: The Last Dance,Netanya,Upgrade
CC,23/10/2024,11:00,Venom: The Last Dance,Glilot,R
CC,23/10/2024,13:45,Venom: The Last Dance,Glilot,R
CC,23/10/2024,16:30,Venom: The Last Dance,Glilot,R
CC,23/10/2024,19:30,Venom: The Last Dance,Glilot,R
CC,23/10/2024,21:00,Venom: The Last Dance,Glilot,R
CC,23/10/2024,22:20,Venom: The Last Dance,Glilot,R
CC,23/10/2024,23:45,Venom: The Last Dance,Glilot,R
CC,23/10/2024,00:20,Venom: The Last Dance,Glilot,R
CC,23/10/2024,19:30,Venom: The Last Dance,Glilot,4DX
CC,23/10/2024,22:20,Venom: The Last Dance,Glilot,4DX
CC,23/10/2024,18:00,Venom: The Last Dance,Glilot,VIP
CC,23/10/2024,20:30,Venom: The Last Dance,Glilot,VIP
CC,23/10/2024,11:40,Venom: The Last Dance,Rishon Letzion,R
CC,23/10/2024,14:30,Venom: The Last Dance,Rishon Letzion,R
CC,23/10/2024,17:20,Venom: The Last Dance,Rishon Letzion,R
CC,23/10/2024,18:00,Venom: The Last Dance,Rishon Letzion,R
CC,23/10/2024,18:20,Venom: The Last Dance,Rishon Letzion,R
CC,23/10/2024,18:50,Venom: The Last Dance,Rishon Letzion,R
CC,23/10/2024,20:00,Venom: The Last Dance,Rishon Letzion,R
CC,23/10/2024,21:00,Venom: The Last Dance,Rishon Letzion,R
CC,23/10/2024,21:50,Venom: The Last Dance,Rishon Letzion,R
CC,23/10/2024,23:00,Venom: The Last Dance,Rishon Letzion,R
CC,23/10/2024,00:00,Venom: The Last Dance,Rishon Letzion,R
CC,23/10/2024,11:15,Venom: The Last Dance,Jerusalem,R
CC,23/10/2024,14:00,Venom: The Last Dance,Jerusalem,R
CC,23/10/2024,10:50,Venom: The Last Dance,Kfar Saba,R
CC,23/10/2024,13:40,Venom: The Last Dance,Kfar Saba,R
CC,23/10/2024,16:30,Venom: The Last Dance,Kfar Saba,R
CC,23/10/2024,18:10,Venom: The Last Dance,Kfar Saba,R
CC,23/10/2024,19:20,Venom: The Last Dance,Kfar Saba,R
CC,23/10/2024,21:10,Venom: The Last Dance,Kfar Saba,R
CC,23/10/2024,22:00,Venom: The Last Dance,Kfar Saba,R
CC,23/10/2024,11:30,Venom: The Last Dance,Netanya,R
CC,23/10/2024,14:10,Venom: The Last Dance,Netanya,R
CC,23/10/2024,16:50,Venom: The Last Dance,Netanya,R
CC,23/10/2024,19:10,Venom: The Last Dance,Netanya,R
CC,23/10/2024,22:10,Venom: The Last Dance,Netanya,R
CC,23/10/2024,20:30,Venom: The Last Dance,Netanya,Prime
CC,23/10/2024,23:20,Venom: The Last Dance,Netanya,Prime
HC,23/10/2024,12:50,Venom: The Last Dance,Carmiel,R
HC,23/10/2024,15:10,Venom: The Last Dance,Carmiel,R
HC,23/10/2024,17:30,Venom: The Last Dance,Carmiel,R
HC,23/10/2024,19:10,Venom: The Last Dance,Carmiel,R
HC,23/10/2024,19:50,Venom: The Last Dance,Carmiel,R
YP,23/10/2024,11:00,Venom: The Last Dance,Rishon Letzion,R
HC,23/10/2024,21:30,Venom: The Last Dance,Carmiel,R
YP,23/10/2024,13:30,Venom: The Last Dance,Rishon Letzion,R
HC,23/10/2024,22:15,Venom: The Last Dance,Carmiel,R
YP,23/10/2024,16:00,Venom: The Last Dance,Rishon Letzion,R
YP,23/10/2024,18:30,Venom: The Last Dance,Rishon Letzion,R
CC,23/10/2024,11:00,Venom: The Last Dance,Beer Sheva,R
YP,23/10/2024,21:00,Venom: The Last Dance,Rishon Letzion,R
HC,23/10/2024,11:00,Venom: The Last Dance,Nahariya,R
CC,23/10/2024,13:50,Venom: The Last Dance,Beer Sheva,R
HC,23/10/2024,13:20,Venom: The Last Dance,Nahariya,R
YP,23/10/2024,23:30,Venom: The Last Dance,Rishon Letzion,R
CC,23/10/2024,16:40,Venom: The Last Dance,Beer Sheva,R
HC,23/10/2024,15:40,Venom: The Last Dance,Nahariya,R
CC,23/10/2024,18:00,Venom: The Last Dance,Beer Sheva,R
CC,23/10/2024,19:20,Venom: The Last Dance,Beer Sheva,R
HC,23/10/2024,18:00,Venom: The Last Dance,Nahariya,R
CC,23/10/2024,20:50,Venom: The Last Dance,Beer Sheva,R
HC,23/10/2024,20:20,Venom: The Last Dance,Nahariya,R
CC,23/10/2024,22:10,Venom: The Last Dance,Beer Sheva,R
YP,23/10/2024,11:30,Venom: The Last Dance,Rishon Letzion,4DX
HC,23/10/2024,22:40,Venom: The Last Dance,Nahariya,R
YP,23/10/2024,14:00,Venom: The Last Dance,Rishon Letzion,4DX
YP,23/10/2024,16:30,Venom: The Last Dance,Rishon Letzion,4DX
YP,23/10/2024,19:00,Venom: The Last Dance,Rishon Letzion,4DX
HC,23/10/2024,11:50,Venom: The Last Dance,Kiryat Bialik,R
HC,23/10/2024,14:15,Venom: The Last Dance,Kiryat Bialik,R
YP,23/10/2024,21:30,Venom: The Last Dance,Rishon Letzion,4DX
HC,23/10/2024,16:50,Venom: The Last Dance,Kiryat Bialik,R
YP,23/10/2024,00:00,Venom: The Last Dance,Rishon Letzion,4DX
HC,23/10/2024,19:20,Venom: The Last Dance,Kiryat Bialik,R
HC,23/10/2024,20:00,Venom: The Last Dance,Kiryat Bialik,R
HC,23/10/2024,21:45,Venom: The Last Dance,Kiryat Bialik,R
HC,23/10/2024,22:30,Venom: The Last Dance,Kiryat Bialik,R
YP,23/10/2024,11:45,Venom: The Last Dance,Rishon Letzion,SCREENX
YP,23/10/2024,14:15,Venom: The Last Dance,Rishon Letzion,SCREENX
HC,23/10/2024,11:30,Venom: The Last Dance,Haifa,R
YP,23/10/2024,16:45,Venom: The Last Dance,Rishon Letzion,SCREENX
HC,23/10/2024,12:20,Venom: The Last Dance,Haifa,R
HC,23/10/2024,14:40,Venom: The Last Dance,Haifa,R
YP,23/10/2024,19:15,Venom: The Last Dance,Rishon Letzion,SCREENX
HC,23/10/2024,17:00,Venom: The Last Dance,Haifa,R
YP,23/10/2024,21:45,Venom: The Last Dance,Rishon Letzion,SCREENX
HC,23/10/2024,19:20,Venom: The Last Dance,Haifa,R
YP,23/10/2024,00:10,Venom: The Last Dance,Rishon Letzion,SCREENX
HC,23/10/2024,20:20,Venom: The Last Dance,Haifa,R
HC,23/10/2024,21:45,Venom: The Last Dance,Haifa,R
HC,23/10/2024,22:40,Venom: The Last Dance,Haifa,R
YP,23/10/2024,12:00,Venom: The Last Dance,Rishon Letzion,IMAX 3D
HC,23/10/2024,11:40,Venom: The Last Dance,Kfar Saba,Premium
YP,23/10/2024,14:30,Venom: The Last Dance,Rishon Letzion,IMAX 3D
HC,23/10/2024,12:50,Venom: The Last Dance,Kfar Saba,R
HC,23/10/2024,15:20,Venom: The Last Dance,Kfar Saba,R
YP,23/10/2024,17:00,Venom: The Last Dance,Rishon Letzion,IMAX 3D
HC,23/10/2024,17:45,Venom: The Last Dance,Kfar Saba,R
YP,23/10/2024,19:30,Venom: The Last Dance,Rishon Letzion,IMAX 3D
HC,23/10/2024,19:10,Venom: The Last Dance,Kfar Saba,R
YP,23/10/2024,22:00,Venom: The Last Dance,Rishon Letzion,IMAX 3D
HC,23/10/2024,20:45,Venom: The Last Dance,Kfar Saba,R
YP,23/10/2024,00:30,Venom: The Last Dance,Rishon Letzion,IMAX 3D
HC,23/10/2024,21:15,Venom: The Last Dance,Kfar Saba,Premium
HC,23/10/2024,21:45,Venom: The Last Dance,Kfar Saba,R
HC,23/10/2024,22:40,Venom: The Last Dance,Kfar Saba,R
YP,23/10/2024,16:45,Venom: The Last Dance,Rishon Letzion,VIP
HC,23/10/2024,12:40,Venom: The Last Dance,Petach Tikvah,R
YP,23/10/2024,17:15,Venom: The Last Dance,Rishon Letzion,VIP
HC,23/10/2024,15:00,Venom: The Last Dance,Petach Tikvah,R
YP,23/10/2024,18:45,Venom: The Last Dance,Rishon Letzion,VIP
HC,23/10/2024,17:20,Venom: The Last Dance,Petach Tikvah,R
YP,23/10/2024,19:45,Venom: The Last Dance,Rishon Letzion,VIP
HC,23/10/2024,19:40,Venom: The Last Dance,Petach Tikvah,R
YP,23/10/2024,21:15,Venom: The Last Dance,Rishon Letzion,VIP
HC,23/10/2024,20:30,Venom: The Last Dance,Petach Tikvah,R
HC,23/10/2024,22:00,Venom: The Last Dance,Petach Tikvah,R
YP,23/10/2024,22:15,Venom: The Last Dance,Rishon Letzion,VIP
HC,23/10/2024,22:50,Venom: The Last Dance,Petach Tikvah,R
YP,23/10/2024,23:40,Venom: The Last Dance,Rishon Letzion,VIP
YP,23/10/2024,00:40,Venom: The Last Dance,Rishon Letzion,VIP
HC,23/10/2024,12:30,Venom: The Last Dance,Modiin,R
HC,23/10/2024,14:50,Venom: The Last Dance,Modiin,R
HC,23/10/2024,17:10,Venom: The Last Dance,Modiin,R
HC,23/10/2024,19:30,Venom: The Last Dance,Modiin,R
HC,23/10/2024,20:10,Venom: The Last Dance,Modiin,R
HC,23/10/2024,21:50,Venom: The Last Dance,Modiin,R
HC,23/10/2024,22:30,Venom: The Last Dance,Modiin,R
HC,23/10/2024,12:30,Venom: The Last Dance,Rehovot,R
HC,23/10/2024,14:50,Venom: The Last Dance,Rehovot,R
HC,23/10/2024,17:10,Venom: The Last Dance,Rehovot,R
HC,23/10/2024,18:45,Venom: The Last Dance,Rehovot,R
HC,23/10/2024,19:30,Venom: The Last Dance,Rehovot,R
HC,23/10/2024,21:10,Venom: The Last Dance,Rehovot,R
HC,23/10/2024,21:50,Venom: The Last Dance,Rehovot,R
HC,23/10/2024,13:00,Venom: The Last Dance,Ashdod,R
HC,23/10/2024,15:20,Venom: The Last Dance,Ashdod,R
HC,23/10/2024,17:40,Venom: The Last Dance,Ashdod,R
HC,23/10/2024,20:00,Venom: The Last Dance,Ashdod,R
HC,23/10/2024,21:10,Venom: The Last Dance,Ashdod,R
HC,23/10/2024,22:20,Venom: The Last Dance,Ashdod,R
HC,23/10/2024,12:50,Venom: The Last Dance,Ashkelon,R
HC,23/10/2024,15:15,Venom: The Last Dance,Ashkelon,R
HC,23/10/2024,17:40,Venom: The Last Dance,Ashkelon,R
HC,23/10/2024,19:00,Venom: The Last Dance,Ashkelon,R
HC,23/10/2024,20:00,Venom: The Last Dance,Ashkelon,R
HC,23/10/2024,21:30,Venom: The Last Dance,Ashkelon,R
HC,23/10/2024,22:20,Venom: The Last Dance,Ashkelon,R
CC,23/10/2024,11:30,Venom: The Last Dance,Chadera,R
CC,23/10/2024,14:10,Venom: The Last Dance,Chadera,R
CC,23/10/2024,16:50,Venom: The Last Dance,Chadera,R
CC,23/10/2024,19:10,Venom: The Last Dance,Chadera,R
CC,23/10/2024,21:00,Venom: The Last Dance,Chadera,R
CC,23/10/2024,21:50,Venom: The Last Dance,Chadera,R
CC,23/10/2024,23:40,Venom: The Last Dance,Chadera,R
CC,23/10/2024,00:30,Venom: The Last Dance,Chadera,R
CC,23/10/2024,11:20,Venom: The Last Dance,Ashdod,R
CC,23/10/2024,14:10,Venom: The Last Dance,Ashdod,R
CC,23/10/2024,17:00,Venom: The Last Dance,Ashdod,R
CC,23/10/2024,19:10,Venom: The Last Dance,Ashdod,R
CC,23/10/2024,22:00,Venom: The Last Dance,Ashdod,R
CC,23/10/2024,23:50,Venom: The Last Dance,Ashdod,R
YP,23/10/2024,12:00,Venom: The Last Dance,Ayalon,R
YP,23/10/2024,14:30,Venom: The Last Dance,Ayalon,R
YP,23/10/2024,17:00,Venom: The Last Dance,Ayalon,R
YP,23/10/2024,18:30,Venom: The Last Dance,Ayalon,R
YP,23/10/2024,19:30,Venom: The Last Dance,Ayalon,R
YP,23/10/2024,21:00,Venom: The Last Dance,Ayalon,R
YP,23/10/2024,22:00,Venom: The Last Dance,Ayalon,R
YP,23/10/2024,23:30,Venom: The Last Dance,Ayalon,R
YP,23/10/2024,00:30,Venom: The Last Dance,Ayalon,R
YP,23/10/2024,11:00,Venom: The Last Dance,Beer Sheva,4DX
YP,23/10/2024,13:30,Venom: The Last Dance,Beer Sheva,4DX
YP,23/10/2024,16:00,Venom: The Last Dance,Beer Sheva,4DX
YP,23/10/2024,18:30,Venom: The Last Dance,Beer Sheva,4DX
YP,23/10/2024,21:00,Venom: The Last Dance,Beer Sheva,4DX
YP,23/10/2024,23:20,Venom: The Last Dance,Beer Sheva,4DX
YP,23/10/2024,11:00,Venom: The Last Dance,Beer Sheva,R
YP,23/10/2024,13:30,Venom: The Last Dance,Beer Sheva,R
YP,23/10/2024,16:00,Venom: The Last Dance,Beer Sheva,R
YP,23/10/2024,18:30,Venom: The Last Dance,Beer Sheva,R
YP,23/10/2024,21:00,Venom: The Last Dance,Beer Sheva,R
YP,23/10/2024,23:20,Venom: The Last Dance,Beer Sheva,R
YP,23/10/2024,00:10,Venom: The Last Dance,Beer Sheva,R
YP,23/10/2024,00:30,Venom: The Last Dance,Beer Sheva,R
YP,23/10/2024,11:25,Venom: The Last Dance,Beer Sheva,IMAX 3D
YP,23/10/2024,14:10,Venom: The Last Dance,Beer Sheva,IMAX 3D
YP,23/10/2024,17:00,Venom: The Last Dance,Beer Sheva,IMAX 3D
YP,23/10/2024,19:30,Venom: The Last Dance,Beer Sheva,IMAX 3D
YP,23/10/2024,22:00,Venom: The Last Dance,Beer Sheva,IMAX 3D
YP,23/10/2024,00:20,Venom: The Last Dance,Beer Sheva,IMAX 3D
YP,23/10/2024,11:40,Venom: The Last Dance,Beer Sheva,SCREENX
YP,23/10/2024,14:00,Venom: The Last Dance,Beer Sheva,SCREENX
YP,23/10/2024,16:30,Venom: The Last Dance,Beer Sheva,SCREENX
YP,23/10/2024,19:00,Venom: The Last Dance,Beer Sheva,SCREENX
YP,23/10/2024,21:30,Venom: The Last Dance,Beer Sheva,SCREENX
YP,23/10/2024,23:50,Venom: The Last Dance,Beer Sheva,SCREENX
YP,23/10/2024,15:00,Venom: The Last Dance,Beer Sheva,VIP
YP,23/10/2024,17:20,Venom: The Last Dance,Beer Sheva,VIP
YP,23/10/2024,19:40,Venom: The Last Dance,Beer Sheva,VIP
YP,23/10/2024,22:00,Venom: The Last Dance,Beer Sheva,VIP
YP,23/10/2024,00:20,Venom: The Last Dance,Beer Sheva,VIP
YP,23/10/2024,00:30,Venom: The Last Dance,Beer Sheva,VIP
YP,23/10/2024,12:00,Venom: The Last Dance,Zichron Yaakov,VIP
YP,23/10/2024,14:30,Venom: The Last Dance,Zichron Yaakov,VIP
YP,23/10/2024,16:45,Venom: The Last Dance,Zichron Yaakov,VIP
YP,23/10/2024,19:15,Venom: The Last Dance,Zichron Yaakov,VIP
YP,23/10/2024,21:40,Venom: The Last Dance,Zichron Yaakov,VIP
YP,23/10/2024,00:00,Venom: The Last Dance,Zichron Yaakov,VIP
YP,23/10/2024,12:00,Venom: The Last Dance,Zichron Yaakov,R
YP,23/10/2024,14:30,Venom: The Last Dance,Zichron Yaakov,R
YP,23/10/2024,16:50,Venom: The Last Dance,Zichron Yaakov,R
YP,23/10/2024,19:15,Venom: The Last Dance,Zichron Yaakov,R
YP,23/10/2024,20:45,Venom: The Last Dance,Zichron Yaakov,R
YP,23/10/2024,21:45,Venom: The Last Dance,Zichron Yaakov,R
YP,23/10/2024,23:15,Venom: The Last Dance,Zichron Yaakov,R
YP,23/10/2024,00:10,Venom: The Last Dance,Zichron Yaakov,R
YP,23/10/2024,11:00,Venom: The Last Dance,Haifa,4DX
YP,23/10/2024,13:15,Venom: The Last Dance,Haifa,4DX
YP,23/10/2024,15:30,Venom: The Last Dance,Haifa,4DX
YP,23/10/2024,18:00,Venom: The Last Dance,Haifa,4DX
YP,23/10/2024,20:50,Venom: The Last Dance,Haifa,4DX
YP,23/10/2024,23:10,Venom: The Last Dance,Haifa,4DX
YP,23/10/2024,12:00,Venom: The Last Dance,Haifa,R
YP,23/10/2024,14:15,Venom: The Last Dance,Haifa,R
YP,23/10/2024,16:40,Venom: The Last Dance,Haifa,R
YP,23/10/2024,19:00,Venom: The Last Dance,Haifa,R
YP,23/10/2024,21:10,Venom: The Last Dance,Haifa,R
YP,23/10/2024,21:30,Venom: The Last Dance,Haifa,R
YP,23/10/2024,23:30,Venom: The Last Dance,Haifa,R
YP,23/10/2024,00:00,Venom: The Last Dance,Haifa,R
YP,23/10/2024,00:10,Venom: The Last Dance,Haifa,R
YP,23/10/2024,12:10,Venom: The Last Dance,Haifa,SCREENX
YP,23/10/2024,14:30,Venom: The Last Dance,Haifa,SCREENX
YP,23/10/2024,16:50,Venom: The Last Dance,Haifa,SCREENX
YP,23/10/2024,19:15,Venom: The Last Dance,Haifa,SCREENX
YP,23/10/2024,21:45,Venom: The Last Dance,Haifa,SCREENX
YP,23/10/2024,00:10,Venom: The Last Dance,Haifa,SCREENX
YP,23/10/2024,16:30,Venom: The Last Dance,Haifa,VIP
YP,23/10/2024,16:45,Venom: The Last Dance,Haifa,VIP
YP,23/10/2024,19:00,Venom: The Last Dance,Haifa,VIP
YP,23/10/2024,19:15,Venom: The Last Dance,Haifa,VIP
YP,23/10/2024,21:30,Venom: The Last Dance,Haifa,VIP
YP,23/10/2024,21:45,Venom: The Last Dance,Haifa,VIP
YP,23/10/2024,00:00,Venom: The Last Dance,Haifa,VIP
YP,23/10/2024,00:15,Venom: The Last Dance,Haifa,VIP
YP,23/10/2024,11:00,Venom: The Last Dance,Jerusalem,R
YP,23/10/2024,13:30,Venom: The Last Dance,Jerusalem,R
YP,23/10/2024,16:00,Venom: The Last Dance,Jerusalem,R
YP,23/10/2024,18:30,Venom: The Last Dance,Jerusalem,R
YP,23/10/2024,21:00,Venom: The Last Dance,Jerusalem,R
YP,23/10/2024,23:30,Venom: The Last Dance,Jerusalem,R
YP,23/10/2024,11:40,Venom: The Last Dance,Jerusalem,4DX
YP,23/10/2024,14:00,Venom: The Last Dance,Jerusalem,4DX
YP,23/10/2024,16:30,Venom: The Last Dance,Jerusalem,4DX
YP,23/10/2024,19:00,Venom: The Last Dance,Jerusalem,4DX
YP,23/10/2024,21:30,Venom: The Last Dance,Jerusalem,4DX
YP,23/10/2024,00:00,Venom: The Last Dance,Jerusalem,4DX
YP,23/10/2024,12:00,Venom: The Last Dance,Jerusalem,IMAX 3D
YP,23/10/2024,14:30,Venom: The Last Dance,Jerusalem,IMAX 3D
YP,23/10/2024,17:00,Venom: The Last Dance,Jerusalem,IMAX 3D
YP,23/10/2024,19:30,Venom: The Last Dance,Jerusalem,IMAX 3D
YP,23/10/2024,22:00,Venom: The Last Dance,Jerusalem,IMAX 3D
YP,23/10/2024,00:20,Venom: The Last Dance,Jerusalem,IMAX 3D
RH,23/10/2024,11:00,Venom: The Last Dance,Givataim,R
RH,23/10/2024,22:00,Venom: The Last Dance,Givataim,R
RH,23/10/2024,11:00,Venom: The Last Dance,Tel Aviv,R
RH,23/10/2024,21:50,Venom: The Last Dance,Tel Aviv,R
RH,23/10/2024,11:00,Venom: The Last Dance,Kiryat Ono,R
RH,23/10/2024,22:00,Venom: The Last Dance,Kiryat Ono,R
LC,23/10/2024,10:45,We Live in Time,Tel Aviv,R
LC,23/10/2024,17:25,We Live in Time,Tel Aviv,R
LC,23/10/2024,18:50,We Live in Time,Tel Aviv,R
LC,23/10/2024,21:15,We Live in Time,Tel Aviv,R
LC,23/10/2024,14:40,We Live in Time,Raanana,R
LC,23/10/2024,19:15,We Live in Time,Raanana,R
LC,23/10/2024,21:30,We Live in Time,Raanana,R
LC,23/10/2024,15:00,We Live in Time,Shoham,R
LC,23/10/2024,19:15,We Live in Time,Shoham,R
LC,23/10/2024,21:30,We Live in Time,Shoham,R
LC,23/10/2024,11:00,We Live in Time,Even Yehuda,R
LC,23/10/2024,15:50,We Live in Time,Even Yehuda,R
LC,23/10/2024,18:20,We Live in Time,Even Yehuda,R
LC,23/10/2024,20:40,We Live in Time,Even Yehuda,R
ML,23/10/2024,21:40,We Live in Time,Carmiel,R
ML,23/10/2024,18:55,We Live in Time,Haifa,R
ML,23/10/2024,21:55,We Live in Time,Haifa,R
ML,23/10/2024,13:40,We Live in Time,Netanya,R
ML,23/10/2024,19:10,We Live in Time,Netanya,R
ML,23/10/2024,22:20,We Live in Time,Netanya,R
CC,23/10/2024,11:15,We Live in Time,Glilot,R
CC,23/10/2024,17:10,We Live in Time,Glilot,R
CC,23/10/2024,19:00,We Live in Time,Glilot,R
CC,23/10/2024,21:35,We Live in Time,Glilot,R
CC,23/10/2024,00:10,We Live in Time,Glilot,R
CC,23/10/2024,13:40,We Live in Time,Rishon Letzion,R
CC,23/10/2024,19:00,We Live in Time,Rishon Letzion,R
CC,23/10/2024,21:45,We Live in Time,Rishon Letzion,R
CC,23/10/2024,18:50,We Live in Time,Kfar Saba,Prime
CC,23/10/2024,21:30,We Live in Time,Kfar Saba,Prime
CC,23/10/2024,14:50,We Live in Time,Netanya,Prime
CC,23/10/2024,19:40,We Live in Time,Netanya,Prime
CC,23/10/2024,22:10,We Live in Time,Netanya,Prime
CC,23/10/2024,16:10,We Live in Time,Beer Sheva,R
CC,23/10/2024,19:00,We Live in Time,Beer Sheva,R
CC,23/10/2024,21:50,We Live in Time,Beer Sheva,R
CC,23/10/2024,19:20,We Live in Time,Chadera,R
CC,23/10/2024,21:50,We Live in Time,Chadera,R
CC,23/10/2024,00:20,We Live in Time,Chadera,R
CC,23/10/2024,16:15,We Live in Time,Chadera,Prime
CC,23/10/2024,15:20,We Live in Time,Ashdod,R
CC,23/10/2024,18:45,We Live in Time,Ashdod,R
CC,23/10/2024,21:30,We Live in Time,Ashdod,R
HC,23/10/2024,17:10,We Live in Time,Carmiel,R
HC,23/10/2024,19:30,We Live in Time,Carmiel,R
HC,23/10/2024,19:20,We Live in Time,Nahariya,R
HC,23/10/2024,21:40,We Live in Time,Nahariya,R
HC,23/10/2024,15:00,We Live in Time,Kiryat Bialik,R
HC,23/10/2024,17:20,We Live in Time,Kiryat Bialik,R
HC,23/10/2024,19:40,We Live in Time,Kiryat Bialik,R
HC,23/10/2024,22:00,We Live in Time,Kiryat Bialik,R
HC,23/10/2024,11:50,We Live in Time,Haifa,R
HC,23/10/2024,14:20,We Live in Time,Haifa,R
HC,23/10/2024,16:40,We Live in Time,Haifa,R
HC,23/10/2024,19:15,We Live in Time,Haifa,R
HC,23/10/2024,20:30,We Live in Time,Haifa,R
HC,23/10/2024,21:35,We Live in Time,Haifa,R
HC,23/10/2024,14:55,We Live in Time,Kfar Saba,R
HC,23/10/2024,17:15,We Live in Time,Kfar Saba,R
HC,23/10/2024,20:15,We Live in Time,Kfar Saba,R
HC,23/10/2024,19:40,We Live in Time,Petach Tikvah,R
HC,23/10/2024,22:00,We Live in Time,Petach Tikvah,R
HC,23/10/2024,19:25,We Live in Time,Modiin,R
HC,23/10/2024,21:40,We Live in Time,Modiin,R
HC,23/10/2024,15:30,We Live in Time,Rehovot,R
HC,23/10/2024,19:45,We Live in Time,Rehovot,R
HC,23/10/2024,22:00,We Live in Time,Rehovot,R
HC,23/10/2024,17:10,We Live in Time,Ashdod,R
HC,23/10/2024,19:30,We Live in Time,Ashdod,R
HC,23/10/2024,21:50,We Live in Time,Ashdod,R
HC,23/10/2024,18:50,We Live in Time,Ashkelon,R
HC,23/10/2024,21:10,We Live in Time,Ashkelon,R
YP,23/10/2024,19:45,We Live in Time,Rishon Letzion,R
YP,23/10/2024,22:10,We Live in Time,Rishon Letzion,R
YP,23/10/2024,00:35,We Live in Time,Rishon Letzion,R
YP,23/10/2024,17:45,We Live in Time,Ayalon,R
YP,23/10/2024,20:00,We Live in Time,Ayalon,R
YP,23/10/2024,22:15,We Live in Time,Ayalon,R
YP,23/10/2024,00:30,We Live in Time,Ayalon,R
YP,23/10/2024,17:40,We Live in Time,Beer Sheva,R
YP,23/10/2024,20:00,We Live in Time,Beer Sheva,R
YP,23/10/2024,22:15,We Live in Time,Beer Sheva,R
YP,23/10/2024,00:30,We Live in Time,Beer Sheva,R
YP,23/10/2024,19:00,We Live in Time,Zichron Yaakov,R
YP,23/10/2024,21:30,We Live in Time,Zichron Yaakov,R
YP,23/10/2024,23:50,We Live in Time,Zichron Yaakov,R
YP,23/10/2024,17:40,We Live in Time,Haifa,R
YP,23/10/2024,20:00,We Live in Time,Haifa,R
YP,23/10/2024,22:15,We Live in Time,Haifa,R
YP,23/10/2024,00:20,We Live in Time,Haifa,R
YP,23/10/2024,17:30,We Live in Time,Jerusalem,R
YP,23/10/2024,19:45,We Live in Time,Jerusalem,R
YP,23/10/2024,22:00,We Live in Time,Jerusalem,R
YP,23/10/2024,00:20,We Live in Time,Jerusalem,R
RH,23/10/2024,22:00,We Live in Time,Givataim,R
RH,23/10/2024,22:00,We Live in Time,Tel Aviv,R
RH,23/10/2024,22:00,We Live in Time,Kiryat Ono,R
CC,23/10/2024,20:50,Woman of the Hour,Glilot,R
CC,23/10/2024,00:20,Woman of the Hour,Chadera,R
YP,23/10/2024,15:30,Woman of the Hour,Beer Sheva,R
YP,23/10/2024,15:45,Woman of the Hour,Haifa,R
YP,23/10/2024,20:00,Woman of the Hour,Haifa,R
YP,23/10/2024,22:20,Woman of the Hour,Jerusalem,R
ML,24/10/2024,19:30,Venom: The Last Dance,Carmiel,Upgrade
ML,24/10/2024,21:50,Venom: The Last Dance,Carmiel,Upgrade
ML,24/10/2024,19:05,Venom: The Last Dance,Haifa,Upgrade
ML,24/10/2024,21:30,Venom: The Last Dance,Haifa,Upgrade
ML,24/10/2024,19:25,Venom: The Last Dance,Netanya,Upgrade
ML,24/10/2024,21:00,Venom: The Last Dance,Netanya,R
ML,24/10/2024,22:00,Venom: The Last Dance,Netanya,Upgrade
CC,24/10/2024,11:00,Venom: The Last Dance,Glilot,R
CC,24/10/2024,13:50,Venom: The Last Dance,Glilot,R
CC,24/10/2024,16:40,Venom: The Last Dance,Glilot,R
CC,24/10/2024,19:30,Venom: The Last Dance,Glilot,R
CC,24/10/2024,22:20,Venom: The Last Dance,Glilot,R
CC,24/10/2024,19:30,Venom: The Last Dance,Glilot,4DX
CC,24/10/2024,22:20,Venom: The Last Dance,Glilot,4DX
CC,24/10/2024,11:30,Venom: The Last Dance,Rishon Letzion,R
CC,24/10/2024,14:30,Venom: The Last Dance,Rishon Letzion,R
CC,24/10/2024,17:30,Venom: The Last Dance,Rishon Letzion,R
CC,24/10/2024,19:00,Venom: The Last Dance,Rishon Letzion,R
CC,24/10/2024,22:00,Venom: The Last Dance,Rishon Letzion,R
CC,24/10/2024,21:45,Venom: The Last Dance,Jerusalem,R
CC,24/10/2024,00:30,Venom: The Last Dance,Jerusalem,R
CC,24/10/2024,11:00,Venom: The Last Dance,Kfar Saba,R
CC,24/10/2024,14:00,Venom: The Last Dance,Kfar Saba,R
CC,24/10/2024,17:00,Venom: The Last Dance,Kfar Saba,R
CC,24/10/2024,19:00,Venom: The Last Dance,Kfar Saba,R
CC,24/10/2024,22:00,Venom: The Last Dance,Kfar Saba,R
CC,24/10/2024,11:50,Venom: The Last Dance,Netanya,R
CC,24/10/2024,14:40,Venom: The Last Dance,Netanya,R
CC,24/10/2024,17:20,Venom: The Last Dance,Netanya,R
CC,24/10/2024,19:10,Venom: The Last Dance,Netanya,R
CC,24/10/2024,22:00,Venom: The Last Dance,Netanya,R
CC,24/10/2024,11:00,Venom: The Last Dance,Beer Sheva,R
CC,24/10/2024,14:00,Venom: The Last Dance,Beer Sheva,R
CC,24/10/2024,17:10,Venom: The Last Dance,Beer Sheva,R
CC,24/10/2024,19:00,Venom: The Last Dance,Beer Sheva,R
CC,24/10/2024,22:00,Venom: The Last Dance,Beer Sheva,R
YP,24/10/2024,11:00,Venom: The Last Dance,Rishon Letzion,R
YP,24/10/2024,13:30,Venom: The Last Dance,Rishon Letzion,R
YP,24/10/2024,16:00,Venom: The Last Dance,Rishon Letzion,R
YP,24/10/2024,18:30,Venom: The Last Dance,Rishon Letzion,R
YP,24/10/2024,23:30,Venom: The Last Dance,Rishon Letzion,R
YP,24/10/2024,11:30,Venom: The Last Dance,Rishon Letzion,4DX
YP,24/10/2024,14:00,Venom: The Last Dance,Rishon Letzion,4DX
YP,24/10/2024,16:30,Venom: The Last Dance,Rishon Letzion,4DX
YP,24/10/2024,19:00,Venom: The Last Dance,Rishon Letzion,4DX
YP,24/10/2024,21:30,Venom: The Last Dance,Rishon Letzion,4DX
YP,24/10/2024,00:00,Venom: The Last Dance,Rishon Letzion,4DX
YP,24/10/2024,11:45,Venom: The Last Dance,Rishon Letzion,SCREENX
YP,24/10/2024,14:15,Venom: The Last Dance,Rishon Letzion,SCREENX
YP,24/10/2024,16:45,Venom: The Last Dance,Rishon Letzion,SCREENX
YP,24/10/2024,19:15,Venom: The Last Dance,Rishon Letzion,SCREENX
YP,24/10/2024,21:45,Venom: The Last Dance,Rishon Letzion,SCREENX
YP,24/10/2024,00:10,Venom: The Last Dance,Rishon Letzion,SCREENX
YP,24/10/2024,12:00,Venom: The Last Dance,Rishon Letzion,IMAX 3D
YP,24/10/2024,14:30,Venom: The Last Dance,Rishon Letzion,IMAX 3D
YP,24/10/2024,17:00,Venom: The Last Dance,Rishon Letzion,IMAX 3D
YP,24/10/2024,19:30,Venom: The Last Dance,Rishon Letzion,IMAX 3D
YP,24/10/2024,22:00,Venom: The Last Dance,Rishon Letzion,IMAX 3D
YP,24/10/2024,00:30,Venom: The Last Dance,Rishon Letzion,IMAX 3D
YP,24/10/2024,17:15,Venom: The Last Dance,Rishon Letzion,VIP
YP,24/10/2024,19:45,Venom: The Last Dance,Rishon Letzion,VIP
YP,24/10/2024,22:15,Venom: The Last Dance,Rishon Letzion,VIP
YP,24/10/2024,00:40,Venom: The Last Dance,Rishon Letzion,VIP
HC,24/10/2024,14:30,Venom: The Last Dance,Carmiel,R
HC,24/10/2024,17:00,Venom: The Last Dance,Carmiel,R
HC,24/10/2024,19:25,Venom: The Last Dance,Carmiel,R
HC,24/10/2024,21:50,Venom: The Last Dance,Carmiel,R
HC,24/10/2024,19:40,Venom: The Last Dance,Nahariya,R
HC,24/10/2024,22:10,Venom: The Last Dance,Nahariya,R
HC,24/10/2024,14:30,Venom: The Last Dance,Kiryat Bialik,R
HC,24/10/2024,17:00,Venom: The Last Dance,Kiryat Bialik,R
HC,24/10/2024,19:25,Venom: The Last Dance,Kiryat Bialik,R
HC,24/10/2024,21:50,Venom: The Last Dance,Kiryat Bialik,R
HC,24/10/2024,14:35,Venom: The Last Dance,Haifa,R
HC,24/10/2024,17:00,Venom: The Last Dance,Haifa,R
HC,24/10/2024,19:25,Venom: The Last Dance,Haifa,R
HC,24/10/2024,21:50,Venom: The Last Dance,Haifa,R
HC,24/10/2024,14:15,Venom: The Last Dance,Kfar Saba,R
HC,24/10/2024,16:50,Venom: The Last Dance,Kfar Saba,R
HC,24/10/2024,19:25,Venom: The Last Dance,Kfar Saba,R
HC,24/10/2024,22:00,Venom: The Last Dance,Kfar Saba,R
HC,24/10/2024,14:35,Venom: The Last Dance,Petach Tikvah,R
HC,24/10/2024,17:00,Venom: The Last Dance,Petach Tikvah,R
HC,24/10/2024,19:25,Venom: The Last Dance,Petach Tikvah,R
HC,24/10/2024,21:50,Venom: The Last Dance,Petach Tikvah,R
HC,24/10/2024,15:00,Venom: The Last Dance,Modiin,R
HC,24/10/2024,20:00,Venom: The Last Dance,Modiin,R
HC,24/10/2024,22:20,Venom: The Last Dance,Modiin,R
HC,24/10/2024,14:30,Venom: The Last Dance,Rehovot,R
HC,24/10/2024,17:00,Venom: The Last Dance,Rehovot,R
HC,24/10/2024,19:25,Venom: The Last Dance,Rehovot,R
HC,24/10/2024,21:50,Venom: The Last Dance,Rehovot,R
HC,24/10/2024,14:50,Venom: The Last Dance,Ashdod,R
HC,24/10/2024,17:10,Venom: The Last Dance,Ashdod,R
HC,24/10/2024,19:30,Venom: The Last Dance,Ashdod,R
HC,24/10/2024,21:50,Venom: The Last Dance,Ashdod,R
HC,24/10/2024,14:50,Venom: The Last Dance,Ashkelon,R
HC,24/10/2024,17:10,Venom: The Last Dance,Ashkelon,R
HC,24/10/2024,19:30,Venom: The Last Dance,Ashkelon,R
HC,24/10/2024,21:50,Venom: The Last Dance,Ashkelon,R
CC,24/10/2024,11:30,Venom: The Last Dance,Chadera,R
CC,24/10/2024,14:10,Venom: The Last Dance,Chadera,R
CC,24/10/2024,16:50,Venom: The Last Dance,Chadera,R
CC,24/10/2024,19:10,Venom: The Last Dance,Chadera,R
CC,24/10/2024,21:50,Venom: The Last Dance,Chadera,R
CC,24/10/2024,00:30,Venom: The Last Dance,Chadera,R
CC,24/10/2024,11:20,Venom: The Last Dance,Ashdod,R
CC,24/10/2024,14:10,Venom: The Last Dance,Ashdod,R
CC,24/10/2024,17:00,Venom: The Last Dance,Ashdod,R
CC,24/10/2024,19:10,Venom: The Last Dance,Ashdod,R
CC,24/10/2024,22:00,Venom: The Last Dance,Ashdod,R
CC,24/10/2024,00:00,Venom: The Last Dance,Ashdod,R
YP,24/10/2024,12:00,Venom: The Last Dance,Ayalon,R
YP,24/10/2024,14:30,Venom: The Last Dance,Ayalon,R
YP,24/10/2024,17:00,Venom: The Last Dance,Ayalon,R
YP,24/10/2024,19:30,Venom: The Last Dance,Ayalon,R
YP,24/10/2024,22:00,Venom: The Last Dance,Ayalon,R
YP,24/10/2024,00:20,Venom: The Last Dance,Ayalon,R
YP,24/10/2024,14:00,Venom: The Last Dance,Beer Sheva,4DX
YP,24/10/2024,16:20,Venom: The Last Dance,Beer Sheva,4DX
YP,24/10/2024,18:45,Venom: The Last Dance,Beer Sheva,4DX
YP,24/10/2024,21:10,Venom: The Last Dance,Beer Sheva,4DX
YP,24/10/2024,23:30,Venom: The Last Dance,Beer Sheva,4DX
YP,24/10/2024,14:00,Venom: The Last Dance,Beer Sheva,SCREENX
YP,24/10/2024,16:30,Venom: The Last Dance,Beer Sheva,SCREENX
YP,24/10/2024,19:00,Venom: The Last Dance,Beer Sheva,SCREENX
YP,24/10/2024,21:30,Venom: The Last Dance,Beer Sheva,SCREENX
YP,24/10/2024,23:50,Venom: The Last Dance,Beer Sheva,SCREENX
YP,24/10/2024,14:30,Venom: The Last Dance,Beer Sheva,VIP
YP,24/10/2024,17:00,Venom: The Last Dance,Beer Sheva,VIP
YP,24/10/2024,19:30,Venom: The Last Dance,Beer Sheva,VIP
YP,24/10/2024,22:00,Venom: The Last Dance,Beer Sheva,VIP
YP,24/10/2024,00:20,Venom: The Last Dance,Beer Sheva,VIP
YP,24/10/2024,16:00,Venom: The Last Dance,Beer Sheva,R
YP,24/10/2024,18:30,Venom: The Last Dance,Beer Sheva,R
YP,24/10/2024,21:00,Venom: The Last Dance,Beer Sheva,R
YP,24/10/2024,23:20,Venom: The Last Dance,Beer Sheva,R
YP,24/10/2024,17:00,Venom: The Last Dance,Beer Sheva,IMAX 3D
YP,24/10/2024,19:30,Venom: The Last Dance,Beer Sheva,IMAX 3D
YP,24/10/2024,22:00,Venom: The Last Dance,Beer Sheva,IMAX 3D
YP,24/10/2024,00:20,Venom: The Last Dance,Beer Sheva,IMAX 3D
YP,24/10/2024,12:00,Venom: The Last Dance,Zichron Yaakov,R
YP,24/10/2024,14:30,Venom: The Last Dance,Zichron Yaakov,R
YP,24/10/2024,16:50,Venom: The Last Dance,Zichron Yaakov,R
YP,24/10/2024,19:15,Venom: The Last Dance,Zichron Yaakov,R
YP,24/10/2024,21:45,Venom: The Last Dance,Zichron Yaakov,R
YP,24/10/2024,00:10,Venom: The Last Dance,Zichron Yaakov,R
YP,24/10/2024,16:45,Venom: The Last Dance,Zichron Yaakov,VIP
YP,24/10/2024,19:15,Venom: The Last Dance,Zichron Yaakov,VIP
YP,24/10/2024,21:40,Venom: The Last Dance,Zichron Yaakov,VIP
YP,24/10/2024,00:00,Venom: The Last Dance,Zichron Yaakov,VIP
YP,24/10/2024,11:00,Venom: The Last Dance,Haifa,4DX
YP,24/10/2024,13:30,Venom: The Last Dance,Haifa,4DX
YP,24/10/2024,16:00,Venom: The Last Dance,Haifa,4DX
YP,24/10/2024,18:30,Venom: The Last Dance,Haifa,4DX
YP,24/10/2024,21:00,Venom: The Last Dance,Haifa,4DX
YP,24/10/2024,23:30,Venom: The Last Dance,Haifa,4DX
YP,24/10/2024,11:30,Venom: The Last Dance,Haifa,R
YP,24/10/2024,14:00,Venom: The Last Dance,Haifa,R
YP,24/10/2024,16:30,Venom: The Last Dance,Haifa,R
YP,24/10/2024,19:00,Venom: The Last Dance,Haifa,R
YP,24/10/2024,21:30,Venom: The Last Dance,Haifa,R
YP,24/10/2024,00:00,Venom: The Last Dance,Haifa,R
YP,24/10/2024,12:00,Venom: The Last Dance,Haifa,SCREENX
YP,24/10/2024,14:30,Venom: The Last Dance,Haifa,SCREENX
YP,24/10/2024,17:00,Venom: The Last Dance,Haifa,SCREENX
YP,24/10/2024,19:30,Venom: The Last Dance,Haifa,SCREENX
YP,24/10/2024,22:00,Venom: The Last Dance,Haifa,SCREENX
YP,24/10/2024,00:20,Venom: The Last Dance,Haifa,SCREENX
YP,24/10/2024,17:00,Venom: The Last Dance,Haifa,VIP
YP,24/10/2024,19:30,Venom: The Last Dance,Haifa,VIP
YP,24/10/2024,22:00,Venom: The Last Dance,Haifa,VIP
YP,24/10/2024,00:30,Venom: The Last Dance,Haifa,VIP
YP,24/10/2024,11:00,Venom: The Last Dance,Jerusalem,R
YP,24/10/2024,13:30,Venom: The Last Dance,Jerusalem,R
YP,24/10/2024,16:00,Venom: The Last Dance,Jerusalem,R
YP,24/10/2024,18:30,Venom: The Last Dance,Jerusalem,R
YP,24/10/2024,19:15,Venom: The Last Dance,Jerusalem,R
YP,24/10/2024,21:00,Venom: The Last Dance,Jerusalem,R
YP,24/10/2024,23:30,Venom: The Last Dance,Jerusalem,R
YP,24/10/2024,11:40,Venom: The Last Dance,Jerusalem,4DX
YP,24/10/2024,14:00,Venom: The Last Dance,Jerusalem,4DX
YP,24/10/2024,16:30,Venom: The Last Dance,Jerusalem,4DX
YP,24/10/2024,19:00,Venom: The Last Dance,Jerusalem,4DX
YP,24/10/2024,21:30,Venom: The Last Dance,Jerusalem,4DX
YP,24/10/2024,00:00,Venom: The Last Dance,Jerusalem,4DX
YP,24/10/2024,12:00,Venom: The Last Dance,Jerusalem,IMAX 3D
YP,24/10/2024,14:30,Venom: The Last Dance,Jerusalem,IMAX 3D
YP,24/10/2024,17:00,Venom: The Last Dance,Jerusalem,IMAX 3D
YP,24/10/2024,19:30,Venom: The Last Dance,Jerusalem,IMAX 3D
YP,24/10/2024,22:00,Venom: The Last Dance,Jerusalem,IMAX 3D
YP,24/10/2024,00:20,Venom: The Last Dance,Jerusalem,IMAX 3D
HC,25/10/2024,19:15,Joker: Folie à Deux,Haifa,R
ML,25/10/2024,19:30,Venom: The Last Dance,Carmiel,Upgrade
ML,25/10/2024,21:50,Venom: The Last Dance,Carmiel,Upgrade
ML,25/10/2024,19:05,Venom: The Last Dance,Haifa,Upgrade
ML,25/10/2024,21:30,Venom: The Last Dance,Haifa,Upgrade
ML,25/10/2024,19:25,Venom: The Last Dance,Netanya,Upgrade
ML,25/10/2024,21:00,Venom: The Last Dance,Netanya,R
ML,25/10/2024,22:00,Venom: The Last Dance,Netanya,Upgrade
CC,25/10/2024,11:00,Venom: The Last Dance,Glilot,R
CC,25/10/2024,13:50,Venom: The Last Dance,Glilot,R
CC,25/10/2024,16:40,Venom: The Last Dance,Glilot,R
CC,25/10/2024,19:30,Venom: The Last Dance,Glilot,R
CC,25/10/2024,22:20,Venom: The Last Dance,Glilot,R
CC,25/10/2024,00:30,Venom: The Last Dance,Glilot,R
CC,25/10/2024,19:30,Venom: The Last Dance,Glilot,4DX
CC,25/10/2024,22:20,Venom: The Last Dance,Glilot,4DX
CC,25/10/2024,11:30,Venom: The Last Dance,Rishon Letzion,R
CC,25/10/2024,14:30,Venom: The Last Dance,Rishon Letzion,R
CC,25/10/2024,17:30,Venom: The Last Dance,Rishon Letzion,R
CC,25/10/2024,19:00,Venom: The Last Dance,Rishon Letzion,R
CC,25/10/2024,22:00,Venom: The Last Dance,Rishon Letzion,R
CC,25/10/2024,11:30,Venom: The Last Dance,Jerusalem,R
CC,25/10/2024,14:15,Venom: The Last Dance,Jerusalem,R
CC,25/10/2024,14:00,Venom: The Last Dance,Kfar Saba,R
CC,25/10/2024,17:00,Venom: The Last Dance,Kfar Saba,R
CC,25/10/2024,19:00,Venom: The Last Dance,Kfar Saba,R
CC,25/10/2024,22:00,Venom: The Last Dance,Kfar Saba,R
CC,25/10/2024,14:40,Venom: The Last Dance,Netanya,R
CC,25/10/2024,17:20,Venom: The Last Dance,Netanya,R
CC,25/10/2024,19:10,Venom: The Last Dance,Netanya,R
CC,25/10/2024,22:00,Venom: The Last Dance,Netanya,R
CC,25/10/2024,17:10,Venom: The Last Dance,Beer Sheva,R
CC,25/10/2024,19:00,Venom: The Last Dance,Beer Sheva,R
CC,25/10/2024,22:00,Venom: The Last Dance,Beer Sheva,R
YP,25/10/2024,14:00,Venom: The Last Dance,Rishon Letzion,4DX
YP,25/10/2024,16:30,Venom: The Last Dance,Rishon Letzion,4DX
YP,25/10/2024,19:00,Venom: The Last Dance,Rishon Letzion,4DX
YP,25/10/2024,21:30,Venom: The Last Dance,Rishon Letzion,4DX
YP,25/10/2024,00:00,Venom: The Last Dance,Rishon Letzion,4DX
YP,25/10/2024,14:15,Venom: The Last Dance,Rishon Letzion,SCREENX
YP,25/10/2024,16:45,Venom: The Last Dance,Rishon Letzion,SCREENX
YP,25/10/2024,19:15,Venom: The Last Dance,Rishon Letzion,SCREENX
YP,25/10/2024,21:45,Venom: The Last Dance,Rishon Letzion,SCREENX
YP,25/10/2024,00:10,Venom: The Last Dance,Rishon Letzion,SCREENX
YP,25/10/2024,14:30,Venom: The Last Dance,Rishon Letzion,IMAX 3D
YP,25/10/2024,17:00,Venom: The Last Dance,Rishon Letzion,IMAX 3D
YP,25/10/2024,19:30,Venom: The Last Dance,Rishon Letzion,IMAX 3D
YP,25/10/2024,22:00,Venom: The Last Dance,Rishon Letzion,IMAX 3D
YP,25/10/2024,00:30,Venom: The Last Dance,Rishon Letzion,IMAX 3D
YP,25/10/2024,16:00,Venom: The Last Dance,Rishon Letzion,R
YP,25/10/2024,18:30,Venom: The Last Dance,Rishon Letzion,R
YP,25/10/2024,21:00,Venom: The Last Dance,Rishon Letzion,R
YP,25/10/2024,23:30,Venom: The Last Dance,Rishon Letzion,R
YP,25/10/2024,17:15,Venom: The Last Dance,Rishon Letzion,VIP
YP,25/10/2024,19:45,Venom: The Last Dance,Rishon Letzion,VIP
YP,25/10/2024,22:15,Venom: The Last Dance,Rishon Letzion,VIP
YP,25/10/2024,00:40,Venom: The Last Dance,Rishon Letzion,VIP
HC,25/10/2024,15:00,Venom: The Last Dance,Carmiel,R
HC,25/10/2024,17:25,Venom: The Last Dance,Carmiel,R
HC,25/10/2024,19:50,Venom: The Last Dance,Carmiel,R
HC,25/10/2024,22:15,Venom: The Last Dance,Carmiel,R
HC,25/10/2024,19:40,Venom: The Last Dance,Nahariya,R
HC,25/10/2024,22:10,Venom: The Last Dance,Nahariya,R
HC,25/10/2024,15:00,Venom: The Last Dance,Kiryat Bialik,R
HC,25/10/2024,17:30,Venom: The Last Dance,Kiryat Bialik,R
HC,25/10/2024,20:00,Venom: The Last Dance,Kiryat Bialik,R
HC,25/10/2024,22:30,Venom: The Last Dance,Kiryat Bialik,R
HC,25/10/2024,15:00,Venom: The Last Dance,Haifa,R
HC,25/10/2024,17:25,Venom: The Last Dance,Haifa,R
HC,25/10/2024,19:50,Venom: The Last Dance,Haifa,R
HC,25/10/2024,22:15,Venom: The Last Dance,Haifa,R
HC,25/10/2024,14:25,Venom: The Last Dance,Kfar Saba,R
HC,25/10/2024,17:00,Venom: The Last Dance,Kfar Saba,R
HC,25/10/2024,19:40,Venom: The Last Dance,Kfar Saba,R
HC,25/10/2024,22:15,Venom: The Last Dance,Kfar Saba,R
HC,25/10/2024,15:00,Venom: The Last Dance,Petach Tikvah,R
HC,25/10/2024,17:25,Venom: The Last Dance,Petach Tikvah,R
HC,25/10/2024,19:50,Venom: The Last Dance,Petach Tikvah,R
HC,25/10/2024,22:15,Venom: The Last Dance,Petach Tikvah,R
HC,25/10/2024,15:10,Venom: The Last Dance,Modiin,R
HC,25/10/2024,17:30,Venom: The Last Dance,Modiin,R
HC,25/10/2024,19:50,Venom: The Last Dance,Modiin,R
HC,25/10/2024,22:15,Venom: The Last Dance,Modiin,R
HC,25/10/2024,15:00,Venom: The Last Dance,Rehovot,R
HC,25/10/2024,17:25,Venom: The Last Dance,Rehovot,R
HC,25/10/2024,19:50,Venom: The Last Dance,Rehovot,R
HC,25/10/2024,22:15,Venom: The Last Dance,Rehovot,R
HC,25/10/2024,15:10,Venom: The Last Dance,Ashdod,R
HC,25/10/2024,17:30,Venom: The Last Dance,Ashdod,R
HC,25/10/2024,19:50,Venom: The Last Dance,Ashdod,R
HC,25/10/2024,22:10,Venom: The Last Dance,Ashdod,R
HC,25/10/2024,14:50,Venom: The Last Dance,Ashkelon,R
HC,25/10/2024,17:10,Venom: The Last Dance,Ashkelon,R
HC,25/10/2024,19:30,Venom: The Last Dance,Ashkelon,R
HC,25/10/2024,21:50,Venom: The Last Dance,Ashkelon,R
CC,25/10/2024,14:10,Venom: The Last Dance,Chadera,R
CC,25/10/2024,16:50,Venom: The Last Dance,Chadera,R
CC,25/10/2024,19:10,Venom: The Last Dance,Chadera,R
CC,25/10/2024,21:50,Venom: The Last Dance,Chadera,R
CC,25/10/2024,00:30,Venom: The Last Dance,Chadera,R
CC,25/10/2024,14:10,Venom: The Last Dance,Ashdod,R
CC,25/10/2024,17:00,Venom: The Last Dance,Ashdod,R
CC,25/10/2024,19:10,Venom: The Last Dance,Ashdod,R
CC,25/10/2024,22:00,Venom: The Last Dance,Ashdod,R
CC,25/10/2024,00:00,Venom: The Last Dance,Ashdod,R
YP,25/10/2024,14:30,Venom: The Last Dance,Ayalon,R
YP,25/10/2024,17:00,Venom: The Last Dance,Ayalon,R
YP,25/10/2024,19:30,Venom: The Last Dance,Ayalon,R
YP,25/10/2024,22:00,Venom: The Last Dance,Ayalon,R
YP,25/10/2024,00:20,Venom: The Last Dance,Ayalon,R
YP,25/10/2024,14:00,Venom: The Last Dance,Beer Sheva,4DX
YP,25/10/2024,16:20,Venom: The Last Dance,Beer Sheva,4DX
YP,25/10/2024,18:45,Venom: The Last Dance,Beer Sheva,4DX
YP,25/10/2024,21:10,Venom: The Last Dance,Beer Sheva,4DX
YP,25/10/2024,23:30,Venom: The Last Dance,Beer Sheva,4DX
YP,25/10/2024,14:00,Venom: The Last Dance,Beer Sheva,SCREENX
YP,25/10/2024,16:30,Venom: The Last Dance,Beer Sheva,SCREENX
YP,25/10/2024,19:00,Venom: The Last Dance,Beer Sheva,SCREENX
YP,25/10/2024,21:30,Venom: The Last Dance,Beer Sheva,SCREENX
YP,25/10/2024,23:50,Venom: The Last Dance,Beer Sheva,SCREENX
YP,25/10/2024,14:30,Venom: The Last Dance,Beer Sheva,VIP
YP,25/10/2024,17:00,Venom: The Last Dance,Beer Sheva,VIP
YP,25/10/2024,19:30,Venom: The Last Dance,Beer Sheva,VIP
YP,25/10/2024,22:00,Venom: The Last Dance,Beer Sheva,VIP
YP,25/10/2024,00:20,Venom: The Last Dance,Beer Sheva,VIP
YP,25/10/2024,16:00,Venom: The Last Dance,Beer Sheva,R
YP,25/10/2024,18:30,Venom: The Last Dance,Beer Sheva,R
YP,25/10/2024,21:00,Venom: The Last Dance,Beer Sheva,R
YP,25/10/2024,23:20,Venom: The Last Dance,Beer Sheva,R
YP,25/10/2024,17:00,Venom: The Last Dance,Beer Sheva,IMAX 3D
YP,25/10/2024,19:30,Venom: The Last Dance,Beer Sheva,IMAX 3D
YP,25/10/2024,22:00,Venom: The Last Dance,Beer Sheva,IMAX 3D
YP,25/10/2024,00:20,Venom: The Last Dance,Beer Sheva,IMAX 3D
YP,25/10/2024,14:30,Venom: The Last Dance,Zichron Yaakov,R
YP,25/10/2024,16:50,Venom: The Last Dance,Zichron Yaakov,R
YP,25/10/2024,19:15,Venom: The Last Dance,Zichron Yaakov,R
YP,25/10/2024,21:45,Venom: The Last Dance,Zichron Yaakov,R
YP,25/10/2024,00:10,Venom: The Last Dance,Zichron Yaakov,R
YP,25/10/2024,16:45,Venom: The Last Dance,Zichron Yaakov,VIP
YP,25/10/2024,19:15,Venom: The Last Dance,Zichron Yaakov,VIP
YP,25/10/2024,21:40,Venom: The Last Dance,Zichron Yaakov,VIP
YP,25/10/2024,00:00,Venom: The Last Dance,Zichron Yaakov,VIP
YP,25/10/2024,14:00,Venom: The Last Dance,Haifa,R
YP,25/10/2024,16:30,Venom: The Last Dance,Haifa,R
YP,25/10/2024,19:00,Venom: The Last Dance,Haifa,R
YP,25/10/2024,21:30,Venom: The Last Dance,Haifa,R
YP,25/10/2024,00:00,Venom: The Last Dance,Haifa,R
YP,25/10/2024,14:30,Venom: The Last Dance,Haifa,SCREENX
YP,25/10/2024,17:00,Venom: The Last Dance,Haifa,SCREENX
YP,25/10/2024,19:30,Venom: The Last Dance,Haifa,SCREENX
YP,25/10/2024,22:00,Venom: The Last Dance,Haifa,SCREENX
YP,25/10/2024,00:20,Venom: The Last Dance,Haifa,SCREENX
YP,25/10/2024,15:30,Venom: The Last Dance,Haifa,4DX
YP,25/10/2024,18:00,Venom: The Last Dance,Haifa,4DX
YP,25/10/2024,20:50,Venom: The Last Dance,Haifa,4DX
YP,25/10/2024,23:20,Venom: The Last Dance,Haifa,4DX
YP,25/10/2024,17:00,Venom: The Last Dance,Haifa,VIP
YP,25/10/2024,19:30,Venom: The Last Dance,Haifa,VIP
YP,25/10/2024,22:00,Venom: The Last Dance,Haifa,VIP
YP,25/10/2024,00:30,Venom: The Last Dance,Haifa,VIP
YP,25/10/2024,14:00,Venom: The Last Dance,Jerusalem,4DX
YP,25/10/2024,16:30,Venom: The Last Dance,Jerusalem,4DX
YP,25/10/2024,19:00,Venom: The Last Dance,Jerusalem,4DX
YP,25/10/2024,21:30,Venom: The Last Dance,Jerusalem,4DX
YP,25/10/2024,00:00,Venom: The Last Dance,Jerusalem,4DX
YP,25/10/2024,14:30,Venom: The Last Dance,Jerusalem,IMAX 3D
YP,25/10/2024,17:00,Venom: The Last Dance,Jerusalem,IMAX 3D
YP,25/10/2024,19:30,Venom: The Last Dance,Jerusalem,IMAX 3D
YP,25/10/2024,22:00,Venom: The Last Dance,Jerusalem,IMAX 3D
YP,25/10/2024,00:20,Venom: The Last Dance,Jerusalem,IMAX 3D
YP,25/10/2024,16:00,Venom: The Last Dance,Jerusalem,R
YP,25/10/2024,18:30,Venom: The Last Dance,Jerusalem,R
YP,25/10/2024,21:00,Venom: The Last Dance,Jerusalem,R
YP,25/10/2024,23:30,Venom: The Last Dance,Jerusalem,R
CC,26/10/2024,11:10,Venom: The Last Dance,Glilot,R
CC,26/10/2024,14:00,Venom: The Last Dance,Glilot,R
CC,26/10/2024,16:50,Venom: The Last Dance,Glilot,R
CC,26/10/2024,19:30,Venom: The Last Dance,Glilot,R
CC,26/10/2024,22:20,Venom: The Last Dance,Glilot,R
CC,26/10/2024,19:30,Venom: The Last Dance,Glilot,4DX
CC,26/10/2024,22:20,Venom: The Last Dance,Glilot,4DX
CC,26/10/2024,11:15,Venom: The Last Dance,Rishon Letzion,R
CC,26/10/2024,14:15,Venom: The Last Dance,Rishon Letzion,R
CC,26/10/2024,17:15,Venom: The Last Dance,Rishon Letzion,R
CC,26/10/2024,19:00,Venom: The Last Dance,Rishon Letzion,R
CC,26/10/2024,22:10,Venom: The Last Dance,Rishon Letzion,R
CC,26/10/2024,21:45,Venom: The Last Dance,Jerusalem,R
CC,26/10/2024,11:00,Venom: The Last Dance,Kfar Saba,R
CC,26/10/2024,14:00,Venom: The Last Dance,Kfar Saba,R
CC,26/10/2024,17:00,Venom: The Last Dance,Kfar Saba,R
CC,26/10/2024,19:00,Venom: The Last Dance,Kfar Saba,R
CC,26/10/2024,22:00,Venom: The Last Dance,Kfar Saba,R
CC,26/10/2024,11:50,Venom: The Last Dance,Netanya,R
CC,26/10/2024,14:30,Venom: The Last Dance,Netanya,R
CC,26/10/2024,17:10,Venom: The Last Dance,Netanya,R
CC,26/10/2024,19:10,Venom: The Last Dance,Netanya,R
CC,26/10/2024,22:00,Venom: The Last Dance,Netanya,R
CC,26/10/2024,11:00,Venom: The Last Dance,Beer Sheva,R
CC,26/10/2024,14:00,Venom: The Last Dance,Beer Sheva,R
CC,26/10/2024,17:00,Venom: The Last Dance,Beer Sheva,R
CC,26/10/2024,19:00,Venom: The Last Dance,Beer Sheva,R
CC,26/10/2024,22:00,Venom: The Last Dance,Beer Sheva,R
YP,26/10/2024,11:00,Venom: The Last Dance,Rishon Letzion,R
YP,26/10/2024,13:30,Venom: The Last Dance,Rishon Letzion,R
YP,26/10/2024,16:00,Venom: The Last Dance,Rishon Letzion,R
YP,26/10/2024,18:30,Venom: The Last Dance,Rishon Letzion,R
YP,26/10/2024,21:00,Venom: The Last Dance,Rishon Letzion,R
YP,26/10/2024,23:30,Venom: The Last Dance,Rishon Letzion,R
YP,26/10/2024,11:30,Venom: The Last Dance,Rishon Letzion,4DX
YP,26/10/2024,14:00,Venom: The Last Dance,Rishon Letzion,4DX
YP,26/10/2024,16:30,Venom: The Last Dance,Rishon Letzion,4DX
YP,26/10/2024,19:00,Venom: The Last Dance,Rishon Letzion,4DX
YP,26/10/2024,21:30,Venom: The Last Dance,Rishon Letzion,4DX
YP,26/10/2024,00:00,Venom: The Last Dance,Rishon Letzion,4DX
YP,26/10/2024,14:15,Venom: The Last Dance,Rishon Letzion,SCREENX
YP,26/10/2024,16:45,Venom: The Last Dance,Rishon Letzion,SCREENX
YP,26/10/2024,19:15,Venom: The Last Dance,Rishon Letzion,SCREENX
YP,26/10/2024,21:45,Venom: The Last Dance,Rishon Letzion,SCREENX
YP,26/10/2024,00:10,Venom: The Last Dance,Rishon Letzion,SCREENX
YP,26/10/2024,12:00,Venom: The Last Dance,Rishon Letzion,IMAX 3D
YP,26/10/2024,14:30,Venom: The Last Dance,Rishon Letzion,IMAX 3D
YP,26/10/2024,17:00,Venom: The Last Dance,Rishon Letzion,IMAX 3D
YP,26/10/2024,19:30,Venom: The Last Dance,Rishon Letzion,IMAX 3D
YP,26/10/2024,22:00,Venom: The Last Dance,Rishon Letzion,IMAX 3D
YP,26/10/2024,00:30,Venom: The Last Dance,Rishon Letzion,IMAX 3D
YP,26/10/2024,14:30,Venom: The Last Dance,Rishon Letzion,VIP
YP,26/10/2024,17:15,Venom: The Last Dance,Rishon Letzion,VIP
YP,26/10/2024,19:45,Venom: The Last Dance,Rishon Letzion,VIP
YP,26/10/2024,22:15,Venom: The Last Dance,Rishon Letzion,VIP
YP,26/10/2024,00:40,Venom: The Last Dance,Rishon Letzion,VIP
CC,26/10/2024,11:50,Venom: The Last Dance,Chadera,R
CC,26/10/2024,14:30,Venom: The Last Dance,Chadera,R
CC,26/10/2024,17:10,Venom: The Last Dance,Chadera,R
CC,26/10/2024,19:10,Venom: The Last Dance,Chadera,R
CC,26/10/2024,22:00,Venom: The Last Dance,Chadera,R
CC,26/10/2024,11:20,Venom: The Last Dance,Ashdod,R
CC,26/10/2024,14:10,Venom: The Last Dance,Ashdod,R
CC,26/10/2024,17:00,Venom: The Last Dance,Ashdod,R
CC,26/10/2024,19:10,Venom: The Last Dance,Ashdod,R
CC,26/10/2024,22:00,Venom: The Last Dance,Ashdod,R
YP,26/10/2024,12:00,Venom: The Last Dance,Ayalon,R
YP,26/10/2024,14:30,Venom: The Last Dance,Ayalon,R
YP,26/10/2024,17:00,Venom: The Last Dance,Ayalon,R
YP,26/10/2024,19:30,Venom: The Last Dance,Ayalon,R
YP,26/10/2024,22:00,Venom: The Last Dance,Ayalon,R
YP,26/10/2024,00:20,Venom: The Last Dance,Ayalon,R
YP,26/10/2024,11:00,Venom: The Last Dance,Beer Sheva,R
YP,26/10/2024,13:30,Venom: The Last Dance,Beer Sheva,R
YP,26/10/2024,16:00,Venom: The Last Dance,Beer Sheva,R
YP,26/10/2024,18:30,Venom: The Last Dance,Beer Sheva,R
YP,26/10/2024,21:00,Venom: The Last Dance,Beer Sheva,R
YP,26/10/2024,23:20,Venom: The Last Dance,Beer Sheva,R
YP,26/10/2024,11:30,Venom: The Last Dance,Beer Sheva,4DX
YP,26/10/2024,14:00,Venom: The Last Dance,Beer Sheva,4DX
YP,26/10/2024,16:20,Venom: The Last Dance,Beer Sheva,4DX
YP,26/10/2024,18:45,Venom: The Last Dance,Beer Sheva,4DX
YP,26/10/2024,21:10,Venom: The Last Dance,Beer Sheva,4DX
YP,26/10/2024,23:30,Venom: The Last Dance,Beer Sheva,4DX
YP,26/10/2024,11:40,Venom: The Last Dance,Beer Sheva,SCREENX
YP,26/10/2024,14:00,Venom: The Last Dance,Beer Sheva,SCREENX
YP,26/10/2024,16:30,Venom: The Last Dance,Beer Sheva,SCREENX
YP,26/10/2024,19:00,Venom: The Last Dance,Beer Sheva,SCREENX
YP,26/10/2024,21:30,Venom: The Last Dance,Beer Sheva,SCREENX
YP,26/10/2024,23:50,Venom: The Last Dance,Beer Sheva,SCREENX
YP,26/10/2024,14:15,Venom: The Last Dance,Beer Sheva,IMAX 3D
YP,26/10/2024,17:00,Venom: The Last Dance,Beer Sheva,IMAX 3D
YP,26/10/2024,19:30,Venom: The Last Dance,Beer Sheva,IMAX 3D
YP,26/10/2024,22:00,Venom: The Last Dance,Beer Sheva,IMAX 3D
YP,26/10/2024,00:20,Venom: The Last Dance,Beer Sheva,IMAX 3D
YP,26/10/2024,14:30,Venom: The Last Dance,Beer Sheva,VIP
YP,26/10/2024,17:00,Venom: The Last Dance,Beer Sheva,VIP
YP,26/10/2024,19:30,Venom: The Last Dance,Beer Sheva,VIP
YP,26/10/2024,22:00,Venom: The Last Dance,Beer Sheva,VIP
YP,26/10/2024,00:20,Venom: The Last Dance,Beer Sheva,VIP
YP,26/10/2024,12:00,Venom: The Last Dance,Zichron Yaakov,R
YP,26/10/2024,14:30,Venom: The Last Dance,Zichron Yaakov,R
YP,26/10/2024,16:50,Venom: The Last Dance,Zichron Yaakov,R
YP,26/10/2024,19:15,Venom: The Last Dance,Zichron Yaakov,R
YP,26/10/2024,21:45,Venom: The Last Dance,Zichron Yaakov,R
YP,26/10/2024,00:10,Venom: The Last Dance,Zichron Yaakov,R
YP,26/10/2024,16:45,Venom: The Last Dance,Zichron Yaakov,VIP
YP,26/10/2024,19:15,Venom: The Last Dance,Zichron Yaakov,VIP
YP,26/10/2024,21:40,Venom: The Last Dance,Zichron Yaakov,VIP
YP,26/10/2024,00:00,Venom: The Last Dance,Zichron Yaakov,VIP
YP,26/10/2024,11:00,Venom: The Last Dance,Haifa,4DX
YP,26/10/2024,13:30,Venom: The Last Dance,Haifa,4DX
YP,26/10/2024,16:00,Venom: The Last Dance,Haifa,4DX
YP,26/10/2024,18:30,Venom: The Last Dance,Haifa,4DX
YP,26/10/2024,21:00,Venom: The Last Dance,Haifa,4DX
YP,26/10/2024,23:30,Venom: The Last Dance,Haifa,4DX
YP,26/10/2024,11:30,Venom: The Last Dance,Haifa,R
YP,26/10/2024,14:00,Venom: The Last Dance,Haifa,R
YP,26/10/2024,16:30,Venom: The Last Dance,Haifa,R
YP,26/10/2024,19:00,Venom: The Last Dance,Haifa,R
YP,26/10/2024,21:30,Venom: The Last Dance,Haifa,R
YP,26/10/2024,00:00,Venom: The Last Dance,Haifa,R
YP,26/10/2024,12:00,Venom: The Last Dance,Haifa,SCREENX
YP,26/10/2024,14:30,Venom: The Last Dance,Haifa,SCREENX
YP,26/10/2024,17:00,Venom: The Last Dance,Haifa,SCREENX
YP,26/10/2024,19:30,Venom: The Last Dance,Haifa,SCREENX
YP,26/10/2024,22:00,Venom: The Last Dance,Haifa,SCREENX
YP,26/10/2024,00:20,Venom: The Last Dance,Haifa,SCREENX
YP,26/10/2024,14:30,Venom: The Last Dance,Haifa,VIP
YP,26/10/2024,17:00,Venom: The Last Dance,Haifa,VIP
YP,26/10/2024,19:30,Venom: The Last Dance,Haifa,VIP
YP,26/10/2024,22:00,Venom: The Last Dance,Haifa,VIP
YP,26/10/2024,00:30,Venom: The Last Dance,Haifa,VIP
YP,26/10/2024,11:00,Venom: The Last Dance,Jerusalem,R
YP,26/10/2024,13:30,Venom: The Last Dance,Jerusalem,R
YP,26/10/2024,16:00,Venom: The Last Dance,Jerusalem,R
YP,26/10/2024,18:30,Venom: The Last Dance,Jerusalem,R
YP,26/10/2024,21:00,Venom: The Last Dance,Jerusalem,R
YP,26/10/2024,23:30,Venom: The Last Dance,Jerusalem,R
YP,26/10/2024,11:40,Venom: The Last Dance,Jerusalem,4DX
YP,26/10/2024,14:00,Venom: The Last Dance,Jerusalem,4DX
YP,26/10/2024,16:30,Venom: The Last Dance,Jerusalem,4DX
YP,26/10/2024,19:00,Venom: The Last Dance,Jerusalem,4DX
YP,26/10/2024,21:30,Venom: The Last Dance,Jerusalem,4DX
YP,26/10/2024,00:00,Venom: The Last Dance,Jerusalem,4DX
YP,26/10/2024,12:00,Venom: The Last Dance,Jerusalem,IMAX 3D
YP,26/10/2024,14:30,Venom: The Last Dance,Jerusalem,IMAX 3D
YP,26/10/2024,17:00,Venom: The Last Dance,Jerusalem,IMAX 3D
YP,26/10/2024,19:30,Venom: The Last Dance,Jerusalem,IMAX 3D
YP,26/10/2024,22:00,Venom: The Last Dance,Jerusalem,IMAX 3D
YP,26/10/2024,00:20,Venom: The Last Dance,Jerusalem,IMAX 3D
