cinema,datetext,timetext,title,year,href,poster
HRZCT,25-01-07,11:00,A Real Pain,2024,https://www.hcinema.org.il/event/%d7%9b%d7%90%d7%91-%d7%90%d7%9e%d7%99%d7%aa%d7%99-a-real-pain-%d7%a9%d7%9c%d7%99%d7%a9%d7%99-%d7%96%d7%94%d7%91/2025-01-07/1/,https://m.media-amazon.com/images/M/MV5BODY2YWYwM2YtZTVlNC00MjgyLTgzYTgtNmFmYWE5ZmY1MDM5XkEyXkFqcGc@._V1_SX300.jpg
HRZCT,25-01-07,14:00,A Real Pain,2024,https://www.hcinema.org.il/event/%d7%9b%d7%90%d7%91-%d7%90%d7%9e%d7%99%d7%aa%d7%99-a-real-pain-%d7%a9%d7%9c%d7%99%d7%a9%d7%99-%d7%96%d7%94%d7%91/2025-01-07/2/,https://m.media-amazon.com/images/M/MV5BODY2YWYwM2YtZTVlNC00MjgyLTgzYTgtNmFmYWE5ZmY1MDM5XkEyXkFqcGc@._V1_SX300.jpg
HRZCT,25-01-07,16:00,Eid Mubarak,2023,https://www.hcinema.org.il/event/%d7%a2%d7%99%d7%93-eid-%d7%a9%d7%9c%d7%99%d7%a9%d7%99-%d7%96%d7%94%d7%91/2025-01-07/,https://m.media-amazon.com/images/M/MV5BZjRiY2IyMjgtZDZiYi00YTA0LTk4NmMtMzBkMzk5NDIxNzdjXkEyXkFqcGdeQXVyMTAxNjIwMjYz._V1_SX300.jpg
HRZCT,25-01-07,18:00,A Real Pain,2024,https://www.hcinema.org.il/event/%d7%9b%d7%90%d7%91-%d7%90%d7%9e%d7%99%d7%aa%d7%99-a-real-pain-%d7%a9%d7%9c%d7%99%d7%a9%d7%99-%d7%96%d7%94%d7%91/2025-01-07/3/,https://m.media-amazon.com/images/M/MV5BODY2YWYwM2YtZTVlNC00MjgyLTgzYTgtNmFmYWE5ZmY1MDM5XkEyXkFqcGc@._V1_SX300.jpg
HRZCT,25-01-07,18:30,The Ring,2024,https://www.hcinema.org.il/event/%d7%94%d7%98%d7%91%d7%a2%d7%aa-the-ring-%d7%a9%d7%9c%d7%99%d7%a9%d7%99-%d7%96%d7%94%d7%91/2025-01-07/,https://m.media-amazon.com/images/M/MV5BNmYxZDRkOTEtMjcyYS00MDlhLTk5OGItNDNiMTA4NzBjNjJmXkEyXkFqcGc@._V1_SX300.jpg
HRZCT,25-01-07,20:30,Black Mirror: Bandersnatch,2018,https://www.hcinema.org.il/event/%d7%9e%d7%a8%d7%90%d7%94-mirror/,https://m.media-amazon.com/images/M/MV5BMjM5MzgzMjM3OF5BMl5BanBnXkFtZTgwMzQ2MzQwNzM@._V1_SX300.jpg
HRZCT,25-01-07,20:45,Nosferatu,2024,https://www.hcinema.org.il/event/%d7%a0%d7%95%d7%a1%d7%a4%d7%a8%d7%98%d7%95-nosferatu-%d7%a9%d7%9c%d7%99%d7%a9%d7%99-%d7%96%d7%94%d7%91/,https://m.media-amazon.com/images/M/MV5BY2FhZGE3NmEtNWJjOC00NDI1LWFhMTQtMjcxNmQzZmEwNGIzXkEyXkFqcGc@._V1_SX300.jpg
HRZCT,25-01-07,22:45,Better Man,2024,https://www.hcinema.org.il/event/%d7%a1%d7%99%d7%a4%d7%95%d7%a8%d7%95-%d7%a9%d7%9c-%d7%a8%d7%95%d7%91%d7%99-%d7%95%d7%95%d7%99%d7%9c%d7%99%d7%90%d7%9e%d7%a1-better-man-%d7%a9%d7%9c%d7%99%d7%a9%d7%99-%d7%96%d7%94%d7%91/,https://m.media-amazon.com/images/M/MV5BYWU3YzU0NTItMGVlYi00YTFmLWE5MmQtNjg4ODQ3ZWYyNjRkXkEyXkFqcGc@._V1_SX300.jpg
JAFC,25-01-07,18:00,My Neighbor Totoro,1988,https://www.jaffacinema.com/calendar/5636/,https://m.media-amazon.com/images/M/MV5BYWM3MDE3YjEtMzIzZC00ODE5LTgxNTItNmUyMTBkM2M2NmNiXkEyXkFqcGc@._V1_SX300.jpg
JAFC,25-01-07,19:00,Perfect Days,2023,https://www.jaffacinema.com/calendar/5616/,https://m.media-amazon.com/images/M/MV5BNGVmODFkM2MtOTEzMy00MjFjLThjZmYtODMxZmI1MzcyNDkyXkEyXkFqcGc@._V1_SX300.jpg
JAFC,25-01-07,20:30,The King of Comedy,1982,https://www.jaffacinema.com/calendar/5617/,https://m.media-amazon.com/images/M/MV5BYTQxNGUwNmUtMDJhYy00ZjM1LWFjZjQtYmI5ZGY4YTZmZWQyXkEyXkFqcGc@._V1_SX300.jpg
JAFC,25-01-07,21:30,Pierrot le fou,1965,https://www.jaffacinema.com/calendar/5634/,https://m.media-amazon.com/images/M/MV5BMTQ0OTc4MDcxMl5BMl5BanBnXkFtZTgwNjIzMjA0NzE@._V1_SX300.jpg
JLMCT,25-01-07,17:00,The Matador,2005,https://jer-cin.org.il/en/event/80766,https://m.media-amazon.com/images/M/MV5BNjRkNDMwNWItMDg2Zi00YWRhLWE2OWYtY2ZiOWNkZTY3YmY5XkEyXkFqcGc@._V1_SX300.jpg
JLMCT,25-01-07,18:00,The Glass Menagerie,1987,https://jer-cin.org.il/en/event/80772,https://m.media-amazon.com/images/M/MV5BNDNhZTQ5MTAtMzBiYy00ZDM1LWJiMWYtMzJkZmFhMWYyMGU4XkEyXkFqcGc@._V1_SX300.jpg
JLMCT,25-01-07,18:00,Lee,2023,https://jer-cin.org.il/en/event/80967,https://m.media-amazon.com/images/M/MV5BMDlhMDY0NTAtOTQwZi00ZjIxLTk2ZmYtZjU1Y2FiYWRhZDk3XkEyXkFqcGc@._V1_SX300.jpg
JLMCT,25-01-07,19:00,La Dolce Vita,1960,https://jer-cin.org.il/en/event/80768,https://m.media-amazon.com/images/M/MV5BZTMwMzZiM2QtNzVmNi00MWYzLTk0NWItYmFkMDA5MGViMWFhXkEyXkFqcGc@._V1_SX300.jpg
JLMCT,25-01-07,20:30,Ghost Cat Anzu,2024,https://jer-cin.org.il/en/event/80979,https://m.media-amazon.com/images/M/MV5BNDk3MmMyNTMtMjgxOC00NjBhLThmYjMtNzBiY2I5ZTJhZjNjXkEyXkFqcGc@._V1_SX300.jpg
JLMCT,25-01-07,20:45,The Five Senses,1999,https://jer-cin.org.il/en/event/80774,https://m.media-amazon.com/images/M/MV5BMjFlMDRmMDYtNTBmYy00ZTgzLTg0NTgtMWI3Y2UxYzIyOTEwXkEyXkFqcGdeQXVyNTM0NTU5Mg@@._V1_SX300.jpg
HRZCT,25-01-08,17:00,Eid Mubarak,2023,https://www.hcinema.org.il/event/%d7%a2%d7%99%d7%93-eid-2/2025-01-08/,https://m.media-amazon.com/images/M/MV5BZjRiY2IyMjgtZDZiYi00YTA0LTk4NmMtMzBkMzk5NDIxNzdjXkEyXkFqcGdeQXVyMTAxNjIwMjYz._V1_SX300.jpg
HRZCT,25-01-08,17:30,Better Man,2024,https://www.hcinema.org.il/event/%d7%a1%d7%99%d7%a4%d7%95%d7%a8%d7%95-%d7%a9%d7%9c-%d7%a8%d7%95%d7%91%d7%99-%d7%95%d7%95%d7%99%d7%9c%d7%99%d7%90%d7%9e%d7%a1-better-man/2025-01-08/1/,https://m.media-amazon.com/images/M/MV5BYWU3YzU0NTItMGVlYi00YTFmLWE5MmQtNjg4ODQ3ZWYyNjRkXkEyXkFqcGc@._V1_SX300.jpg
HRZCT,25-01-08,18:00,Moana 2,2024,https://www.hcinema.org.il/event/%d7%9e%d7%95%d7%90%d7%a0%d7%94-2-moana-2-%d7%90%d7%a0%d7%92%d7%9c%d7%99%d7%aa/2025-01-08/,https://m.media-amazon.com/images/M/MV5BZDUxNThhYTUtYjgxNy00MGQ4LTgzOTEtZjg1YTU5NTcwNThlXkEyXkFqcGc@._V1_SX300.jpg
HRZCT,25-01-08,20:00,Better Man,2024,https://www.hcinema.org.il/event/%d7%a1%d7%99%d7%a4%d7%95%d7%a8%d7%95-%d7%a9%d7%9c-%d7%a8%d7%95%d7%91%d7%99-%d7%95%d7%95%d7%99%d7%9c%d7%99%d7%90%d7%9e%d7%a1-better-man/2025-01-08/2/,https://m.media-amazon.com/images/M/MV5BYWU3YzU0NTItMGVlYi00YTFmLWE5MmQtNjg4ODQ3ZWYyNjRkXkEyXkFqcGc@._V1_SX300.jpg
HRZCT,25-01-08,20:15,The Vanishing Soldier,2023,https://www.hcinema.org.il/event/%d7%94%d7%97%d7%99%d7%99%d7%9c-%d7%94%d7%a0%d7%a2%d7%9c%d7%9d-the-vanishing-soldier-2/2025-01-08/,https://m.media-amazon.com/images/M/MV5BN2YyOTVhMjUtZTM0ZC00MDY3LTgyYzEtMGQxMmQwZmQzZTJkXkEyXkFqcGc@._V1_SX300.jpg
HRZCT,25-01-08,20:30,Rabbi Capoeira,2024,https://www.hcinema.org.il/event/%d7%94%d7%a8%d7%91%d7%99-%d7%a7%d7%a4%d7%95%d7%90%d7%a8%d7%94-rabbi-capoeira-%d7%a9%d7%99%d7%97%d7%94-%d7%a2%d7%9d-%d7%91%d7%a8%d7%a7-%d7%94%d7%99%d7%9e%d7%9f-%d7%99%d7%95%d7%a6%d7%a8-%d7%94/,https://m.media-amazon.com/images/M/MV5BNmE1MWE1MjAtNWFiNC00OGRkLWIyYzYtNGUzYTAzZjJiNWY0XkEyXkFqcGdeQXVyMjMyMzI4MzY@._V1_SX300.jpg
JAFC,25-01-08,18:00,Coyote Ugly,2000,https://www.jaffacinema.com/calendar/5632/,https://m.media-amazon.com/images/M/MV5BYmM2NDA1ZDQtYTRjNi00NGIwLWJhZmMtM2Q3YjFmZGFjNjZhXkEyXkFqcGc@._V1_SX300.jpg
JAFC,25-01-08,19:00,Wings of Desire,1987,https://www.jaffacinema.com/calendar/5618/,
JAFC,25-01-08,20:30,Get the Land Back,2024,https://www.jaffacinema.com/calendar/5619/,https://m.media-amazon.com/images/M/MV5BYTUzNmI4ODUtNTY3Yi00Njk4LWFiMmMtNGRmZDhhMDcyYmJkXkEyXkFqcGdeQXVyMjMyMzI4MzY@._V1_SX300.jpg
JAFC,25-01-08,21:30,Mulholland Drive,2001,https://www.jaffacinema.com/calendar/5620/,https://m.media-amazon.com/images/M/MV5BNjliY2UwMjQtYjVlNi00NzExLTg1MDMtMjE2OTYwYjI0NTcxXkEyXkFqcGc@._V1_SX300.jpg
JLMCT,25-01-08,18:00,The Vanishing Soldier,2023,https://jer-cin.org.il/en/event/80778,https://m.media-amazon.com/images/M/MV5BN2YyOTVhMjUtZTM0ZC00MDY3LTgyYzEtMGQxMmQwZmQzZTJkXkEyXkFqcGc@._V1_SX300.jpg
JLMCT,25-01-08,18:00,Last Life in the Universe,2003,https://jer-cin.org.il/en/event/80780,https://m.media-amazon.com/images/M/MV5BYTdkMzA5ODQtYTFjNS00NGMzLWE1YzAtMThkNDQwNzRhZDgwXkEyXkFqcGc@._V1_SX300.jpg
JLMCT,25-01-08,18:15,Ghost Cat Anzu,2024,https://jer-cin.org.il/en/event/80981,https://m.media-amazon.com/images/M/MV5BNDk3MmMyNTMtMjgxOC00NjBhLThmYjMtNzBiY2I5ZTJhZjNjXkEyXkFqcGc@._V1_SX300.jpg
JLMCT,25-01-08,20:30,Falling Down,1993,https://jer-cin.org.il/en/event/80784,https://m.media-amazon.com/images/M/MV5BZmE2MGQ4OWEtMmUzYS00ZDBhLTg4ZDAtZGRhYWNkOTAzYWQyXkEyXkFqcGc@._V1_SX300.jpg
JLMCT,25-01-08,20:30,Eid Mubarak,2023,https://jer-cin.org.il/en/event/80987,https://m.media-amazon.com/images/M/MV5BZjRiY2IyMjgtZDZiYi00YTA0LTk4NmMtMzBkMzk5NDIxNzdjXkEyXkFqcGdeQXVyMTAxNjIwMjYz._V1_SX300.jpg
JLMCT,25-01-08,20:45,Juno,2007,https://jer-cin.org.il/en/event/80782,https://m.media-amazon.com/images/M/MV5BMTIwMDgwODc5Nl5BMl5BanBnXkFtZTYwMjQzMDM4._V1_SX300.jpg
TLVCT,25-01-08,14:00,Broken Wings,2002,https://www.cinema.co.il/en/event/%d7%9b%d7%a0%d7%a4%d7%99%d7%99%d7%9d-%d7%a9%d7%91%d7%95%d7%a8%d7%95%d7%aa-%d7%a2%d7%9d-%d7%aa%d7%a8%d7%92%d7%95%d7%9d-%d7%9c%d7%a6%d7%a8%d7%a4%d7%aa%d7%99%d7%aa/,https://m.media-amazon.com/images/M/MV5BMjJjZmU4ZTAtYjUzNy00YjMwLTgzZTktZWVjZjI5ZWQ5ZjM3XkEyXkFqcGc@._V1_SX300.jpg
TLVCT,25-01-08,17:30,One More Win,2015,https://www.cinema.co.il/en/event/%d7%a8%d7%a7-%d7%a0%d7%a6%d7%97%d7%95%d7%9f-%d7%90%d7%97%d7%93/,0
TLVCT,25-01-08,19:00,This Is My Mother,2023,https://www.cinema.co.il/en/event/%d7%97%d7%99%d7%99%d7%9d-%d7%a9%d7%9c-%d7%90%d7%9e%d7%90/,https://m.media-amazon.com/images/M/MV5BNGYxN2MzZDYtM2MwZC00MjcxLWEzODMtZGQ2ZmY1ODZlNDUzXkEyXkFqcGc@._V1_SX300.jpg
TLVCT,25-01-08,20:00,Interstellar,2014,https://www.cinema.co.il/en/event/%d7%91%d7%99%d7%9f-%d7%9b%d7%95%d7%9b%d7%91%d7%99%d7%9d/,https://m.media-amazon.com/images/M/MV5BYzdjMDAxZGItMjI2My00ODA1LTlkNzItOWFjMDU5ZDJlYWY3XkEyXkFqcGc@._V1_SX300.jpg
TLVCT,25-01-08,21:00,The Governor,2009,https://www.cinema.co.il/en/event/%d7%94%d7%9e%d7%95%d7%a9%d7%9c-2024/,https://m.media-amazon.com/images/M/MV5BNzA5OTQ4Mjc1OF5BMl5BanBnXkFtZTcwNjk0NzYyMg@@._V1_SX300.jpg
HRZCT,25-01-09,17:00,A Real Pain,2024,https://www.hcinema.org.il/event/%d7%9b%d7%90%d7%91-%d7%90%d7%9e%d7%99%d7%aa%d7%99-a-real-pain/2025-01-09/1/,https://m.media-amazon.com/images/M/MV5BODY2YWYwM2YtZTVlNC00MjgyLTgzYTgtNmFmYWE5ZmY1MDM5XkEyXkFqcGc@._V1_SX300.jpg
HRZCT,25-01-09,17:15,Moana 2,2024,https://www.hcinema.org.il/event/%d7%9e%d7%95%d7%90%d7%a0%d7%94-2-moana-2-%d7%93%d7%99%d7%91%d7%95%d7%91-%d7%a2%d7%99%d7%91%d7%a8%d7%99/2025-01-09/,https://m.media-amazon.com/images/M/MV5BZDUxNThhYTUtYjgxNy00MGQ4LTgzOTEtZjg1YTU5NTcwNThlXkEyXkFqcGc@._V1_SX300.jpg
HRZCT,25-01-09,17:30,The Book of Wonders,2023,https://www.hcinema.org.il/event/%d7%97%d7%93%d7%a8-%d7%94%d7%a4%d7%9c%d7%90%d7%95%d7%aa-the-book-of-wonders/2025-01-09/,https://m.media-amazon.com/images/M/MV5BZWNjMjY4ZWMtMjljZS00YTg0LWJhMzEtNzYzYWUyYmZkYWExXkEyXkFqcGc@._V1_SX300.jpg
HRZCT,25-01-09,19:30,Small Things Like These,2024,https://www.hcinema.org.il/event/%d7%98%d7%a8%d7%95%d7%9d-%d7%91%d7%9b%d7%95%d7%a8%d7%94-%d7%93%d7%91%d7%a8%d7%99%d7%9d-%d7%a7%d7%98%d7%a0%d7%99%d7%9d-%d7%9b%d7%90%d7%9c%d7%94-small-things-like-these/,https://m.media-amazon.com/images/M/MV5BYzM2MmVkY2QtMTdmOS00YmNhLTg3NjktNmY1YTQ3ODQ0MTAxXkEyXkFqcGc@._V1_SX300.jpg
HRZCT,25-01-09,20:00,A Real Pain,2024,https://www.hcinema.org.il/event/%d7%9b%d7%90%d7%91-%d7%90%d7%9e%d7%99%d7%aa%d7%99-a-real-pain/2025-01-09/2/,https://m.media-amazon.com/images/M/MV5BODY2YWYwM2YtZTVlNC00MjgyLTgzYTgtNmFmYWE5ZmY1MDM5XkEyXkFqcGc@._V1_SX300.jpg
HRZCT,25-01-09,20:30,Nosferatu,2024,https://www.hcinema.org.il/event/%d7%a0%d7%95%d7%a1%d7%a4%d7%a8%d7%98%d7%95-nosferatu/2025-01-09/,https://m.media-amazon.com/images/M/MV5BY2FhZGE3NmEtNWJjOC00NDI1LWFhMTQtMjcxNmQzZmEwNGIzXkEyXkFqcGc@._V1_SX300.jpg
HRZCT,25-01-09,22:30,A Real Pain,2024,https://www.hcinema.org.il/event/%d7%9b%d7%90%d7%91-%d7%90%d7%9e%d7%99%d7%aa%d7%99-a-real-pain/2025-01-09/3/,https://m.media-amazon.com/images/M/MV5BODY2YWYwM2YtZTVlNC00MjgyLTgzYTgtNmFmYWE5ZmY1MDM5XkEyXkFqcGc@._V1_SX300.jpg
JAFC,25-01-09,18:00,The King of Comedy,1982,https://www.jaffacinema.com/calendar/5617/,https://m.media-amazon.com/images/M/MV5BYTQxNGUwNmUtMDJhYy00ZjM1LWFjZjQtYmI5ZGY4YTZmZWQyXkEyXkFqcGc@._V1_SX300.jpg
JAFC,25-01-09,19:00,Eid Mubarak,2023,https://www.jaffacinema.com/calendar/5642/,https://m.media-amazon.com/images/M/MV5BZjRiY2IyMjgtZDZiYi00YTA0LTk4NmMtMzBkMzk5NDIxNzdjXkEyXkFqcGdeQXVyMTAxNjIwMjYz._V1_SX300.jpg
JLMCT,25-01-09,16:00,Lemming,2005,https://jer-cin.org.il/en/event/80786,https://m.media-amazon.com/images/M/MV5BMjIwMTk4MDY4OF5BMl5BanBnXkFtZTcwNjY4OTI0Mg@@._V1_SX300.jpg
JLMCT,25-01-09,16:30,A Real Pain,2024,https://jer-cin.org.il/en/event/80993,https://m.media-amazon.com/images/M/MV5BODY2YWYwM2YtZTVlNC00MjgyLTgzYTgtNmFmYWE5ZmY1MDM5XkEyXkFqcGc@._V1_SX300.jpg
JLMCT,25-01-09,18:00,Three Days and a Child,1967,https://jer-cin.org.il/en/event/80794,https://m.media-amazon.com/images/M/MV5BZWM0N2MyMGItMWRmZi00ZWYyLTljMjctYmExZjE5MzE3OTMzXkEyXkFqcGc@._V1_SX300.jpg
JLMCT,25-01-09,18:15,Lee,2023,https://jer-cin.org.il/en/event/81037,https://m.media-amazon.com/images/M/MV5BMDlhMDY0NTAtOTQwZi00ZjIxLTk2ZmYtZjU1Y2FiYWRhZDk3XkEyXkFqcGc@._V1_SX300.jpg
JLMCT,25-01-09,18:30,Marcello Mio,2024,https://jer-cin.org.il/en/event/80788,https://m.media-amazon.com/images/M/MV5BNzE4MDU5NGYtNWUwNy00NDY2LWE5ZDQtOGEwYzMwYjUzYjUzXkEyXkFqcGc@._V1_SX300.jpg
JLMCT,25-01-09,18:30,A Real Pain,2024,https://jer-cin.org.il/en/event/80995,https://m.media-amazon.com/images/M/MV5BODY2YWYwM2YtZTVlNC00MjgyLTgzYTgtNmFmYWE5ZmY1MDM5XkEyXkFqcGc@._V1_SX300.jpg
JLMCT,25-01-09,20:30,A Real Pain,2024,https://jer-cin.org.il/en/event/80997,https://m.media-amazon.com/images/M/MV5BODY2YWYwM2YtZTVlNC00MjgyLTgzYTgtNmFmYWE5ZmY1MDM5XkEyXkFqcGc@._V1_SX300.jpg
JLMCT,25-01-09,20:45,Eid Mubarak,2023,https://jer-cin.org.il/en/event/81031,https://m.media-amazon.com/images/M/MV5BZjRiY2IyMjgtZDZiYi00YTA0LTk4NmMtMzBkMzk5NDIxNzdjXkEyXkFqcGdeQXVyMTAxNjIwMjYz._V1_SX300.jpg
JLMCT,25-01-09,21:00,L.A. Confidential,1997,https://jer-cin.org.il/en/event/80796,https://m.media-amazon.com/images/M/MV5BODdiMjY1OGYtNDk0NC00NGQ1LWI4MDItOTJhMTM0YjE1YTAzXkEyXkFqcGc@._V1_SX300.jpg
TLVCT,25-01-09,16:00,Cocorico,2024,https://www.cinema.co.il/en/event/%d7%91%d7%9e%d7%a9%d7%a4%d7%97%d7%95%d7%aa-%d7%94%d7%9b%d7%99-%d7%98%d7%95%d7%91%d7%95%d7%aa/,https://m.media-amazon.com/images/M/MV5BMDQ4ODhkMGQtMDdhYS00YmU4LWI3NjItMzhhYzg0M2EwNTdmXkEyXkFqcGc@._V1_SX300.jpg
TLVCT,25-01-09,16:30,Wild Diamond,2024,https://www.cinema.co.il/en/event/%d7%99%d7%94%d7%9c%d7%95%d7%9d-%d7%a4%d7%a8%d7%95%d7%a2/,https://m.media-amazon.com/images/M/MV5BOTk3MGFiYTgtMTVhNC00ZWJmLTg2OTgtZjg3NGY0MGYzMGQ4XkEyXkFqcGc@._V1_SX300.jpg
TLVCT,25-01-09,17:00,The Book of Wonders,2023,https://www.cinema.co.il/en/event/%d7%97%d7%93%d7%a8-%d7%94%d7%a4%d7%9c%d7%90%d7%95%d7%aa/,https://m.media-amazon.com/images/M/MV5BZWNjMjY4ZWMtMjljZS00YTg0LWJhMzEtNzYzYWUyYmZkYWExXkEyXkFqcGc@._V1_SX300.jpg
TLVCT,25-01-09,18:45,Wild Diamond,2024,https://www.cinema.co.il/en/event/%d7%99%d7%94%d7%9c%d7%95%d7%9d-%d7%a4%d7%a8%d7%95%d7%a2/,https://m.media-amazon.com/images/M/MV5BOTk3MGFiYTgtMTVhNC00ZWJmLTg2OTgtZjg3NGY0MGYzMGQ4XkEyXkFqcGc@._V1_SX300.jpg
TLVCT,25-01-09,19:00,Agent of Happiness,2024,https://www.cinema.co.il/en/event/%d7%a1%d7%95%d7%9b%d7%9f-%d7%94%d7%90%d7%95%d7%a9%d7%a8/,https://m.media-amazon.com/images/M/MV5BZjU4YmYzMDMtNmM3Mi00NWMyLThlNWMtMjYyNGM2NzJkNGVlXkEyXkFqcGc@._V1_SX300.jpg
TLVCT,25-01-09,21:00,The Book of Wonders,2023,https://www.cinema.co.il/en/event/%d7%97%d7%93%d7%a8-%d7%94%d7%a4%d7%9c%d7%90%d7%95%d7%aa/,https://m.media-amazon.com/images/M/MV5BZWNjMjY4ZWMtMjljZS00YTg0LWJhMzEtNzYzYWUyYmZkYWExXkEyXkFqcGc@._V1_SX300.jpg
TLVCT,25-01-09,21:30,Operation Wakaliga: Fate and Blood,2024,https://www.cinema.co.il/en/event/%d7%9e%d7%91%d7%a6%d7%a2-%d7%95%d7%95%d7%a7%d7%90%d7%9c%d7%99%d7%92%d7%94-%d7%92%d7%95%d7%a8%d7%9c-%d7%95%d7%93%d7%9d-%d7%9e%d7%a4%d7%92%d7%a9-%d7%a2%d7%9d-%d7%94%d7%99%d7%95%d7%a6%d7%a8/,https://m.media-amazon.com/images/M/MV5BNjEyNzA4MDMtYWQ2NS00M2JjLWJkZTUtYTdmYTEwOGVhNTdkXkEyXkFqcGc@._V1_SX300.jpg
HRZCT,25-01-10,15:00,Moana 2,2024,https://www.hcinema.org.il/event/%d7%9e%d7%95%d7%90%d7%a0%d7%94-2-moana-2-%d7%93%d7%99%d7%91%d7%95%d7%91-%d7%a2%d7%99%d7%91%d7%a8%d7%99/2025-01-10/,https://m.media-amazon.com/images/M/MV5BZDUxNThhYTUtYjgxNy00MGQ4LTgzOTEtZjg1YTU5NTcwNThlXkEyXkFqcGc@._V1_SX300.jpg
HRZCT,25-01-10,15:30,Sonic the Hedgehog 3,2024,https://www.hcinema.org.il/event/%d7%a1%d7%95%d7%a0%d7%99%d7%a7-%d7%94%d7%a1%d7%a8%d7%98-3-sonic-the-hedgehog-3-%d7%93%d7%99%d7%91%d7%95%d7%91-%d7%a2%d7%99%d7%91%d7%a8%d7%99/2025-01-10/,https://m.media-amazon.com/images/M/MV5BMjZjNjE5NDEtOWJjYS00Mjk2LWI1ZDYtOWI1ZWI3MzRjM2UzXkEyXkFqcGc@._V1_SX300.jpg
HRZCT,25-01-10,17:45,Wicked,2024,https://www.hcinema.org.il/event/%d7%9e%d7%a8%d7%a9%d7%a2%d7%aa-wicked-%d7%90%d7%a0%d7%92%d7%9c%d7%99%d7%aa/2025-01-10/,https://m.media-amazon.com/images/M/MV5BOWMwYjYzYmMtMWQ2Ni00NWUwLTg2MzAtYzkzMDBiZDIwOTMwXkEyXkFqcGc@._V1_SX300.jpg
HRZCT,25-01-10,18:00,The Book of Wonders,2023,https://www.hcinema.org.il/event/%d7%97%d7%93%d7%a8-%d7%94%d7%a4%d7%9c%d7%90%d7%95%d7%aa-the-book-of-wonders/2025-01-10/,https://m.media-amazon.com/images/M/MV5BZWNjMjY4ZWMtMjljZS00YTg0LWJhMzEtNzYzYWUyYmZkYWExXkEyXkFqcGc@._V1_SX300.jpg
HRZCT,25-01-10,18:30,A Real Pain,2024,https://www.hcinema.org.il/event/%d7%9b%d7%90%d7%91-%d7%90%d7%9e%d7%99%d7%aa%d7%99-a-real-pain/2025-01-10/1/,https://m.media-amazon.com/images/M/MV5BODY2YWYwM2YtZTVlNC00MjgyLTgzYTgtNmFmYWE5ZmY1MDM5XkEyXkFqcGc@._V1_SX300.jpg
HRZCT,25-01-10,20:30,A Real Pain,2024,https://www.hcinema.org.il/event/%d7%9b%d7%90%d7%91-%d7%90%d7%9e%d7%99%d7%aa%d7%99-a-real-pain/2025-01-10/2/,https://m.media-amazon.com/images/M/MV5BODY2YWYwM2YtZTVlNC00MjgyLTgzYTgtNmFmYWE5ZmY1MDM5XkEyXkFqcGc@._V1_SX300.jpg
HRZCT,25-01-10,20:45,Nosferatu,2024,https://www.hcinema.org.il/event/%d7%a0%d7%95%d7%a1%d7%a4%d7%a8%d7%98%d7%95-nosferatu/2025-01-10/,https://m.media-amazon.com/images/M/MV5BY2FhZGE3NmEtNWJjOC00NDI1LWFhMTQtMjcxNmQzZmEwNGIzXkEyXkFqcGc@._V1_SX300.jpg
HRZCT,25-01-10,21:00,Chocolat,2000,https://www.hcinema.org.il/event/%d7%a9%d7%95%d7%a7%d7%95%d7%9c%d7%93-chocolat/,https://m.media-amazon.com/images/M/MV5BNGIwYzczYWItZmI5Yi00M2JiLTg4M2EtNzFhNjUzZTRjNmRhXkEyXkFqcGc@._V1_SX300.jpg
HRZCT,25-01-10,22:30,Better Man,2024,https://www.hcinema.org.il/event/%d7%a1%d7%a8%d7%98-%d7%9c%d7%99%d7%9c%d7%94-%d7%a1%d7%99%d7%a4%d7%95%d7%a8%d7%95-%d7%a9%d7%9c-%d7%a8%d7%95%d7%91%d7%99-%d7%95%d7%95%d7%99%d7%9c%d7%99%d7%90%d7%9e%d7%a1-better-man/,https://m.media-amazon.com/images/M/MV5BYWU3YzU0NTItMGVlYi00YTFmLWE5MmQtNjg4ODQ3ZWYyNjRkXkEyXkFqcGc@._V1_SX300.jpg
JLMCT,25-01-10,18:00,Marcello Mio,2024,https://jer-cin.org.il/en/event/80790,https://m.media-amazon.com/images/M/MV5BNzE4MDU5NGYtNWUwNy00NDY2LWE5ZDQtOGEwYzMwYjUzYjUzXkEyXkFqcGc@._V1_SX300.jpg
JLMCT,25-01-10,18:30,A Real Pain,2024,https://jer-cin.org.il/en/event/80999,https://m.media-amazon.com/images/M/MV5BODY2YWYwM2YtZTVlNC00MjgyLTgzYTgtNmFmYWE5ZmY1MDM5XkEyXkFqcGc@._V1_SX300.jpg
JLMCT,25-01-10,20:30,A Real Pain,2024,https://jer-cin.org.il/en/event/81001,https://m.media-amazon.com/images/M/MV5BODY2YWYwM2YtZTVlNC00MjgyLTgzYTgtNmFmYWE5ZmY1MDM5XkEyXkFqcGc@._V1_SX300.jpg
TLVCT,25-01-10,13:00,Ratatouille,2007,https://www.cinema.co.il/en/event/%d7%a8%d7%98%d7%98%d7%95%d7%99-%d7%9f-%d7%9e%d7%93%d7%95%d7%91%d7%91-%d7%9f-%d7%a4%d7%95%d7%a4%d7%99%d7%9d/,https://m.media-amazon.com/images/M/MV5BMTMzODU0NTkxMF5BMl5BanBnXkFtZTcwMjQ4MzMzMw@@._V1_SX300.jpg
TLVCT,25-01-10,13:30,The Successor,2023,https://www.cinema.co.il/en/event/%d7%94%d7%99%d7%95%d7%a8%d7%a9/,https://m.media-amazon.com/images/M/MV5BZWQwMzgzNjItNTcxZC00Zjk4LWIyMzAtYWZiMGIwZTQ1ZmQwXkEyXkFqcGc@._V1_SX300.jpg
TLVCT,25-01-10,14:00,The Book of Wonders,2023,https://www.cinema.co.il/en/event/%d7%97%d7%93%d7%a8-%d7%94%d7%a4%d7%9c%d7%90%d7%95%d7%aa/,https://m.media-amazon.com/images/M/MV5BZWNjMjY4ZWMtMjljZS00YTg0LWJhMzEtNzYzYWUyYmZkYWExXkEyXkFqcGc@._V1_SX300.jpg
TLVCT,25-01-10,14:30,Wild Diamond,2024,https://www.cinema.co.il/en/event/%d7%99%d7%94%d7%9c%d7%95%d7%9d-%d7%a4%d7%a8%d7%95%d7%a2/,https://m.media-amazon.com/images/M/MV5BOTk3MGFiYTgtMTVhNC00ZWJmLTg2OTgtZjg3NGY0MGYzMGQ4XkEyXkFqcGc@._V1_SX300.jpg
TLVCT,25-01-10,21:30,The Substance,2024,https://www.cinema.co.il/en/event/%d7%99%d7%95%d7%a4%d7%99-%d7%9e%d7%a1%d7%95%d7%9b%d7%9f/,https://m.media-amazon.com/images/M/MV5BZDQ1NGE5MGMtYzdlZC00ODExLWJlMDMtNWU4NjA5OWYwMDEwXkEyXkFqcGc@._V1_SX300.jpg
TLVCT,25-01-10,21:45,The Book of Wonders,2023,https://www.cinema.co.il/en/event/%d7%97%d7%93%d7%a8-%d7%94%d7%a4%d7%9c%d7%90%d7%95%d7%aa/,https://m.media-amazon.com/images/M/MV5BZWNjMjY4ZWMtMjljZS00YTg0LWJhMzEtNzYzYWUyYmZkYWExXkEyXkFqcGc@._V1_SX300.jpg
HRZCT,25-01-11,11:00,The Mother and the Whore,1973,https://www.hcinema.org.il/event/%d7%94%d7%90%d7%9e%d7%90-%d7%95%d7%94%d7%96%d7%95%d7%a0%d7%94-the-mother-and-the-whore/,https://m.media-amazon.com/images/M/MV5BZTRkOGM3ZWMtOGVhYy00Y2M1LWI2NDktZmQxYTgzNDNlMWIzXkEyXkFqcGc@._V1_SX300.jpg
HRZCT,25-01-11,14:00,Wicked,2024,https://www.hcinema.org.il/event/%d7%9e%d7%a8%d7%a9%d7%a2%d7%aa-wicked-%d7%90%d7%a0%d7%92%d7%9c%d7%99%d7%aa/2025-01-11/,https://m.media-amazon.com/images/M/MV5BOWMwYjYzYmMtMWQ2Ni00NWUwLTg2MzAtYzkzMDBiZDIwOTMwXkEyXkFqcGc@._V1_SX300.jpg
HRZCT,25-01-11,14:30,The Book of Wonders,2023,https://www.hcinema.org.il/event/%d7%97%d7%93%d7%a8-%d7%94%d7%a4%d7%9c%d7%90%d7%95%d7%aa-the-book-of-wonders/2025-01-11/,https://m.media-amazon.com/images/M/MV5BZWNjMjY4ZWMtMjljZS00YTg0LWJhMzEtNzYzYWUyYmZkYWExXkEyXkFqcGc@._V1_SX300.jpg
HRZCT,25-01-11,15:15,A Real Pain,2024,https://www.hcinema.org.il/event/%d7%9b%d7%90%d7%91-%d7%90%d7%9e%d7%99%d7%aa%d7%99-a-real-pain/2025-01-11/,https://m.media-amazon.com/images/M/MV5BODY2YWYwM2YtZTVlNC00MjgyLTgzYTgtNmFmYWE5ZmY1MDM5XkEyXkFqcGc@._V1_SX300.jpg
HRZCT,25-01-11,17:00,Dying,2024,https://www.hcinema.org.il/event/%d7%99%d7%a6%d7%99%d7%a8%d7%94-%d7%90%d7%97%d7%a8%d7%95%d7%a0%d7%94-dying/,https://m.media-amazon.com/images/M/MV5BNTQwMjc3YTktMGFjMy00NDJmLTliMjEtZmVkZmRmNmI3MGQ4XkEyXkFqcGc@._V1_SX300.jpg
HRZCT,25-01-11,17:15,Moana 2,2024,https://www.hcinema.org.il/event/%d7%9e%d7%95%d7%90%d7%a0%d7%94-2-moana-2-%d7%93%d7%99%d7%91%d7%95%d7%91-%d7%a2%d7%99%d7%91%d7%a8%d7%99/2025-01-11/,https://m.media-amazon.com/images/M/MV5BZDUxNThhYTUtYjgxNy00MGQ4LTgzOTEtZjg1YTU5NTcwNThlXkEyXkFqcGc@._V1_SX300.jpg
HRZCT,25-01-11,20:00,Nosferatu,2024,https://www.hcinema.org.il/event/%d7%a0%d7%95%d7%a1%d7%a4%d7%a8%d7%98%d7%95-nosferatu/2025-01-11/,https://m.media-amazon.com/images/M/MV5BY2FhZGE3NmEtNWJjOC00NDI1LWFhMTQtMjcxNmQzZmEwNGIzXkEyXkFqcGc@._V1_SX300.jpg
HRZCT,25-01-11,20:15,Better Man,2024,https://www.hcinema.org.il/event/%d7%a1%d7%99%d7%a4%d7%95%d7%a8%d7%95-%d7%a9%d7%9c-%d7%a8%d7%95%d7%91%d7%99-%d7%95%d7%95%d7%99%d7%9c%d7%99%d7%90%d7%9e%d7%a1-better-man/2025-01-11/,https://m.media-amazon.com/images/M/MV5BYWU3YzU0NTItMGVlYi00YTFmLWE5MmQtNjg4ODQ3ZWYyNjRkXkEyXkFqcGc@._V1_SX300.jpg
HRZCT,25-01-11,20:30,A Real Pain,2024,https://www.hcinema.org.il/event/%d7%9b%d7%90%d7%91-%d7%90%d7%9e%d7%99%d7%aa%d7%99-real-pain-%d7%91%d7%aa%d7%90%d7%a8%d7%99%d7%9a-%d7%96%d7%94-%d7%91%d7%9c%d7%91%d7%93-%d7%9b%d7%a0%d7%99%d7%a1%d7%94-%d7%9c%d7%9c%d7%90-%d7%aa%d7%95/,https://m.media-amazon.com/images/M/MV5BODY2YWYwM2YtZTVlNC00MjgyLTgzYTgtNmFmYWE5ZmY1MDM5XkEyXkFqcGc@._V1_SX300.jpg
JAFC,25-01-11,18:00,My Neighbor Totoro,1988,https://www.jaffacinema.com/calendar/5636/,https://m.media-amazon.com/images/M/MV5BYWM3MDE3YjEtMzIzZC00ODE5LTgxNTItNmUyMTBkM2M2NmNiXkEyXkFqcGc@._V1_SX300.jpg
JAFC,25-01-11,19:00,"Come, Closer",2010,https://www.jaffacinema.com/calendar/5622/,https://m.media-amazon.com/images/M/MV5BOTllMTJhMjEtNzZjMS00MzhjLThmMjgtMGIwMTcwODA0MDZjXkEyXkFqcGdeQXVyNDE2NjE1Njc@._V1_SX300.jpg
JAFC,25-01-11,20:30,The Vanishing Soldier,2023,https://www.jaffacinema.com/calendar/5623/,https://m.media-amazon.com/images/M/MV5BN2YyOTVhMjUtZTM0ZC00MDY3LTgyYzEtMGQxMmQwZmQzZTJkXkEyXkFqcGc@._V1_SX300.jpg
JAFC,25-01-11,21:30,Cabaret Total,2024,https://www.jaffacinema.com/calendar/11-01-2025-2130-%d7%9e%d7%95%d7%a4%d7%a2-%d7%98%d7%95%d7%98%d7%90%d7%9c/,https://m.media-amazon.com/images/M/MV5BMGE5N2IxZDctYWQwYy00MzUyLTk4YmUtMTE2YzI1N2ZlODlkXkEyXkFqcGc@._V1_SX300.jpg
JLMCT,25-01-11,11:00,Cinderella Man,2005,https://jer-cin.org.il/en/event/78246,https://m.media-amazon.com/images/M/MV5BYjQ3M2ZjMzYtNmQwNC00MjNkLTgzOTgtMjhjMDk0YzIzOWZkXkEyXkFqcGc@._V1_SX300.jpg
JLMCT,25-01-11,11:00,The Day the Earth Blew Up: A Looney Tunes Movie,2024,https://jer-cin.org.il/en/event/80959,https://m.media-amazon.com/images/M/MV5BODc4NzBiMDItZTY2OC00OWQ4LTk5MjktYWYwZTNlNGQxNTk4XkEyXkFqcGc@._V1_SX300.jpg
JLMCT,25-01-11,11:30,A Real Pain,2024,https://jer-cin.org.il/en/event/81003,https://m.media-amazon.com/images/M/MV5BODY2YWYwM2YtZTVlNC00MjgyLTgzYTgtNmFmYWE5ZmY1MDM5XkEyXkFqcGc@._V1_SX300.jpg
JLMCT,25-01-11,15:30,La Dolce Vita,1960,https://jer-cin.org.il/en/event/80770,https://m.media-amazon.com/images/M/MV5BZTMwMzZiM2QtNzVmNi00MWYzLTk0NWItYmFkMDA5MGViMWFhXkEyXkFqcGc@._V1_SX300.jpg
JLMCT,25-01-11,15:30,A Real Pain,2024,https://jer-cin.org.il/en/event/81005,https://m.media-amazon.com/images/M/MV5BODY2YWYwM2YtZTVlNC00MjgyLTgzYTgtNmFmYWE5ZmY1MDM5XkEyXkFqcGc@._V1_SX300.jpg
JLMCT,25-01-11,16:00,Lee,2023,https://jer-cin.org.il/en/event/81039,https://m.media-amazon.com/images/M/MV5BMDlhMDY0NTAtOTQwZi00ZjIxLTk2ZmYtZjU1Y2FiYWRhZDk3XkEyXkFqcGc@._V1_SX300.jpg
JLMCT,25-01-11,17:15,A Real Pain,2024,https://jer-cin.org.il/en/event/81007,https://m.media-amazon.com/images/M/MV5BODY2YWYwM2YtZTVlNC00MjgyLTgzYTgtNmFmYWE5ZmY1MDM5XkEyXkFqcGc@._V1_SX300.jpg
JLMCT,25-01-11,18:00,The Vanishing Soldier,2023,https://jer-cin.org.il/en/event/80776,https://m.media-amazon.com/images/M/MV5BN2YyOTVhMjUtZTM0ZC00MDY3LTgyYzEtMGQxMmQwZmQzZTJkXkEyXkFqcGc@._V1_SX300.jpg
JLMCT,25-01-11,18:30,Ghost Cat Anzu,2024,https://jer-cin.org.il/en/event/81045,https://m.media-amazon.com/images/M/MV5BNDk3MmMyNTMtMjgxOC00NjBhLThmYjMtNzBiY2I5ZTJhZjNjXkEyXkFqcGc@._V1_SX300.jpg
JLMCT,25-01-11,19:00,A Real Pain,2024,https://jer-cin.org.il/en/event/81009,https://m.media-amazon.com/images/M/MV5BODY2YWYwM2YtZTVlNC00MjgyLTgzYTgtNmFmYWE5ZmY1MDM5XkEyXkFqcGc@._V1_SX300.jpg
JLMCT,25-01-11,20:15,Rabbit-Proof Fence,2002,https://jer-cin.org.il/en/event/80804,https://m.media-amazon.com/images/M/MV5BNzMwNzA3NDItMTEwZi00MGViLTg5NDYtZTlmMzcxN2ExZGU1XkEyXkFqcGc@._V1_SX300.jpg
JLMCT,25-01-11,20:45,Eid Mubarak,2023,https://jer-cin.org.il/en/event/81033,https://m.media-amazon.com/images/M/MV5BZjRiY2IyMjgtZDZiYi00YTA0LTk4NmMtMzBkMzk5NDIxNzdjXkEyXkFqcGdeQXVyMTAxNjIwMjYz._V1_SX300.jpg
JLMCT,25-01-11,21:00,A Real Pain,2024,https://jer-cin.org.il/en/event/81011,https://m.media-amazon.com/images/M/MV5BODY2YWYwM2YtZTVlNC00MjgyLTgzYTgtNmFmYWE5ZmY1MDM5XkEyXkFqcGc@._V1_SX300.jpg
JLMCT,25-01-11,21:00,Marcello Mio,2024,https://jer-cin.org.il/en/event/80792,https://m.media-amazon.com/images/M/MV5BNzE4MDU5NGYtNWUwNy00NDY2LWE5ZDQtOGEwYzMwYjUzYjUzXkEyXkFqcGc@._V1_SX300.jpg
TLVCT,25-01-11,11:00,The Book of Wonders,2023,https://www.cinema.co.il/en/event/%d7%97%d7%93%d7%a8-%d7%94%d7%a4%d7%9c%d7%90%d7%95%d7%aa-%d7%94%d7%a8%d7%a6%d7%90%d7%94/,https://m.media-amazon.com/images/M/MV5BZWNjMjY4ZWMtMjljZS00YTg0LWJhMzEtNzYzYWUyYmZkYWExXkEyXkFqcGc@._V1_SX300.jpg
TLVCT,25-01-11,11:45,Wild Diamond,2024,https://www.cinema.co.il/en/event/%d7%99%d7%94%d7%9c%d7%95%d7%9d-%d7%a4%d7%a8%d7%95%d7%a2/,https://m.media-amazon.com/images/M/MV5BOTk3MGFiYTgtMTVhNC00ZWJmLTg2OTgtZjg3NGY0MGYzMGQ4XkEyXkFqcGc@._V1_SX300.jpg
TLVCT,25-01-11,12:30,The Book of Wonders,2023,https://www.cinema.co.il/en/event/%d7%97%d7%93%d7%a8-%d7%94%d7%a4%d7%9c%d7%90%d7%95%d7%aa/,https://m.media-amazon.com/images/M/MV5BZWNjMjY4ZWMtMjljZS00YTg0LWJhMzEtNzYzYWUyYmZkYWExXkEyXkFqcGc@._V1_SX300.jpg
TLVCT,25-01-11,13:15,One More Win,2015,https://www.cinema.co.il/en/event/%d7%a8%d7%a7-%d7%a0%d7%a6%d7%97%d7%95%d7%9f-%d7%90%d7%97%d7%93/,0
TLVCT,25-01-11,13:30,The Kentucky Fried Movie,1977,https://www.cinema.co.il/en/event/%d7%9e%d7%95%d7%a2%d7%93%d7%95%d7%9f-%d7%94%d7%a1%d7%a8%d7%98-%d7%94%d7%9e%d7%95%d7%a4%d7%a8%d7%a2-%d7%a1%d7%a8%d7%98-%d7%9e%d7%98%d7%95%d7%92%d7%9f/,https://m.media-amazon.com/images/M/MV5BOTMzOTQ3YmEtYmEyNy00NWJhLTg3OTktNWE0YTZmYzM2YmNiXkEyXkFqcGc@._V1_SX300.jpg
TLVCT,25-01-11,14:00,The Book of Wonders,2023,https://www.cinema.co.il/en/event/%d7%97%d7%93%d7%a8-%d7%94%d7%a4%d7%9c%d7%90%d7%95%d7%aa/,https://m.media-amazon.com/images/M/MV5BZWNjMjY4ZWMtMjljZS00YTg0LWJhMzEtNzYzYWUyYmZkYWExXkEyXkFqcGc@._V1_SX300.jpg
TLVCT,25-01-11,14:15,The Substance,2024,https://www.cinema.co.il/en/event/%d7%99%d7%95%d7%a4%d7%99-%d7%9e%d7%a1%d7%95%d7%9b%d7%9f/,https://m.media-amazon.com/images/M/MV5BZDQ1NGE5MGMtYzdlZC00ODExLWJlMDMtNWU4NjA5OWYwMDEwXkEyXkFqcGc@._V1_SX300.jpg
TLVCT,25-01-11,16:15,Wild Diamond,2024,https://www.cinema.co.il/en/event/%d7%99%d7%94%d7%9c%d7%95%d7%9d-%d7%a4%d7%a8%d7%95%d7%a2/,https://m.media-amazon.com/images/M/MV5BOTk3MGFiYTgtMTVhNC00ZWJmLTg2OTgtZjg3NGY0MGYzMGQ4XkEyXkFqcGc@._V1_SX300.jpg
TLVCT,25-01-11,16:30,The Braid,2023,https://www.cinema.co.il/en/event/%d7%94%d7%a6%d7%9e%d7%94-%d7%94%d7%a8%d7%a6%d7%90%d7%94/,https://m.media-amazon.com/images/M/MV5BMTJkZTQ1ZWEtMzQ1Ni00MmU2LTgzZTctYmI4MDc4YWJhMWViXkEyXkFqcGc@._V1_SX300.jpg
TLVCT,25-01-11,16:45,The Altman Method,2022,https://www.cinema.co.il/en/event/%d7%a9%d7%99%d7%98%d7%aa-%d7%90%d7%9c%d7%98%d7%9e%d7%9f/,https://m.media-amazon.com/images/M/MV5BYTFmOTg2OTMtMDQ1MS00YzYwLWJkYTgtMmY0ODA1ZDUxM2Q0XkEyXkFqcGc@._V1_SX300.jpg
TLVCT,25-01-11,17:00,The Piano,1993,https://www.cinema.co.il/en/event/%d7%a1%d7%99%d7%a0%d7%9e%d7%94-%d7%a0%d7%99%d7%a8%d7%95%d7%95%d7%a0%d7%94-%d7%a0%d7%99%d7%95-%d7%96%d7%99%d7%9c%d7%a0%d7%93/,https://m.media-amazon.com/images/M/MV5BZGZiYTQ0MmEtY2RmYy00ZjRkLWI3NTctYTRhMGJlMzA4ZDg0XkEyXkFqcGc@._V1_SX300.jpg
TLVCT,25-01-11,18:30,The Book of Wonders,2023,https://www.cinema.co.il/en/event/%d7%97%d7%93%d7%a8-%d7%94%d7%a4%d7%9c%d7%90%d7%95%d7%aa/,https://m.media-amazon.com/images/M/MV5BZWNjMjY4ZWMtMjljZS00YTg0LWJhMzEtNzYzYWUyYmZkYWExXkEyXkFqcGc@._V1_SX300.jpg
TLVCT,25-01-11,18:45,Wild Diamond,2024,https://www.cinema.co.il/en/event/%d7%99%d7%94%d7%9c%d7%95%d7%9d-%d7%a4%d7%a8%d7%95%d7%a2/,https://m.media-amazon.com/images/M/MV5BOTk3MGFiYTgtMTVhNC00ZWJmLTg2OTgtZjg3NGY0MGYzMGQ4XkEyXkFqcGc@._V1_SX300.jpg
TLVCT,25-01-11,19:00,Desert Laws,2024,https://www.cinema.co.il/en/event/%d7%97%d7%95%d7%a7%d7%99-%d7%9e%d7%93%d7%91%d7%a8/,https://m.media-amazon.com/images/M/MV5BZDVlZDg5Y2QtNjI4Yy00MjcyLWExNjAtZjE3NzYxMjVmNDg2XkEyXkFqcGc@._V1_SX300.jpg
TLVCT,25-01-11,20:00,Cocorico,2024,https://www.cinema.co.il/en/event/%d7%91%d7%9e%d7%a9%d7%a4%d7%97%d7%95%d7%aa-%d7%94%d7%9b%d7%99-%d7%98%d7%95%d7%91%d7%95%d7%aa/,https://m.media-amazon.com/images/M/MV5BMDQ4ODhkMGQtMDdhYS00YmU4LWI3NjItMzhhYzg0M2EwNTdmXkEyXkFqcGc@._V1_SX300.jpg
TLVCT,25-01-11,20:45,The Book of Wonders,2023,https://www.cinema.co.il/en/event/%d7%97%d7%93%d7%a8-%d7%94%d7%a4%d7%9c%d7%90%d7%95%d7%aa/,https://m.media-amazon.com/images/M/MV5BZWNjMjY4ZWMtMjljZS00YTg0LWJhMzEtNzYzYWUyYmZkYWExXkEyXkFqcGc@._V1_SX300.jpg
HFCT,25-01-12,20:00,La Cocina,2024,https://www.haifacin.co.il/Event/14553/,https://m.media-amazon.com/images/M/MV5BMGYyYjI3MGQtNGIzNS00MTgxLWE2NDctMmZlNzE5OGY4NTY3XkEyXkFqcGc@._V1_SX300.jpg
HRZCT,25-01-12,12:00,A Real Pain,2024,https://www.hcinema.org.il/event/%d7%9b%d7%90%d7%91-%d7%90%d7%9e%d7%99%d7%aa%d7%99-a-real-pain/2025-01-12/1/,https://m.media-amazon.com/images/M/MV5BODY2YWYwM2YtZTVlNC00MjgyLTgzYTgtNmFmYWE5ZmY1MDM5XkEyXkFqcGc@._V1_SX300.jpg
HRZCT,25-01-12,16:00,The Book of Wonders,2023,https://www.hcinema.org.il/event/%d7%97%d7%93%d7%a8-%d7%94%d7%a4%d7%9c%d7%90%d7%95%d7%aa-the-book-of-wonders/2025-01-12/,https://m.media-amazon.com/images/M/MV5BZWNjMjY4ZWMtMjljZS00YTg0LWJhMzEtNzYzYWUyYmZkYWExXkEyXkFqcGc@._V1_SX300.jpg
HRZCT,25-01-12,17:00,Moana 2,2024,https://www.hcinema.org.il/event/%d7%9e%d7%95%d7%90%d7%a0%d7%94-2-moana-2-%d7%93%d7%99%d7%91%d7%95%d7%91-%d7%a2%d7%99%d7%91%d7%a8%d7%99/2025-01-12/,https://m.media-amazon.com/images/M/MV5BZDUxNThhYTUtYjgxNy00MGQ4LTgzOTEtZjg1YTU5NTcwNThlXkEyXkFqcGc@._V1_SX300.jpg
HRZCT,25-01-12,17:30,A Real Pain,2024,https://www.hcinema.org.il/event/%d7%9b%d7%90%d7%91-%d7%90%d7%9e%d7%99%d7%aa%d7%99-a-real-pain/2025-01-12/2/,https://m.media-amazon.com/images/M/MV5BODY2YWYwM2YtZTVlNC00MjgyLTgzYTgtNmFmYWE5ZmY1MDM5XkEyXkFqcGc@._V1_SX300.jpg
HRZCT,25-01-12,18:00,The Ring,2024,https://www.hcinema.org.il/event/%d7%94%d7%98%d7%91%d7%a2%d7%aa-the-ring-2/2025-01-12/,https://m.media-amazon.com/images/M/MV5BNmYxZDRkOTEtMjcyYS00MDlhLTk5OGItNDNiMTA4NzBjNjJmXkEyXkFqcGc@._V1_SX300.jpg
HRZCT,25-01-12,19:30,A Real Pain,2024,https://www.hcinema.org.il/event/%d7%9b%d7%90%d7%91-%d7%90%d7%9e%d7%99%d7%aa%d7%99-a-real-pain/2025-01-12/3/,https://m.media-amazon.com/images/M/MV5BODY2YWYwM2YtZTVlNC00MjgyLTgzYTgtNmFmYWE5ZmY1MDM5XkEyXkFqcGc@._V1_SX300.jpg
HRZCT,25-01-12,20:00,A Letter to Nowhere,,https://www.hcinema.org.il/event/%d7%9e%d7%9b%d7%aa%d7%91-%d7%91%d7%9c%d7%99-%d7%9b%d7%aa%d7%95%d7%91%d7%aa-a-letter-to-nowhere/,
JLMCT,25-01-12,10:00,The Sturgeon Queens,2014,https://jer-cin.org.il/en/event/77703,https://m.media-amazon.com/images/M/MV5BMzExOTY5MzkyNV5BMl5BanBnXkFtZTgwNTcxNTQyNzE@._V1_SX300.jpg
JLMCT,25-01-12,18:00,"Ciao, Marcello - Mastroianni l'antidivo",2024,https://jer-cin.org.il/en/event/80942,https://m.media-amazon.com/images/M/MV5BODNlMjliNDctOTM2Yy00YzNjLWEyMTUtNTRjNTI2MjBhZTIzXkEyXkFqcGc@._V1_SX300.jpg
JLMCT,25-01-12,18:00,A Real Pain,2024,https://jer-cin.org.il/en/event/81013,https://m.media-amazon.com/images/M/MV5BODY2YWYwM2YtZTVlNC00MjgyLTgzYTgtNmFmYWE5ZmY1MDM5XkEyXkFqcGc@._V1_SX300.jpg
JLMCT,25-01-12,20:00,Ghost Trail,2024,https://jer-cin.org.il/en/event/80808,https://m.media-amazon.com/images/M/MV5BMDNlNmU4OWItNTk5OS00MWE0LWI4MjktZDY3MDExYmE5MmY5XkEyXkFqcGc@._V1_SX300.jpg
JLMCT,25-01-12,20:00,A Real Pain,2024,https://jer-cin.org.il/en/event/81015,https://m.media-amazon.com/images/M/MV5BODY2YWYwM2YtZTVlNC00MjgyLTgzYTgtNmFmYWE5ZmY1MDM5XkEyXkFqcGc@._V1_SX300.jpg
TLVCT,25-01-12,11:00,One More Win,2015,https://www.cinema.co.il/en/event/%d7%a8%d7%a7-%d7%a0%d7%a6%d7%97%d7%95%d7%9f-%d7%90%d7%97%d7%93/,0
TLVCT,25-01-12,16:00,Why War,2024,https://www.cinema.co.il/en/event/%d7%9c%d7%9e%d7%94-%d7%9e%d7%9c%d7%97%d7%9e%d7%94/,0
TLVCT,25-01-12,16:45,Wild Diamond,2024,https://www.cinema.co.il/en/event/%d7%99%d7%94%d7%9c%d7%95%d7%9d-%d7%a4%d7%a8%d7%95%d7%a2/,https://m.media-amazon.com/images/M/MV5BOTk3MGFiYTgtMTVhNC00ZWJmLTg2OTgtZjg3NGY0MGYzMGQ4XkEyXkFqcGc@._V1_SX300.jpg
TLVCT,25-01-12,18:00,The Kentucky Fried Movie,1977,https://www.cinema.co.il/en/event/%d7%a1%d7%a8%d7%98-%d7%9e%d7%98%d7%95%d7%92%d7%9f/,https://m.media-amazon.com/images/M/MV5BOTMzOTQ3YmEtYmEyNy00NWJhLTg3OTktNWE0YTZmYzM2YmNiXkEyXkFqcGc@._V1_SX300.jpg
TLVCT,25-01-12,19:00,Eid Mubarak,2023,https://www.cinema.co.il/en/event/%d7%a2%d7%99%d7%93-%d7%a1%d7%99%d7%a0%d7%9e%d7%98%d7%a7/,https://m.media-amazon.com/images/M/MV5BZjRiY2IyMjgtZDZiYi00YTA0LTk4NmMtMzBkMzk5NDIxNzdjXkEyXkFqcGdeQXVyMTAxNjIwMjYz._V1_SX300.jpg
TLVCT,25-01-12,20:00,Common Ground,2023,https://www.cinema.co.il/en/event/%d7%a7%d7%a8%d7%a7%d7%a2-%d7%9e%d7%a9%d7%95%d7%aa%d7%a4%d7%aa-%d7%93%d7%99%d7%95%d7%9f/,https://m.media-amazon.com/images/M/MV5BNjU1M2NjYjQtMTVhNy00YTVjLWE3YmEtNjg3YWI4ZWZiOWE1XkEyXkFqcGdeQXVyMTY3ODkyNDkz._V1_SX300.jpg
TLVCT,25-01-12,21:00,Emilia Pérez,2024,https://www.cinema.co.il/en/event/%d7%90%d7%9e%d7%99%d7%9c%d7%99%d7%94-%d7%a4%d7%a8%d7%96/,https://m.media-amazon.com/images/M/MV5BNjBhMWVmYjQtYmI2NC00NjdiLTliMjQtODliYjI5OTZmMzczXkEyXkFqcGc@._V1_SX300.jpg
TLVCT,25-01-12,21:30,Wild Diamond,2024,https://www.cinema.co.il/en/event/%d7%99%d7%94%d7%9c%d7%95%d7%9d-%d7%a4%d7%a8%d7%95%d7%a2/,https://m.media-amazon.com/images/M/MV5BOTk3MGFiYTgtMTVhNC00ZWJmLTg2OTgtZjg3NGY0MGYzMGQ4XkEyXkFqcGc@._V1_SX300.jpg
HFCT,25-01-13,20:00,Between the Temples,2024,https://www.haifacin.co.il/Event/14554/,https://m.media-amazon.com/images/M/MV5BYTQ1MTE3MWItZWUwMy00YjYzLTkyMDAtYzBhMjZmZjM5NTRkXkEyXkFqcGc@._V1_SX300.jpg
HRZCT,25-01-13,17:30,Sonic the Hedgehog 3,2024,https://www.hcinema.org.il/event/%d7%a1%d7%95%d7%a0%d7%99%d7%a7-%d7%94%d7%a1%d7%a8%d7%98-3-sonic-the-hedgehog-3-%d7%93%d7%99%d7%91%d7%95%d7%91-%d7%a2%d7%99%d7%91%d7%a8%d7%99/2025-01-13/,https://m.media-amazon.com/images/M/MV5BMjZjNjE5NDEtOWJjYS00Mjk2LWI1ZDYtOWI1ZWI3MzRjM2UzXkEyXkFqcGc@._V1_SX300.jpg
HRZCT,25-01-13,18:00,A Real Pain,2024,https://www.hcinema.org.il/event/%d7%9b%d7%90%d7%91-%d7%90%d7%9e%d7%99%d7%aa%d7%99-a-real-pain/2025-01-13/1/,https://m.media-amazon.com/images/M/MV5BODY2YWYwM2YtZTVlNC00MjgyLTgzYTgtNmFmYWE5ZmY1MDM5XkEyXkFqcGc@._V1_SX300.jpg
HRZCT,25-01-13,20:00,A Real Pain,2024,https://www.hcinema.org.il/event/%d7%9b%d7%90%d7%91-%d7%90%d7%9e%d7%99%d7%aa%d7%99-a-real-pain/2025-01-13/2/,https://m.media-amazon.com/images/M/MV5BODY2YWYwM2YtZTVlNC00MjgyLTgzYTgtNmFmYWE5ZmY1MDM5XkEyXkFqcGc@._V1_SX300.jpg
HRZCT,25-01-13,20:15,Better Man,2024,https://www.hcinema.org.il/event/%d7%a1%d7%99%d7%a4%d7%95%d7%a8%d7%95-%d7%a9%d7%9c-%d7%a8%d7%95%d7%91%d7%99-%d7%95%d7%95%d7%99%d7%9c%d7%99%d7%90%d7%9e%d7%a1-better-man/2025-01-13/,https://m.media-amazon.com/images/M/MV5BYWU3YzU0NTItMGVlYi00YTFmLWE5MmQtNjg4ODQ3ZWYyNjRkXkEyXkFqcGc@._V1_SX300.jpg
HRZCT,25-01-13,20:30,Nosferatu,2024,https://www.hcinema.org.il/event/%d7%a0%d7%95%d7%a1%d7%a4%d7%a8%d7%98%d7%95-nosferatu/2025-01-13/,https://m.media-amazon.com/images/M/MV5BY2FhZGE3NmEtNWJjOC00NDI1LWFhMTQtMjcxNmQzZmEwNGIzXkEyXkFqcGc@._V1_SX300.jpg
JLMCT,25-01-13,16:00,Radio Days,1987,https://jer-cin.org.il/en/event/80812,https://m.media-amazon.com/images/M/MV5BMTYwNDg1NDYzOF5BMl5BanBnXkFtZTcwMDIwMzg4NA@@._V1_SX300.jpg
JLMCT,25-01-13,18:00,Minari,2020,https://jer-cin.org.il/en/event/77733,https://m.media-amazon.com/images/M/MV5BNWVmNDE3YzMtZWQ3Ny00YjhkLWEzN2QtZjNhYWNlMGI2N2NkXkEyXkFqcGc@._V1_SX300.jpg
JLMCT,25-01-13,18:00,Everybody's Fine,2009,https://jer-cin.org.il/en/event/80814,https://m.media-amazon.com/images/M/MV5BMTM1NzEwNzA5MV5BMl5BanBnXkFtZTcwNTE0NjAyMw@@._V1_SX300.jpg
JLMCT,25-01-13,18:00,A Real Pain,2024,https://jer-cin.org.il/en/event/81017,https://m.media-amazon.com/images/M/MV5BODY2YWYwM2YtZTVlNC00MjgyLTgzYTgtNmFmYWE5ZmY1MDM5XkEyXkFqcGc@._V1_SX300.jpg
JLMCT,25-01-13,20:15,A Real Pain,2024,https://jer-cin.org.il/en/event/81019,https://m.media-amazon.com/images/M/MV5BODY2YWYwM2YtZTVlNC00MjgyLTgzYTgtNmFmYWE5ZmY1MDM5XkEyXkFqcGc@._V1_SX300.jpg
JLMCT,25-01-13,20:30,Neither Day nor Night,2024,https://jer-cin.org.il/en/event/80816,https://m.media-amazon.com/images/M/MV5BZDI2N2MyNTItZjljYi00YTVmLWJhYzYtYzhmNjA3YTlkYzk1XkEyXkFqcGc@._V1_SX300.jpg
TLVCT,25-01-13,16:00,The Book of Wonders,2023,https://www.cinema.co.il/en/event/%d7%97%d7%93%d7%a8-%d7%94%d7%a4%d7%9c%d7%90%d7%95%d7%aa/,https://m.media-amazon.com/images/M/MV5BZWNjMjY4ZWMtMjljZS00YTg0LWJhMzEtNzYzYWUyYmZkYWExXkEyXkFqcGc@._V1_SX300.jpg
TLVCT,25-01-13,16:15,Wild Diamond,2024,https://www.cinema.co.il/en/event/%d7%99%d7%94%d7%9c%d7%95%d7%9d-%d7%a4%d7%a8%d7%95%d7%a2/,https://m.media-amazon.com/images/M/MV5BOTk3MGFiYTgtMTVhNC00ZWJmLTg2OTgtZjg3NGY0MGYzMGQ4XkEyXkFqcGc@._V1_SX300.jpg
TLVCT,25-01-13,17:30,Cocorico,2024,https://www.cinema.co.il/en/event/%d7%91%d7%9e%d7%a9%d7%a4%d7%97%d7%95%d7%aa-%d7%94%d7%9b%d7%99-%d7%98%d7%95%d7%91%d7%95%d7%aa/,https://m.media-amazon.com/images/M/MV5BMDQ4ODhkMGQtMDdhYS00YmU4LWI3NjItMzhhYzg0M2EwNTdmXkEyXkFqcGc@._V1_SX300.jpg
TLVCT,25-01-13,18:30,Emilia Pérez,2024,https://www.cinema.co.il/en/event/%d7%90%d7%9e%d7%99%d7%9c%d7%99%d7%94-%d7%a4%d7%a8%d7%96/,https://m.media-amazon.com/images/M/MV5BNjBhMWVmYjQtYmI2NC00NjdiLTliMjQtODliYjI5OTZmMzczXkEyXkFqcGc@._V1_SX300.jpg
TLVCT,25-01-13,19:00,Wild Diamond,2024,https://www.cinema.co.il/en/event/%d7%99%d7%94%d7%9c%d7%95%d7%9d-%d7%a4%d7%a8%d7%95%d7%a2/,https://m.media-amazon.com/images/M/MV5BOTk3MGFiYTgtMTVhNC00ZWJmLTg2OTgtZjg3NGY0MGYzMGQ4XkEyXkFqcGc@._V1_SX300.jpg
TLVCT,25-01-13,19:30,"Francesca Quinn, PI",2022,https://www.cinema.co.il/en/event/%d7%a4%d7%a8%d7%a0%d7%a6%d7%99%d7%a9%d7%a7%d7%94/,https://m.media-amazon.com/images/M/MV5BNzRlYmU5NGItYWJmMS00NWJlLWFhMGMtMWNkYTIzZDJjYzhlXkEyXkFqcGdeQXVyMTI1NDEyNTM5._V1_SX300.jpg
TLVCT,25-01-13,20:00,The Book of Wonders,2023,https://www.cinema.co.il/en/event/%d7%97%d7%93%d7%a8-%d7%94%d7%a4%d7%9c%d7%90%d7%95%d7%aa-%d7%94%d7%a8%d7%a6%d7%90%d7%94/,https://m.media-amazon.com/images/M/MV5BZWNjMjY4ZWMtMjljZS00YTg0LWJhMzEtNzYzYWUyYmZkYWExXkEyXkFqcGc@._V1_SX300.jpg
TLVCT,25-01-13,21:15,Wild Diamond,2024,https://www.cinema.co.il/en/event/%d7%99%d7%94%d7%9c%d7%95%d7%9d-%d7%a4%d7%a8%d7%95%d7%a2/,https://m.media-amazon.com/images/M/MV5BOTk3MGFiYTgtMTVhNC00ZWJmLTg2OTgtZjg3NGY0MGYzMGQ4XkEyXkFqcGc@._V1_SX300.jpg
HRZCT,25-01-14,11:00,A Real Pain,2024,https://www.hcinema.org.il/event/%d7%9b%d7%90%d7%91-%d7%90%d7%9e%d7%99%d7%aa%d7%99-a-real-pain-%d7%a9%d7%9c%d7%99%d7%a9%d7%99-%d7%96%d7%94%d7%91/2025-01-14/1/,https://m.media-amazon.com/images/M/MV5BODY2YWYwM2YtZTVlNC00MjgyLTgzYTgtNmFmYWE5ZmY1MDM5XkEyXkFqcGc@._V1_SX300.jpg
HRZCT,25-01-14,11:30,The Book of Wonders,2023,https://www.hcinema.org.il/event/%d7%97%d7%93%d7%a8-%d7%94%d7%a4%d7%9c%d7%90%d7%95%d7%aa-the-book-of-wonders-%d7%a9%d7%9c%d7%99%d7%a9%d7%99-%d7%96%d7%94%d7%91/2025-01-14/1/,https://m.media-amazon.com/images/M/MV5BZWNjMjY4ZWMtMjljZS00YTg0LWJhMzEtNzYzYWUyYmZkYWExXkEyXkFqcGc@._V1_SX300.jpg
HRZCT,25-01-14,14:00,A Real Pain,2024,https://www.hcinema.org.il/event/%d7%9b%d7%90%d7%91-%d7%90%d7%9e%d7%99%d7%aa%d7%99-a-real-pain-%d7%a9%d7%9c%d7%99%d7%a9%d7%99-%d7%96%d7%94%d7%91/2025-01-14/2/,https://m.media-amazon.com/images/M/MV5BODY2YWYwM2YtZTVlNC00MjgyLTgzYTgtNmFmYWE5ZmY1MDM5XkEyXkFqcGc@._V1_SX300.jpg
HRZCT,25-01-14,14:30,The Book of Wonders,2023,https://www.hcinema.org.il/event/%d7%97%d7%93%d7%a8-%d7%94%d7%a4%d7%9c%d7%90%d7%95%d7%aa-the-book-of-wonders-%d7%a9%d7%9c%d7%99%d7%a9%d7%99-%d7%96%d7%94%d7%91/2025-01-14/2/,https://m.media-amazon.com/images/M/MV5BZWNjMjY4ZWMtMjljZS00YTg0LWJhMzEtNzYzYWUyYmZkYWExXkEyXkFqcGc@._V1_SX300.jpg
HRZCT,25-01-14,16:00,A Real Pain,2024,https://www.hcinema.org.il/event/%d7%9b%d7%90%d7%91-%d7%90%d7%9e%d7%99%d7%aa%d7%99-a-real-pain-%d7%a9%d7%9c%d7%99%d7%a9%d7%99-%d7%96%d7%94%d7%91/2025-01-14/3/,https://m.media-amazon.com/images/M/MV5BODY2YWYwM2YtZTVlNC00MjgyLTgzYTgtNmFmYWE5ZmY1MDM5XkEyXkFqcGc@._V1_SX300.jpg
HRZCT,25-01-14,18:00,The Book of Wonders,2023,https://www.hcinema.org.il/event/%d7%97%d7%93%d7%a8-%d7%94%d7%a4%d7%9c%d7%90%d7%95%d7%aa-the-book-of-wonders-%d7%a9%d7%9c%d7%99%d7%a9%d7%99-%d7%96%d7%94%d7%91/2025-01-14/3/,https://m.media-amazon.com/images/M/MV5BZWNjMjY4ZWMtMjljZS00YTg0LWJhMzEtNzYzYWUyYmZkYWExXkEyXkFqcGc@._V1_SX300.jpg
HRZCT,25-01-14,18:30,A Real Pain,2024,https://www.hcinema.org.il/event/%d7%9b%d7%90%d7%91-%d7%90%d7%9e%d7%99%d7%aa%d7%99-a-real-pain-%d7%a9%d7%9c%d7%99%d7%a9%d7%99-%d7%96%d7%94%d7%91/2025-01-14/4/,https://m.media-amazon.com/images/M/MV5BODY2YWYwM2YtZTVlNC00MjgyLTgzYTgtNmFmYWE5ZmY1MDM5XkEyXkFqcGc@._V1_SX300.jpg
HRZCT,25-01-14,20:30,My Own Private Idaho,1991,https://www.hcinema.org.il/event/%d7%90%d7%99%d7%99%d7%93%d7%94%d7%95-%d7%a9%d7%9c%d7%99-my-own-private-idaho-%d7%94%d7%a8%d7%a6%d7%90%d7%94-%d7%9e%d7%a4%d7%99-%d7%93%d7%a8-%d7%a0%d7%99%d7%a8-%d7%a7%d7%93%d7%9d-%d7%91%d7%99/,https://m.media-amazon.com/images/M/MV5BZjkxY2I1NGYtYThmNC00ODIyLWE1NTktMTcxMzQyOWI0ZjYxXkEyXkFqcGc@._V1_SX300.jpg
HRZCT,25-01-14,20:45,A Real Pain,2024,https://www.hcinema.org.il/event/%d7%9b%d7%90%d7%91-%d7%90%d7%9e%d7%99%d7%aa%d7%99-a-real-pain-%d7%a9%d7%9c%d7%99%d7%a9%d7%99-%d7%96%d7%94%d7%91/2025-01-14/5/,https://m.media-amazon.com/images/M/MV5BODY2YWYwM2YtZTVlNC00MjgyLTgzYTgtNmFmYWE5ZmY1MDM5XkEyXkFqcGc@._V1_SX300.jpg
JLMCT,25-01-14,16:00,The Snapper,1993,https://jer-cin.org.il/en/event/80818,https://m.media-amazon.com/images/M/MV5BMjA3ODE4NDI0Ml5BMl5BanBnXkFtZTcwMjk2OTcxMQ@@._V1_SX300.jpg
JLMCT,25-01-14,16:30,A Real Pain,2024,https://jer-cin.org.il/en/event/81021,https://m.media-amazon.com/images/M/MV5BODY2YWYwM2YtZTVlNC00MjgyLTgzYTgtNmFmYWE5ZmY1MDM5XkEyXkFqcGc@._V1_SX300.jpg
JLMCT,25-01-14,18:00,Sugar and Stars,2023,https://jer-cin.org.il/en/event/77741,https://m.media-amazon.com/images/M/MV5BYjFmMzU5YjYtNTk4MC00NzlkLWE1YjItODAwN2E2Njc2OWZmXkEyXkFqcGc@._V1_SX300.jpg
JLMCT,25-01-14,18:15,Lee,2023,https://jer-cin.org.il/en/event/81041,https://m.media-amazon.com/images/M/MV5BMDlhMDY0NTAtOTQwZi00ZjIxLTk2ZmYtZjU1Y2FiYWRhZDk3XkEyXkFqcGc@._V1_SX300.jpg
JLMCT,25-01-14,18:30,A Real Pain,2024,https://jer-cin.org.il/en/event/81023,https://m.media-amazon.com/images/M/MV5BODY2YWYwM2YtZTVlNC00MjgyLTgzYTgtNmFmYWE5ZmY1MDM5XkEyXkFqcGc@._V1_SX300.jpg
JLMCT,25-01-14,20:00,Grease Sing-Along,,https://jer-cin.org.il/en/event/80824,
JLMCT,25-01-14,20:30,A Real Pain,2024,https://jer-cin.org.il/en/event/81025,https://m.media-amazon.com/images/M/MV5BODY2YWYwM2YtZTVlNC00MjgyLTgzYTgtNmFmYWE5ZmY1MDM5XkEyXkFqcGc@._V1_SX300.jpg
JLMCT,25-01-14,20:45,Ghost Cat Anzu,2024,https://jer-cin.org.il/en/event/81047,https://m.media-amazon.com/images/M/MV5BNDk3MmMyNTMtMjgxOC00NjBhLThmYjMtNzBiY2I5ZTJhZjNjXkEyXkFqcGc@._V1_SX300.jpg
TLVCT,25-01-14,09:30,Eid Mubarak,2023,https://www.cinema.co.il/en/event/%d7%a2%d7%99%d7%93-%d7%a1%d7%9e%d7%99%d7%a0%d7%a8-%d7%94%d7%a7%d7%99%d7%91%d7%95%d7%a6%d7%99%d7%9d/,https://m.media-amazon.com/images/M/MV5BZjRiY2IyMjgtZDZiYi00YTA0LTk4NmMtMzBkMzk5NDIxNzdjXkEyXkFqcGdeQXVyMTAxNjIwMjYz._V1_SX300.jpg
TLVCT,25-01-14,11:00,"Francesca Quinn, PI",2022,https://www.cinema.co.il/en/event/%d7%a4%d7%a8%d7%a0%d7%a6%d7%99%d7%a9%d7%a7%d7%94/,https://m.media-amazon.com/images/M/MV5BNzRlYmU5NGItYWJmMS00NWJlLWFhMGMtMWNkYTIzZDJjYzhlXkEyXkFqcGdeQXVyMTI1NDEyNTM5._V1_SX300.jpg
TLVCT,25-01-14,12:00,The Book of Wonders,2023,https://www.cinema.co.il/en/event/%d7%97%d7%93%d7%a8-%d7%94%d7%a4%d7%9c%d7%90%d7%95%d7%aa/,https://m.media-amazon.com/images/M/MV5BZWNjMjY4ZWMtMjljZS00YTg0LWJhMzEtNzYzYWUyYmZkYWExXkEyXkFqcGc@._V1_SX300.jpg
TLVCT,25-01-14,12:30,Wild Diamond,2024,https://www.cinema.co.il/en/event/%d7%99%d7%94%d7%9c%d7%95%d7%9d-%d7%a4%d7%a8%d7%95%d7%a2/,https://m.media-amazon.com/images/M/MV5BOTk3MGFiYTgtMTVhNC00ZWJmLTg2OTgtZjg3NGY0MGYzMGQ4XkEyXkFqcGc@._V1_SX300.jpg
TLVCT,25-01-14,15:30,The Braid,2023,https://www.cinema.co.il/en/event/%d7%94%d7%a6%d7%9e%d7%94/,https://m.media-amazon.com/images/M/MV5BMTJkZTQ1ZWEtMzQ1Ni00MmU2LTgzZTctYmI4MDc4YWJhMWViXkEyXkFqcGc@._V1_SX300.jpg
TLVCT,25-01-14,16:00,The Book of Wonders,2023,https://www.cinema.co.il/en/event/%d7%97%d7%93%d7%a8-%d7%94%d7%a4%d7%9c%d7%90%d7%95%d7%aa/,https://m.media-amazon.com/images/M/MV5BZWNjMjY4ZWMtMjljZS00YTg0LWJhMzEtNzYzYWUyYmZkYWExXkEyXkFqcGc@._V1_SX300.jpg
TLVCT,25-01-14,17:30,Get the Land Back,2024,https://www.cinema.co.il/en/event/%d7%94%d7%93%d7%95%d7%a0%d7%9d-%d7%a9%d7%9c-%d7%a1%d7%91%d7%aa%d7%90/,https://m.media-amazon.com/images/M/MV5BYTUzNmI4ODUtNTY3Yi00Njk4LWFiMmMtNGRmZDhhMDcyYmJkXkEyXkFqcGdeQXVyMjMyMzI4MzY@._V1_SX300.jpg
TLVCT,25-01-14,18:00,The Book of Wonders,2023,https://www.cinema.co.il/en/event/%d7%97%d7%93%d7%a8-%d7%94%d7%a4%d7%9c%d7%90%d7%95%d7%aa/,https://m.media-amazon.com/images/M/MV5BZWNjMjY4ZWMtMjljZS00YTg0LWJhMzEtNzYzYWUyYmZkYWExXkEyXkFqcGc@._V1_SX300.jpg
TLVCT,25-01-14,19:15,Wild Diamond,2024,https://www.cinema.co.il/en/event/%d7%99%d7%94%d7%9c%d7%95%d7%9d-%d7%a4%d7%a8%d7%95%d7%a2/,https://m.media-amazon.com/images/M/MV5BOTk3MGFiYTgtMTVhNC00ZWJmLTg2OTgtZjg3NGY0MGYzMGQ4XkEyXkFqcGc@._V1_SX300.jpg
TLVCT,25-01-14,20:00,Faces Places,2017,https://www.cinema.co.il/en/event/%d7%9e%d7%a4%d7%92%d7%a9-%d7%a2%d7%9d-%d7%94%d7%a6%d7%9c%d7%9e%d7%aa-%d7%95%d7%a8%d7%93%d7%99-%d7%9b%d7%94%d7%a0%d7%90-%d7%95%d7%94%d7%a7%d7%a8%d7%a0%d7%aa-%d7%90%d7%a0%d7%a9%d7%99%d7%9d-%d7%95/,https://m.media-amazon.com/images/M/MV5BY2IzNWExMGQtZTNkNC00Y2ZjLWI5MjctMDQ0MDEwZDU3Nzg1XkEyXkFqcGc@._V1_SX300.jpg
TLVCT,25-01-14,20:30,Fela Kuti: Music Is the Weapon,1982,https://www.cinema.co.il/en/event/%d7%a4%d7%9c%d7%94-%d7%a7%d7%95%d7%98%d7%99-%d7%94%d7%9e%d7%95%d7%96%d7%99%d7%a7%d7%94-%d7%94%d7%99%d7%90-%d7%94%d7%a0%d7%a9%d7%a7/,
TLVCT,25-01-14,21:00,The Story of Souleymane,2024,https://www.cinema.co.il/en/event/%d7%94%d7%a1%d7%99%d7%a4%d7%95%d7%a8-%d7%a9%d7%9c-%d7%a1%d7%95%d7%9c%d7%99%d7%9e%d7%9f-%d7%98%d7%a8%d7%95%d7%9d-%d7%91%d7%9b%d7%95%d7%a8%d7%94/,
TLVCT,25-01-14,21:30,Wild Diamond,2024,https://www.cinema.co.il/en/event/%d7%99%d7%94%d7%9c%d7%95%d7%9d-%d7%a4%d7%a8%d7%95%d7%a2/,https://m.media-amazon.com/images/M/MV5BOTk3MGFiYTgtMTVhNC00ZWJmLTg2OTgtZjg3NGY0MGYzMGQ4XkEyXkFqcGc@._V1_SX300.jpg
HFCT,25-01-15,18:00,Wicked Little Letters,2023,https://www.haifacin.co.il/Event/14556/,https://m.media-amazon.com/images/M/MV5BZGUzOTFjNWYtY2Q2ZC00ZDU0LWIyZWEtMzFlNmI3OTdjN2VkXkEyXkFqcGc@._V1_SX300.jpg
HRZCT,25-01-15,10:00,And the Party Goes On,2023,https://www.hcinema.org.il/event/%d7%95%d7%94%d7%97%d7%92%d7%99%d7%92%d7%94-%d7%a0%d7%9e%d7%a9%d7%9b%d7%aa-and-the-party-goes-on-%d7%a9%d7%9c%d7%99%d7%a9%d7%99-%d7%96%d7%94%d7%91/2025-01-15/,https://m.media-amazon.com/images/M/MV5BNjg3NDgzYTktOGU2Ny00NWUyLTllMTgtNzg0MGM4MjRkMWRiXkEyXkFqcGc@._V1_SX300.jpg
HRZCT,25-01-15,17:00,Eid Mubarak,2023,https://www.hcinema.org.il/event/%d7%a2%d7%99%d7%93-eid-2/2025-01-15/,https://m.media-amazon.com/images/M/MV5BZjRiY2IyMjgtZDZiYi00YTA0LTk4NmMtMzBkMzk5NDIxNzdjXkEyXkFqcGdeQXVyMTAxNjIwMjYz._V1_SX300.jpg
HRZCT,25-01-15,17:30,Sonic the Hedgehog 3,2024,https://www.hcinema.org.il/event/%d7%a1%d7%95%d7%a0%d7%99%d7%a7-%d7%94%d7%a1%d7%a8%d7%98-3-sonic-the-hedgehog-3-%d7%93%d7%99%d7%91%d7%95%d7%91-%d7%a2%d7%99%d7%91%d7%a8%d7%99/2025-01-15/,https://m.media-amazon.com/images/M/MV5BMjZjNjE5NDEtOWJjYS00Mjk2LWI1ZDYtOWI1ZWI3MzRjM2UzXkEyXkFqcGc@._V1_SX300.jpg
HRZCT,25-01-15,18:00,A Real Pain,2024,https://www.hcinema.org.il/event/%d7%9b%d7%90%d7%91-%d7%90%d7%9e%d7%99%d7%aa%d7%99-a-real-pain/2025-01-15/1/,https://m.media-amazon.com/images/M/MV5BODY2YWYwM2YtZTVlNC00MjgyLTgzYTgtNmFmYWE5ZmY1MDM5XkEyXkFqcGc@._V1_SX300.jpg
HRZCT,25-01-15,20:00,A Real Pain,2024,https://www.hcinema.org.il/event/%d7%9b%d7%90%d7%91-%d7%90%d7%9e%d7%99%d7%aa%d7%99-a-real-pain/2025-01-15/2/,https://m.media-amazon.com/images/M/MV5BODY2YWYwM2YtZTVlNC00MjgyLTgzYTgtNmFmYWE5ZmY1MDM5XkEyXkFqcGc@._V1_SX300.jpg
HRZCT,25-01-15,20:15,Better Man,2024,https://www.hcinema.org.il/event/%d7%a1%d7%99%d7%a4%d7%95%d7%a8%d7%95-%d7%a9%d7%9c-%d7%a8%d7%95%d7%91%d7%99-%d7%95%d7%95%d7%99%d7%9c%d7%99%d7%90%d7%9e%d7%a1-better-man/2025-01-15/,https://m.media-amazon.com/images/M/MV5BYWU3YzU0NTItMGVlYi00YTFmLWE5MmQtNjg4ODQ3ZWYyNjRkXkEyXkFqcGc@._V1_SX300.jpg
HRZCT,25-01-15,20:30,The Belle from Gaza,2024,https://www.hcinema.org.il/event/%d7%94%d7%99%d7%a4%d7%94%d7%a4%d7%99%d7%99%d7%94-%d7%9e%d7%a2%d7%96%d7%94-the-belle-from-gaza/,https://m.media-amazon.com/images/M/MV5BNjI2YmEyZTYtOWMyNC00YWNmLWI5MTktZTNlNmM5YWYyYzE1XkEyXkFqcGdeQXVyODIyOTEyMzY@._V1_SX300.jpg
JLMCT,25-01-15,18:00,Maccheroni,1985,https://jer-cin.org.il/en/event/80826,https://m.media-amazon.com/images/M/MV5BZjA3ODQwNTEtNWE2ZS00ZWQ3LWE0ZmItMzg3MDYwNDM4NWYxXkEyXkFqcGdeQXVyMzIzNDU1NTY@._V1_SX300.jpg
JLMCT,25-01-15,18:15,A Real Pain,2024,https://jer-cin.org.il/en/event/81027,https://m.media-amazon.com/images/M/MV5BODY2YWYwM2YtZTVlNC00MjgyLTgzYTgtNmFmYWE5ZmY1MDM5XkEyXkFqcGc@._V1_SX300.jpg
JLMCT,25-01-15,18:30,Lee,2023,https://jer-cin.org.il/en/event/81043,https://m.media-amazon.com/images/M/MV5BMDlhMDY0NTAtOTQwZi00ZjIxLTk2ZmYtZjU1Y2FiYWRhZDk3XkEyXkFqcGc@._V1_SX300.jpg
JLMCT,25-01-15,20:00,The Red Pill,2016,https://jer-cin.org.il/en/event/80834,https://m.media-amazon.com/images/M/MV5BNmM0MWQ4ZTEtMWQ4Yy00MDg3LWJiZjMtMWNkMWUyMTY5MDliXkEyXkFqcGc@._V1_SX300.jpg
JLMCT,25-01-15,20:15,A Real Pain,2024,https://jer-cin.org.il/en/event/81029,https://m.media-amazon.com/images/M/MV5BODY2YWYwM2YtZTVlNC00MjgyLTgzYTgtNmFmYWE5ZmY1MDM5XkEyXkFqcGc@._V1_SX300.jpg
JLMCT,25-01-15,20:30,One Hour Photo,2002,https://jer-cin.org.il/en/event/80832,https://m.media-amazon.com/images/M/MV5BNzZhYTZmMjYtNTg0Yy00NDhiLWIwMmItOTU1YmZhYWFiNWEzXkEyXkFqcGc@._V1_SX300.jpg
JLMCT,25-01-15,20:45,Eid Mubarak,2023,https://jer-cin.org.il/en/event/81035,https://m.media-amazon.com/images/M/MV5BZjRiY2IyMjgtZDZiYi00YTA0LTk4NmMtMzBkMzk5NDIxNzdjXkEyXkFqcGdeQXVyMTAxNjIwMjYz._V1_SX300.jpg
TLVCT,25-01-15,16:30,Cocorico,2024,https://www.cinema.co.il/en/event/%d7%91%d7%9e%d7%a9%d7%a4%d7%97%d7%95%d7%aa-%d7%94%d7%9b%d7%99-%d7%98%d7%95%d7%91%d7%95%d7%aa/,https://m.media-amazon.com/images/M/MV5BMDQ4ODhkMGQtMDdhYS00YmU4LWI3NjItMzhhYzg0M2EwNTdmXkEyXkFqcGc@._V1_SX300.jpg
TLVCT,25-01-15,16:45,The Book of Wonders,2023,https://www.cinema.co.il/en/event/%d7%97%d7%93%d7%a8-%d7%94%d7%a4%d7%9c%d7%90%d7%95%d7%aa/,https://m.media-amazon.com/images/M/MV5BZWNjMjY4ZWMtMjljZS00YTg0LWJhMzEtNzYzYWUyYmZkYWExXkEyXkFqcGc@._V1_SX300.jpg
TLVCT,25-01-15,17:00,Wild Diamond,2024,https://www.cinema.co.il/en/event/%d7%99%d7%94%d7%9c%d7%95%d7%9d-%d7%a4%d7%a8%d7%95%d7%a2/,https://m.media-amazon.com/images/M/MV5BOTk3MGFiYTgtMTVhNC00ZWJmLTg2OTgtZjg3NGY0MGYzMGQ4XkEyXkFqcGc@._V1_SX300.jpg
TLVCT,25-01-15,19:00,The Book of Wonders,2023,https://www.cinema.co.il/en/event/%d7%97%d7%93%d7%a8-%d7%94%d7%a4%d7%9c%d7%90%d7%95%d7%aa/,https://m.media-amazon.com/images/M/MV5BZWNjMjY4ZWMtMjljZS00YTg0LWJhMzEtNzYzYWUyYmZkYWExXkEyXkFqcGc@._V1_SX300.jpg
TLVCT,25-01-15,19:30,Classified People,1988,https://www.cinema.co.il/en/event/%d7%90%d7%a0%d7%a9%d7%99%d7%9d-%d7%9e%d7%a1%d7%95%d7%95%d7%92%d7%99%d7%9d/,https://m.media-amazon.com/images/M/MV5BN2ZiMDQ0MDEtZGQ3Yi00MjhmLWI0NTktZDkxNGE3N2Q5ODQ0XkEyXkFqcGdeQXVyMjA5Nzc2Mzc@._V1_SX300.jpg
TLVCT,25-01-15,20:30,The Lost Weekend,1945,https://www.cinema.co.il/en/event/%d7%95%d7%95%d7%99%d7%a7%d7%a0%d7%93/,https://m.media-amazon.com/images/M/MV5BMTk4NDQ0NjgyNF5BMl5BanBnXkFtZTgwMTE3NTkxMTE@._V1_SX300.jpg
TLVCT,25-01-15,21:00,Touki Bouki / Journey of the Hyena,1973,https://www.cinema.co.il/en/event/%d7%98%d7%95%d7%a7%d7%99-%d7%91%d7%95%d7%a7%d7%99/,
TLVCT,25-01-15,21:15,Wild Diamond,2024,https://www.cinema.co.il/en/event/%d7%99%d7%94%d7%9c%d7%95%d7%9d-%d7%a4%d7%a8%d7%95%d7%a2/,https://m.media-amazon.com/images/M/MV5BOTk3MGFiYTgtMTVhNC00ZWJmLTg2OTgtZjg3NGY0MGYzMGQ4XkEyXkFqcGc@._V1_SX300.jpg
HFCT,25-01-16,17:45,La Cocina,2024,https://www.haifacin.co.il/Event/14557/,https://m.media-amazon.com/images/M/MV5BMGYyYjI3MGQtNGIzNS00MTgxLWE2NDctMmZlNzE5OGY4NTY3XkEyXkFqcGc@._V1_SX300.jpg
HFCT,25-01-16,20:30,Between the Temples,2024,https://www.haifacin.co.il/Event/14558/,https://m.media-amazon.com/images/M/MV5BYTQ1MTE3MWItZWUwMy00YjYzLTkyMDAtYzBhMjZmZjM5NTRkXkEyXkFqcGc@._V1_SX300.jpg
HRZCT,25-01-16,19:30,The Most Precious of Cargoes,2024,https://www.hcinema.org.il/event/%d7%98%d7%a8%d7%95%d7%9d-%d7%91%d7%9b%d7%95%d7%a8%d7%94-%d7%a1%d7%97%d7%95%d7%a8%d7%94-%d7%99%d7%a7%d7%a8%d7%94-%d7%9e%d7%9b%d7%95%d7%9c-the-most-precious-of-cargoes-%d7%94%d7%a8%d7%a6%d7%90/,https://m.media-amazon.com/images/M/MV5BM2MxM2EyMzItNWMxYS00YzhkLTk1ZDgtMjM2Y2I1MzZlYWEzXkEyXkFqcGc@._V1_SX300.jpg
JLMCT,25-01-16,18:00,8½,,https://jer-cin.org.il/en/event/80836,
JLMCT,25-01-16,19:00,Cinderella Man,2005,https://jer-cin.org.il/en/event/78242,https://m.media-amazon.com/images/M/MV5BYjQ3M2ZjMzYtNmQwNC00MjNkLTgzOTgtMjhjMDk0YzIzOWZkXkEyXkFqcGc@._V1_SX300.jpg
JLMCT,25-01-16,20:45,Little Video Shop of Horror,2015,https://jer-cin.org.il/en/event/80840,https://m.media-amazon.com/images/M/MV5BMjJmNGQxNmQtODRmMC00N2E0LTgwZGUtMzViYWE1ZDBkYTk2XkEyXkFqcGdeQXVyNjkzMjU0NzI@._V1_SX300.jpg
TLVCT,25-01-16,17:00,Words Bubble Up Like Soda Pop,2020,https://www.cinema.co.il/en/event/%d7%a1%d7%95%d7%93%d7%94-%d7%94%d7%a7%d7%a8%d7%a0%d7%95%d7%aa-%d7%a7%d7%91%d7%95%d7%a2%d7%95%d7%aa/,https://m.media-amazon.com/images/M/MV5BMzUxZTIyNjItMWYyOS00MGIzLTkyNzUtZTgyMjM0ODQ2YjgzXkEyXkFqcGc@._V1_SX300.jpg
TLVCT,25-01-16,17:30,The Story of Souleymane,2024,https://www.cinema.co.il/en/event/%d7%94%d7%a1%d7%99%d7%a4%d7%95%d7%a8-%d7%a9%d7%9c-%d7%a1%d7%95%d7%9c%d7%99%d7%9e%d7%9f/,
TLVCT,25-01-16,19:00,The Book of Wonders,2023,https://www.cinema.co.il/en/event/%d7%97%d7%93%d7%a8-%d7%94%d7%a4%d7%9c%d7%90%d7%95%d7%aa/,https://m.media-amazon.com/images/M/MV5BZWNjMjY4ZWMtMjljZS00YTg0LWJhMzEtNzYzYWUyYmZkYWExXkEyXkFqcGc@._V1_SX300.jpg
TLVCT,25-01-16,19:30,Unless We Dance + Fabulous,,https://www.cinema.co.il/en/event/%d7%90%d7%9c%d7%90-%d7%90%d7%9d-%d7%a0%d7%a8%d7%a7%d7%95%d7%93-%d7%94%d7%9e%d7%94%d7%9e%d7%9e%d7%aa/,
TLVCT,25-01-16,21:00,The Day I Met You,2012,https://www.cinema.co.il/en/event/%d7%94%d7%99%d7%95%d7%9d-%d7%a9%d7%91%d7%95-%d7%a4%d7%92%d7%a9%d7%aa%d7%99-%d7%91%d7%9a/,https://m.media-amazon.com/images/M/MV5BNjJlZmExYTktMjQ4MC00OGViLTlhNTEtNGM3NmFjOGUwNTFiXkEyXkFqcGdeQXVyMjYzMzE2ODQ@._V1_SX300.jpg
TLVCT,25-01-16,21:30,The Story of Souleymane,2024,https://www.cinema.co.il/en/event/%d7%94%d7%a1%d7%99%d7%a4%d7%95%d7%a8-%d7%a9%d7%9c-%d7%a1%d7%95%d7%9c%d7%99%d7%9e%d7%9f/,
HFCT,25-01-17,17:00,Ex-Husbands,2023,https://www.haifacin.co.il/Event/14559/,https://m.media-amazon.com/images/M/MV5BYjBiODE3YTctNmZmYy00ZWQ1LWI4ZjYtMTEyYjliZWQ0ZGFkXkEyXkFqcGc@._V1_SX300.jpg
HFCT,25-01-17,19:00,Goodrich,2024,https://www.haifacin.co.il/Event/14560/,https://m.media-amazon.com/images/M/MV5BMWVkNDNmYjEtNDZiYS00NjcyLWJiMWYtZTc2Y2FhMzc4NTE0XkEyXkFqcGc@._V1_SX300.jpg
HRZCT,25-01-17,21:00,The Lovers of the Bridge,,https://www.hcinema.org.il/event/%d7%94%d7%a0%d7%90%d7%94%d7%91%d7%99%d7%9d-%d7%9e%d7%a4%d7%a8%d7%99%d7%96-the-lovers-of-the-bridge/,
JLMCT,25-01-17,16:00,Ghost Trail,2024,https://jer-cin.org.il/en/event/80810,https://m.media-amazon.com/images/M/MV5BMDNlNmU4OWItNTk5OS00MWE0LWI4MjktZDY3MDExYmE5MmY5XkEyXkFqcGc@._V1_SX300.jpg
JLMCT,25-01-17,18:15,La Cocina,2024,https://jer-cin.org.il/en/event/80842,https://m.media-amazon.com/images/M/MV5BMGYyYjI3MGQtNGIzNS00MTgxLWE2NDctMmZlNzE5OGY4NTY3XkEyXkFqcGc@._V1_SX300.jpg
JLMCT,25-01-17,21:00,Goodrich,2024,https://jer-cin.org.il/en/event/80848,https://m.media-amazon.com/images/M/MV5BMWVkNDNmYjEtNDZiYS00NjcyLWJiMWYtZTc2Y2FhMzc4NTE0XkEyXkFqcGc@._V1_SX300.jpg
TLVCT,25-01-17,10:00,Glowing as I Drift Away,2017,https://www.cinema.co.il/en/event/%d7%96%d7%95%d7%94%d7%a8%d7%aa-%d7%9b%d7%9b%d7%9c-%d7%a9%d7%90%d7%a0%d7%99-%d7%9e%d7%aa%d7%a8%d7%97%d7%a7/,
TLVCT,25-01-17,11:00,It Happened on our Ground,2024,https://www.cinema.co.il/en/event/%d7%94%d7%90%d7%97%d7%95-%d7%94%d7%a7%d7%98%d7%9f/,https://m.media-amazon.com/images/M/MV5BMTBhMzc0NDgtOTUwMC00NDBkLWJlYzEtZGQwOTdlNDMyOWU1XkEyXkFqcGc@._V1_SX300.jpg
TLVCT,25-01-17,13:00,Robin Hood,2010,https://www.cinema.co.il/en/event/%d7%a8%d7%95%d7%91%d7%99%d7%9f-%d7%94%d7%95%d7%93-i-%d7%9e%d7%93%d7%95%d7%91%d7%91-i-%d7%a4%d7%95%d7%a4%d7%99%d7%9d/,https://m.media-amazon.com/images/M/MV5BMTM5NzcwMzEwOF5BMl5BanBnXkFtZTcwNjg5MTgwMw@@._V1_SX300.jpg
TLVCT,25-01-17,13:30,Male Shorts International V5,2023,https://www.cinema.co.il/en/event/%d7%90%d7%a1%d7%95%d7%a4%d7%aa-%d7%a7%d7%a6%d7%a8%d7%99%d7%9d-%d7%91%d7%99%d7%a0%d7%9c%d7%90%d7%95%d7%9e%d7%99%d7%aa-%d7%99%d7%9c%d7%93%d7%95%d7%aa-%d7%95%d7%a4%d7%9c%d7%99%d7%98%d7%95%d7%aa/,https://m.media-amazon.com/images/M/MV5BNjg1ZjIxYWEtNWZkYi00NGM2LWJjZGQtNTJkMDljNzYwZDkyXkEyXkFqcGc@._V1_SX300.jpg
TLVCT,25-01-17,21:30,Disco Africa,2023,https://www.cinema.co.il/en/event/%d7%93%d7%99%d7%a1%d7%a7%d7%95-%d7%90%d7%a4%d7%a8%d7%99%d7%a7%d7%94/,
TLVCT,25-01-17,21:45,The Story of Souleymane,2024,https://www.cinema.co.il/en/event/%d7%94%d7%a1%d7%99%d7%a4%d7%95%d7%a8-%d7%a9%d7%9c-%d7%a1%d7%95%d7%9c%d7%99%d7%9e%d7%9f/,
TLVCT,25-01-17,22:00,The Fly,1986,https://www.cinema.co.il/en/event/%d7%90%d7%a4%d7%98%d7%a8-%d7%a9%d7%99%d7%a9%d7%99-%d7%94%d7%96%d7%91%d7%95%d7%91/,0
HFCT,25-01-18,17:00,Wicked Little Letters,2023,https://www.haifacin.co.il/Event/14561/,https://m.media-amazon.com/images/M/MV5BZGUzOTFjNWYtY2Q2ZC00ZDU0LWIyZWEtMzFlNmI3OTdjN2VkXkEyXkFqcGc@._V1_SX300.jpg
HRZCT,25-01-18,17:00,Souleymane's Story,2024,https://www.hcinema.org.il/event/%d7%94%d7%a1%d7%99%d7%a4%d7%95%d7%a8-%d7%a9%d7%9c-%d7%a1%d7%95%d7%9c%d7%99%d7%9e%d7%90%d7%9f-souleymanes-story-%d7%91%d7%aa%d7%90%d7%a8%d7%99%d7%9a-%d7%96%d7%94-%d7%91%d7%9c%d7%91%d7%93-%d7%9b/,https://m.media-amazon.com/images/M/MV5BOWY4MzliY2MtYjNhNy00MTk1LWJkOGMtMDdiMTAzODY4MjgxXkEyXkFqcGc@._V1_SX300.jpg
HRZCT,25-01-18,20:30,Words Bubble Up Like Soda Pop,2020,https://www.hcinema.org.il/event/%d7%a1%d7%95%d7%93%d7%94-soda-%d7%91%d7%aa%d7%90%d7%a8%d7%99%d7%9a-%d7%96%d7%94-%d7%91%d7%9c%d7%91%d7%93-%d7%9b%d7%a0%d7%99%d7%a1%d7%94-%d7%9c%d7%9c%d7%90-%d7%aa%d7%95%d7%a1%d7%a4%d7%aa-%d7%aa/,https://m.media-amazon.com/images/M/MV5BMzUxZTIyNjItMWYyOS00MGIzLTkyNzUtZTgyMjM0ODQ2YjgzXkEyXkFqcGc@._V1_SX300.jpg
JLMCT,25-01-18,11:00,Please Call Me Claudio: The Visionary Claudio Abbado,2024,https://jer-cin.org.il/en/event/78673,https://m.media-amazon.com/images/M/MV5BYzg3ZmMzYWMtYTE4Yi00ZGY5LWJhOTItMzJlNzVhM2M2ZmQ2XkEyXkFqcGc@._V1_SX300.jpg
JLMCT,25-01-18,11:00,Moana 2,2024,https://jer-cin.org.il/en/event/80957,https://m.media-amazon.com/images/M/MV5BZDUxNThhYTUtYjgxNy00MGQ4LTgzOTEtZjg1YTU5NTcwNThlXkEyXkFqcGc@._V1_SX300.jpg
JLMCT,25-01-18,16:00,8½,,https://jer-cin.org.il/en/event/80838,
JLMCT,25-01-18,18:00,Arsenic and Old Lace,1944,https://jer-cin.org.il/en/event/80852,https://m.media-amazon.com/images/M/MV5BZWI5Mzg2NDAtNDYwYi00YzhiLWJiZTgtMWUwNTU2NTJkNGU2XkEyXkFqcGc@._V1_SX300.jpg
JLMCT,25-01-18,20:15,Goodrich,2024,https://jer-cin.org.il/en/event/80850,https://m.media-amazon.com/images/M/MV5BMWVkNDNmYjEtNDZiYS00NjcyLWJiMWYtZTc2Y2FhMzc4NTE0XkEyXkFqcGc@._V1_SX300.jpg
JLMCT,25-01-18,20:30,How I Killed My Father,2001,https://jer-cin.org.il/en/event/80854,https://m.media-amazon.com/images/M/MV5BNjQ1MDg5NDkwM15BMl5BanBnXkFtZTcwOTk5MTYyMQ@@._V1_SX300.jpg
TLVCT,25-01-18,10:30,Shambhala,2024,https://www.cinema.co.il/en/event/%d7%a1%d7%99%d7%a0%d7%9e%d7%94-%d7%a0%d7%99%d7%a8%d7%95%d7%95%d7%a0%d7%94-%d7%a9%d7%9e%d7%91%d7%94%d7%90%d7%9c%d7%94/,https://m.media-amazon.com/images/M/MV5BYjdmZTk0YjgtZjFmNC00ODI2LTk1ZDYtODI0OWEyNGFiNzdiXkEyXkFqcGc@._V1_SX300.jpg
TLVCT,25-01-18,11:15,Wicked,2024,https://www.cinema.co.il/en/event/%d7%9e%d7%a8%d7%a9%d7%a2%d7%aa-i-%d7%9e%d7%aa%d7%95%d7%a8%d7%92%d7%9d/,https://m.media-amazon.com/images/M/MV5BOWMwYjYzYmMtMWQ2Ni00NWUwLTg2MzAtYzkzMDBiZDIwOTMwXkEyXkFqcGc@._V1_SX300.jpg
TLVCT,25-01-18,13:00,The Princess Bride,1987,https://www.cinema.co.il/en/event/%d7%94%d7%9b%d7%9c%d7%94/,https://m.media-amazon.com/images/M/MV5BMjFiOTEyNGMtN2E4MC00ZjZlLTk3ZDQtNTU1ZGNiZTA1MzJlXkEyXkFqcGc@._V1_SX300.jpg
TLVCT,25-01-18,13:45,The Book of Wonders,2023,https://www.cinema.co.il/en/event/%d7%97%d7%93%d7%a8-%d7%94%d7%a4%d7%9c%d7%90%d7%95%d7%aa/,https://m.media-amazon.com/images/M/MV5BZWNjMjY4ZWMtMjljZS00YTg0LWJhMzEtNzYzYWUyYmZkYWExXkEyXkFqcGc@._V1_SX300.jpg
TLVCT,25-01-18,14:30,143 Sahara Street,2019,https://www.cinema.co.il/en/event/%d7%a8%d7%97%d7%95%d7%91-%d7%a1%d7%94%d7%a8%d7%94-143/,https://m.media-amazon.com/images/M/MV5BYTE5ZWU2YjgtZDZlYi00MmFmLWJiYmItN2Q4NzVhNjE5NDc0XkEyXkFqcGdeQXVyNjgzMjQ0MTA@._V1_SX300.jpg
TLVCT,25-01-18,14:45,The Spectre of Boko Haram,2023,https://www.cinema.co.il/en/event/%d7%a8%d7%95%d7%97%d7%95%d7%aa-%d7%94%d7%a8%d7%a4%d7%90%d7%99%d7%9d-%d7%a9%d7%9c-%d7%91%d7%95%d7%a7%d7%95-%d7%97%d7%a8%d7%90%d7%9d/,https://m.media-amazon.com/images/M/MV5BMjcwYTAwNzctMjQ0OC00YjllLTgyMWMtODA0MmIyMmNhYzlhXkEyXkFqcGc@._V1_SX300.jpg
TLVCT,25-01-18,16:00,Words Bubble Up Like Soda Pop,2020,https://www.cinema.co.il/en/event/%d7%a1%d7%95%d7%93%d7%94-%d7%94%d7%a7%d7%a8%d7%a0%d7%95%d7%aa-%d7%a7%d7%91%d7%95%d7%a2%d7%95%d7%aa/,https://m.media-amazon.com/images/M/MV5BMzUxZTIyNjItMWYyOS00MGIzLTkyNzUtZTgyMjM0ODQ2YjgzXkEyXkFqcGc@._V1_SX300.jpg
TLVCT,25-01-18,16:30,Sami's Odysseys,2022,https://www.cinema.co.il/en/event/%d7%94%d7%90%d7%95%d7%93%d7%99%d7%a1%d7%90%d7%94-%d7%a9%d7%9c-%d7%a1%d7%9e%d7%99/,
TLVCT,25-01-18,17:30,Hyenas,1992,https://www.cinema.co.il/en/event/%d7%a6%d7%91%d7%95%d7%a2%d7%99%d7%9d/,https://m.media-amazon.com/images/M/MV5BNTk3YmJmN2ItMmY0Ny00YTZlLTgxMmYtNTZjMWZlMDA3MTZjXkEyXkFqcGc@._V1_SX300.jpg
TLVCT,25-01-18,18:00,The Book of Wonders,2023,https://www.cinema.co.il/en/event/%d7%97%d7%93%d7%a8-%d7%94%d7%a4%d7%9c%d7%90%d7%95%d7%aa/,https://m.media-amazon.com/images/M/MV5BZWNjMjY4ZWMtMjljZS00YTg0LWJhMzEtNzYzYWUyYmZkYWExXkEyXkFqcGc@._V1_SX300.jpg
TLVCT,25-01-18,18:15,The Cemetery of Cinema,2023,https://www.cinema.co.il/en/event/%d7%a1%d7%99%d7%a0%d7%9e%d7%94-%d7%91%d7%99%d7%aa-%d7%a7%d7%91%d7%a8%d7%95%d7%aa/,https://m.media-amazon.com/images/M/MV5BYmQ0ZDU2N2ItZGU5ZC00Njc2LTk1ZDItNzE1NjVmNzE2MGZhXkEyXkFqcGc@._V1_SX300.jpg
TLVCT,25-01-18,18:30,The Story of Souleymane,2024,https://www.cinema.co.il/en/event/%d7%94%d7%a1%d7%99%d7%a4%d7%95%d7%a8-%d7%a9%d7%9c-%d7%a1%d7%95%d7%9c%d7%99%d7%9e%d7%9f/,
TLVCT,25-01-18,20:00,The Book of Wonders,2023,https://www.cinema.co.il/en/event/%d7%97%d7%93%d7%a8-%d7%94%d7%a4%d7%9c%d7%90%d7%95%d7%aa/,https://m.media-amazon.com/images/M/MV5BZWNjMjY4ZWMtMjljZS00YTg0LWJhMzEtNzYzYWUyYmZkYWExXkEyXkFqcGc@._V1_SX300.jpg
TLVCT,25-01-18,20:30,The Story of Souleymane,2024,https://www.cinema.co.il/en/event/%d7%94%d7%a1%d7%99%d7%a4%d7%95%d7%a8-%d7%a9%d7%9c-%d7%a1%d7%95%d7%9c%d7%99%d7%9e%d7%9f/,
HRZCT,25-01-19,20:00,999: The Forgotten Girls,,https://www.hcinema.org.il/event/999-%d7%94%d7%a0%d7%a9%d7%99%d7%9d-%d7%94%d7%90%d7%91%d7%95%d7%93%d7%95%d7%aa-999-the-forgotten-girls-%d7%a9%d7%99%d7%97%d7%94-%d7%a2%d7%9d-%d7%94%d7%aa%d7%a8-%d7%93%d7%99%d7%95%d7%9f-%d7%9e/,
JLMCT,25-01-19,17:00,La Cocina,2024,https://jer-cin.org.il/en/event/80844,https://m.media-amazon.com/images/M/MV5BMGYyYjI3MGQtNGIzNS00MTgxLWE2NDctMmZlNzE5OGY4NTY3XkEyXkFqcGc@._V1_SX300.jpg
JLMCT,25-01-19,20:00,Toy Story,1995,https://jer-cin.org.il/en/event/80587,https://m.media-amazon.com/images/M/MV5BZTA3OWVjOWItNjE1NS00NzZiLWE1MjgtZDZhMWI1ZTlkNzYwXkEyXkFqcGc@._V1_SX300.jpg
TLVCT,25-01-19,11:00,Bolero,1984,https://www.cinema.co.il/en/event/%d7%91%d7%95%d7%9c%d7%a8%d7%95-%d7%98%d7%a8%d7%95%d7%9d-%d7%91%d7%9b%d7%95%d7%a8%d7%94/,https://m.media-amazon.com/images/M/MV5BMTFjZDNiMjktMDFhMC00NDUyLTgwMDMtMjU0NzdmZGRlYjgxXkEyXkFqcGc@._V1_SX300.jpg
TLVCT,25-01-19,18:00,La petite vadrouille,2024,https://www.cinema.co.il/en/event/%d7%97%d7%95%d7%a4%d7%a9%d7%94-%d7%91%d7%a7%d7%98%d7%a0%d7%94-%d7%a1%d7%99%d7%a0%d7%9e%d7%98%d7%a7/,https://m.media-amazon.com/images/M/MV5BOWJmZDA1OGYtM2QwYS00MDkwLTgwNWEtY2UyMTgyMWZlOWJkXkEyXkFqcGc@._V1_SX300.jpg
TLVCT,25-01-19,20:00,Cries & Whispers,1972,https://www.cinema.co.il/en/event/%d7%96%d7%a2%d7%a7%d7%95%d7%aa-%d7%95%d7%9c%d7%97%d7%99%d7%a9%d7%95%d7%aa-%d7%90%d7%99%d7%91%d7%93%d7%aa%d7%99-%d7%90%d7%aa-%d7%96%d7%94-%d7%91%d7%a7%d7%95%d7%9c%d7%a0%d7%95%d7%a2/,https://m.media-amazon.com/images/M/MV5BZGJkMWJiZjYtZTZiMC00MDJmLWIxMDEtZDkxMzYzYTAyODZkXkEyXkFqcGc@._V1_SX300.jpg
JLMCT,25-01-20,16:00,The Father,2020,https://jer-cin.org.il/en/event/80856,https://m.media-amazon.com/images/M/MV5BYzUxMDAyMDAtNzIyZi00OGQ1LTllMjEtYzRjOThkZTUxNTliXkEyXkFqcGc@._V1_SX300.jpg
JLMCT,25-01-20,18:00,One Last Win,,https://jer-cin.org.il/en/event/80830,
JLMCT,25-01-20,18:00,What Time Is It There?,2001,https://jer-cin.org.il/en/event/80858,https://m.media-amazon.com/images/M/MV5BNTMzNDIzNjYyOF5BMl5BanBnXkFtZTcwODE4OTQyMQ@@._V1_SX300.jpg
JLMCT,25-01-20,20:15,Mamma Mia!,2008,https://jer-cin.org.il/en/event/80860,https://m.media-amazon.com/images/M/MV5BMTA2MDU0MjM0MzReQTJeQWpwZ15BbWU3MDYwNzgwNzE@._V1_SX300.jpg
TLVCT,25-01-20,21:00,הקצרים זוכי הפרסים של TLVFest 2024,,https://www.cinema.co.il/en/event/%d7%94%d7%a7%d7%a6%d7%a8%d7%99%d7%9d-%d7%96%d7%95%d7%9b%d7%99-%d7%94%d7%a4%d7%a8%d7%a1%d7%99%d7%9d-%d7%a9%d7%9c-tlvfest-2024/,
TLVCT,25-01-20,21:15,Pandemonium,2023,https://www.cinema.co.il/en/event/%d7%9e%d7%a2%d7%91%d7%a8-%d7%9c%d7%92%d7%99%d7%94%d7%99%d7%a0%d7%95%d7%9d-%d7%98%d7%a8%d7%95%d7%9d-%d7%91%d7%9b%d7%95%d7%a8%d7%94/,https://m.media-amazon.com/images/M/MV5BYTI1ZTQ2NTUtMjc5MS00NDQyLTk2OWUtYzFlZjUwOGVjYTllXkEyXkFqcGc@._V1_SX300.jpg
HRZCT,25-01-21,18:00,Souleymane's Story,2024,https://www.hcinema.org.il/event/%d7%94%d7%a1%d7%99%d7%a4%d7%95%d7%a8-%d7%a9%d7%9c-%d7%a1%d7%95%d7%9c%d7%99%d7%9e%d7%90%d7%9f-souleymanes-story-%d7%a9%d7%9c%d7%99%d7%a9%d7%99-%d7%96%d7%94%d7%91/,https://m.media-amazon.com/images/M/MV5BOWY4MzliY2MtYjNhNy00MTk1LWJkOGMtMDdiMTAzODY4MjgxXkEyXkFqcGc@._V1_SX300.jpg
HRZCT,25-01-21,18:30,Words Bubble Up Like Soda Pop,2020,https://www.hcinema.org.il/event/%d7%a1%d7%95%d7%93%d7%94-soda-%d7%a9%d7%9c%d7%99%d7%a9%d7%99-%d7%96%d7%94%d7%91/,https://m.media-amazon.com/images/M/MV5BMzUxZTIyNjItMWYyOS00MGIzLTkyNzUtZTgyMjM0ODQ2YjgzXkEyXkFqcGc@._V1_SX300.jpg
HRZCT,25-01-21,20:30,Touki Bouki,1973,https://www.hcinema.org.il/event/%d7%98%d7%95%d7%a7%d7%99-%d7%91%d7%95%d7%a7%d7%99-%d7%9e%d7%a1%d7%a2-%d7%94%d7%a6%d7%91%d7%95%d7%a2-touki-bouki-%d7%a9%d7%9c%d7%99%d7%a9%d7%99-%d7%96%d7%94%d7%91/,https://m.media-amazon.com/images/M/MV5BOGE3NDU3MjEtMjQwOS00Yjc1LWJkZjctZmQ4ZTAzNWRkZjNiXkEyXkFqcGc@._V1_SX300.jpg
JLMCT,25-01-21,16:45,La Cocina,2024,https://jer-cin.org.il/en/event/80846,https://m.media-amazon.com/images/M/MV5BMGYyYjI3MGQtNGIzNS00MTgxLWE2NDctMmZlNzE5OGY4NTY3XkEyXkFqcGc@._V1_SX300.jpg
JLMCT,25-01-21,19:00,The Crime Is Mine,2023,https://jer-cin.org.il/en/event/80862,https://m.media-amazon.com/images/M/MV5BMDY2YTBjZTItOWU0ZC00NDMyLTgzMWYtNzg0YjViOWVmYjI3XkEyXkFqcGc@._V1_SX300.jpg
JLMCT,25-01-21,19:30,Bram Stoker's Dracula,1992,https://jer-cin.org.il/en/event/80864,https://m.media-amazon.com/images/M/MV5BMmVhNzhlMzMtYjJkNy00ODU4LWJmMjUtYzdlMGI3MTQ3YzBhXkEyXkFqcGc@._V1_SX300.jpg
TLVCT,25-01-21,18:30,The Other Way Around,2024,https://www.cinema.co.il/en/event/%d7%9e%d7%a1%d7%99%d7%91%d7%aa-%d7%a4%d7%a8%d7%99%d7%93%d7%94-%d7%a1%d7%99%d7%a0%d7%9e%d7%98%d7%a7/,https://m.media-amazon.com/images/M/MV5BNTVkNDU5NzUtMTUzZS00MTgzLWJjZTgtNjM1YmI2ODFlMDYzXkEyXkFqcGc@._V1_SX300.jpg
TLVCT,25-01-21,19:00,The Tasting,2022,https://www.cinema.co.il/en/event/%d7%90%d7%94%d7%91%d7%94-%d7%95%d7%99%d7%99%d7%9f/,https://m.media-amazon.com/images/M/MV5BNTljZDZjZjgtMDA4OS00NzU3LTg5MTEtNGRhMGNkZmM0OTA1XkEyXkFqcGc@._V1_SX300.jpg
TLVCT,25-01-21,21:00,La petite vadrouille,2024,https://www.cinema.co.il/en/event/%d7%97%d7%95%d7%a4%d7%a9%d7%94-%d7%91%d7%a7%d7%98%d7%a0%d7%94-%d7%a1%d7%99%d7%a0%d7%9e%d7%98%d7%a7/,https://m.media-amazon.com/images/M/MV5BOWJmZDA1OGYtM2QwYS00MDkwLTgwNWEtY2UyMTgyMWZlOWJkXkEyXkFqcGc@._V1_SX300.jpg
HRZCT,25-01-22,20:30,Abortion in the Holy Land,,https://www.hcinema.org.il/event/%d7%94%d7%a4%d7%9c%d7%94-%d7%97%d7%95%d7%a4%d7%a9%d7%99%d7%aa-abortion-in-the-holy-land-%d7%a9%d7%99%d7%97%d7%94-%d7%a2%d7%9d-%d7%90%d7%a4%d7%a8%d7%aa-%d7%a9%d7%9c%d7%95%d7%9d-%d7%93%d7%a0%d7%95/,
JLMCT,25-01-22,18:00,American Splendor,2003,https://jer-cin.org.il/en/event/80866,https://m.media-amazon.com/images/M/MV5BMjA0MjYxNjY1MV5BMl5BanBnXkFtZTcwNDkwMjAwMQ@@._V1_SX300.jpg
JLMCT,25-01-22,20:30,Point Break,1991,https://jer-cin.org.il/en/event/80870,https://m.media-amazon.com/images/M/MV5BNTI3YzY3N2MtODI1OC00NmU0LThlMDYtNmFjMGFkNzhhNTRlXkEyXkFqcGc@._V1_SX300.jpg
JLMCT,25-01-22,20:30,Swimming Pool,2003,https://jer-cin.org.il/en/event/80872,https://m.media-amazon.com/images/M/MV5BZDNhOGIzZWUtNDMzNS00YWI5LTg4ODYtNWRhZjdiZDExMzg2XkEyXkFqcGc@._V1_SX300.jpg
TLVCT,25-01-22,14:00,Scaffolding,2017,https://www.cinema.co.il/en/event/%d7%a4%d7%99%d7%92%d7%95%d7%9e%d7%99%d7%9d-%d7%a2%d7%9d-%d7%aa%d7%a8%d7%92%d7%95%d7%9d-%d7%9c%d7%a6%d7%a8%d7%a4%d7%aa%d7%99%d7%aa/,https://m.media-amazon.com/images/M/MV5BODJhMDRjMDctOWVlNy00YjQ0LWIzMTQtZTNjZTZlNDZkYzc4XkEyXkFqcGdeQXVyNjg0ODE1ODE@._V1_SX300.jpg
TLVCT,25-01-22,20:00,The Pope's Exorcist,2023,https://www.cinema.co.il/en/event/%d7%90%d7%95%d7%9b%d7%9c%d7%99-%d7%a1%d7%a8%d7%98%d7%99%d7%9d-%d7%9e%d7%92%d7%a8%d7%a9-%d7%94%d7%a9%d7%93%d7%99%d7%9d/,https://m.media-amazon.com/images/M/MV5BMWFhZGRiNjItNjAzNC00NjdlLTk5YWUtOTNkNzYwMTE4YzA3XkEyXkFqcGc@._V1_SX300.jpg
TLVCT,25-01-22,21:00,Sabbath Queen,2024,https://www.cinema.co.il/en/event/%d7%9e%d7%9c%d7%9b%d7%aa-%d7%94%d7%a9%d7%91%d7%aa-%d7%9e%d7%95%d7%a2%d7%93%d7%95%d7%9f-tlvfest/,https://m.media-amazon.com/images/M/MV5BZTljN2VlZTMtZjA4My00OTc0LWI1ZTQtYTliZDk1MWZiNjNkXkEyXkFqcGdeQXVyMTQ4NTgxNzYx._V1_SX300.jpg
JLMCT,25-01-23,18:00,A Thousand Little Kisses,1981,https://jer-cin.org.il/en/event/80876,https://m.media-amazon.com/images/M/MV5BMTY0MTkwMTgyMV5BMl5BanBnXkFtZTcwNDIzNjI3Mg@@._V1_SX300.jpg
JLMCT,25-01-23,20:00,After the Wedding,2006,https://jer-cin.org.il/en/event/80880,https://m.media-amazon.com/images/M/MV5BN2NjM2FkM2QtNTcwNy00YWFjLTlhOWEtZWIxMzhlNWFlYmFmXkEyXkFqcGc@._V1_SX300.jpg
JLMCT,25-01-23,21:00,Bohachi Bushido: Code of the Forgotten Eight,1973,https://jer-cin.org.il/en/event/80878,https://m.media-amazon.com/images/M/MV5BMTcwOTM5NTA0Nl5BMl5BanBnXkFtZTcwOTQxNzA3MQ@@._V1_SX300.jpg
TLVCT,25-01-23,21:30,The Other Way Around,2024,https://www.cinema.co.il/en/event/%d7%9e%d7%a1%d7%99%d7%91%d7%aa-%d7%a4%d7%a8%d7%99%d7%93%d7%94-%d7%a1%d7%99%d7%a0%d7%9e%d7%98%d7%a7/,https://m.media-amazon.com/images/M/MV5BNTVkNDU5NzUtMTUzZS00MTgzLWJjZTgtNjM1YmI2ODFlMDYzXkEyXkFqcGc@._V1_SX300.jpg
JLMCT,25-01-24,10:30,Conclave,2024,https://jer-cin.org.il/en/event/80477,https://m.media-amazon.com/images/M/MV5BYjgxMDI5NmMtNTU3OS00ZDQxLTgxZmEtNzY1ZTBmMDY4NDRkXkEyXkFqcGc@._V1_SX300.jpg
JLMCT,25-01-24,17:30,Tora-san's Sunrise and Sunset,1976,https://jer-cin.org.il/en/event/80882,https://m.media-amazon.com/images/M/MV5BZTE3ZDY4MDUtODE5MC00ZDMwLTg2NmQtMjMzYzFjMWZlMjExXkEyXkFqcGc@._V1_SX300.jpg
TLVCT,25-01-24,11:00,ADA - My Mother the Architect,2024,https://www.cinema.co.il/en/event/%d7%a2%d7%93%d7%94-%d7%90%d7%9e%d7%99-%d7%94%d7%90%d7%93%d7%a8%d7%99%d7%9b%d7%9c%d7%99%d7%aa/,
TLVCT,25-01-24,11:30,"Francesca Quinn, PI",2022,https://www.cinema.co.il/en/event/%d7%a4%d7%a8%d7%a0%d7%a6%d7%99%d7%a9%d7%a7%d7%94/,https://m.media-amazon.com/images/M/MV5BNzRlYmU5NGItYWJmMS00NWJlLWFhMGMtMWNkYTIzZDJjYzhlXkEyXkFqcGdeQXVyMTI1NDEyNTM5._V1_SX300.jpg
TLVCT,25-01-24,12:30,Wreck-It Ralph,2012,https://www.cinema.co.il/en/event/%d7%a8%d7%90%d7%9c%d7%a3-%d7%94%d7%94%d7%95%d7%a8%d7%a1-i-%d7%9e%d7%93%d7%95%d7%91%d7%91-i-%d7%a4%d7%95%d7%a4%d7%99%d7%9d/,https://m.media-amazon.com/images/M/MV5BNzMxNTExOTkyMF5BMl5BanBnXkFtZTcwMzEyNDc0OA@@._V1_SX300.jpg
TLVCT,25-01-24,21:30,The Other Way Around,2024,https://www.cinema.co.il/en/event/%d7%9e%d7%a1%d7%99%d7%91%d7%aa-%d7%a4%d7%a8%d7%99%d7%93%d7%94-%d7%a1%d7%99%d7%a0%d7%9e%d7%98%d7%a7/,https://m.media-amazon.com/images/M/MV5BNTVkNDU5NzUtMTUzZS00MTgzLWJjZTgtNjM1YmI2ODFlMDYzXkEyXkFqcGc@._V1_SX300.jpg
TLVCT,25-01-24,22:00,Spirited Away,2001,https://www.cinema.co.il/en/event/%d7%90%d7%a4%d7%98%d7%a8-%d7%a9%d7%99%d7%a9%d7%99-%d7%94%d7%9e%d7%a1%d7%a2-%d7%94%d7%9e%d7%95%d7%a4%d7%9c%d7%90/,https://m.media-amazon.com/images/M/MV5BNTEyNmEwOWUtYzkyOC00ZTQ4LTllZmUtMjk0Y2YwOGUzYjRiXkEyXkFqcGc@._V1_SX300.jpg
HRZCT,25-01-25,17:00,"One Second Ahead, One Second Behind",2023,https://www.hcinema.org.il/event/%d7%a9%d7%a0%d7%99%d7%94-%d7%90%d7%97%d7%aa-%d7%9c%d7%a4%d7%a0%d7%99-%d7%a9%d7%a0%d7%99%d7%94-%d7%90%d7%97%d7%aa-%d7%90%d7%97%d7%a8%d7%99-one-second-ahead-one-second-behind/,https://m.media-amazon.com/images/M/MV5BM2E1MmVhODktMDcyOC00MjY1LWJhYjctYjBlMDcwOTNhNGY5XkEyXkFqcGc@._V1_SX300.jpg
HRZCT,25-01-25,20:30,September 5,2024,https://www.hcinema.org.il/event/5-%d7%91%d7%a1%d7%a4%d7%98%d7%9e%d7%91%d7%a8-september-5-%d7%91%d7%aa%d7%90%d7%a8%d7%99%d7%9a-%d7%96%d7%94-%d7%91%d7%9c%d7%91%d7%93-%d7%9b%d7%a0%d7%99%d7%a1%d7%94-%d7%9c%d7%9c%d7%90-%d7%aa%d7%95/,https://m.media-amazon.com/images/M/MV5BOWUxY2YyYzctYWY3Yi00ZGJjLTkzMDktZjYzMTIzZjNhNmM2XkEyXkFqcGc@._V1_SX300.jpg
JLMCT,25-01-25,15:00,My Fair Lady,1964,https://jer-cin.org.il/en/event/80890,https://m.media-amazon.com/images/M/MV5BNmMxZmFjZmQtMDRiOC00MDQxLTlhNDktZTkxMmRiYWM1ZDUzXkEyXkFqcGc@._V1_SX300.jpg
JLMCT,25-01-25,20:30,Tora-san's Sunrise and Sunset,1976,https://jer-cin.org.il/en/event/80884,https://m.media-amazon.com/images/M/MV5BZTE3ZDY4MDUtODE5MC00ZDMwLTg2NmQtMjMzYzFjMWZlMjExXkEyXkFqcGc@._V1_SX300.jpg
TLVCT,25-01-25,10:30,Big Trip 3: Race Around the World,2024,https://www.cinema.co.il/en/event/%d7%aa%d7%a2%d7%9c%d7%95%d7%9c-%d7%a9%d7%9c-%d7%9e%d7%a8%d7%95%d7%a5-%d7%9e%d7%93%d7%95%d7%91%d7%91/,0
TLVCT,25-01-25,11:00,The Braid,2023,https://www.cinema.co.il/en/event/%d7%94%d7%a6%d7%9e%d7%94-%d7%94%d7%a8%d7%a6%d7%90%d7%94/,https://m.media-amazon.com/images/M/MV5BMTJkZTQ1ZWEtMzQ1Ni00MmU2LTgzZTctYmI4MDc4YWJhMWViXkEyXkFqcGc@._V1_SX300.jpg
TLVCT,25-01-25,14:30,The Tasting,2022,https://www.cinema.co.il/en/event/%d7%90%d7%94%d7%91%d7%94-%d7%95%d7%99%d7%99%d7%9f/,https://m.media-amazon.com/images/M/MV5BNTljZDZjZjgtMDA4OS00NzU3LTg5MTEtNGRhMGNkZmM0OTA1XkEyXkFqcGc@._V1_SX300.jpg
TLVCT,25-01-25,16:30,The Book of Wonders,2023,https://www.cinema.co.il/en/event/%d7%97%d7%93%d7%a8-%d7%94%d7%a4%d7%9c%d7%90%d7%95%d7%aa-%d7%94%d7%a8%d7%a6%d7%90%d7%94/,https://m.media-amazon.com/images/M/MV5BZWNjMjY4ZWMtMjljZS00YTg0LWJhMzEtNzYzYWUyYmZkYWExXkEyXkFqcGc@._V1_SX300.jpg
TLVCT,25-01-25,17:00,Shambhala,2024,https://www.cinema.co.il/en/event/%d7%a1%d7%99%d7%a0%d7%9e%d7%94-%d7%a0%d7%99%d7%a8%d7%95%d7%95%d7%a0%d7%94-%d7%98%d7%99%d7%91%d7%98-%d7%91%d7%99%d7%9f-%d7%a7%d7%a8%d7%9e%d7%94-%d7%90%d7%94%d7%91%d7%94-%d7%95%d7%a9%d7%97%d7%a8%d7%95/,https://m.media-amazon.com/images/M/MV5BYjdmZTk0YjgtZjFmNC00ODI2LTk1ZDYtODI0OWEyNGFiNzdiXkEyXkFqcGc@._V1_SX300.jpg
TLVCT,25-01-25,20:00,Tora-san's Sunrise and Sunset,1976,https://www.cinema.co.il/en/event/%d7%a9%d7%a7%d7%99%d7%a2%d7%94-%d7%96%d7%a8%d7%99%d7%97%d7%94/,https://m.media-amazon.com/images/M/MV5BZTE3ZDY4MDUtODE5MC00ZDMwLTg2NmQtMjMzYzFjMWZlMjExXkEyXkFqcGc@._V1_SX300.jpg
JLMCT,25-01-26,10:00,American Fiction,2023,https://jer-cin.org.il/en/event/77705,https://m.media-amazon.com/images/M/MV5BM2I4ZTZhOTMtZDQ0Ni00MzI5LWE2YjktNzc0NjdkOGJiZjYzXkEyXkFqcGc@._V1_SX300.jpg
JLMCT,25-01-26,18:00,El rei borni,2016,https://jer-cin.org.il/en/event/80896,https://m.media-amazon.com/images/M/MV5BMDJhMTNjMTItYWM1Mi00YzBlLThiNTgtOWRhZTkzOTI0OTVlL2ltYWdlXkEyXkFqcGdeQXVyMTQzNzg2Mg@@._V1_SX300.jpg
JLMCT,25-01-26,20:30,11 Rebels,2024,https://jer-cin.org.il/en/event/80898,https://m.media-amazon.com/images/M/MV5BZGY0ZjcwY2UtYTI3ZC00ZjY2LTg1N2YtODFmNTg0YTIyOTg5XkEyXkFqcGc@._V1_SX300.jpg
TLVCT,25-01-26,11:30,"Francesca Quinn, PI",2022,https://www.cinema.co.il/en/event/%d7%a4%d7%a8%d7%a0%d7%a6%d7%99%d7%a9%d7%a7%d7%94/,https://m.media-amazon.com/images/M/MV5BNzRlYmU5NGItYWJmMS00NWJlLWFhMGMtMWNkYTIzZDJjYzhlXkEyXkFqcGdeQXVyMTI1NDEyNTM5._V1_SX300.jpg
TLVCT,25-01-26,18:00,Super Happy Forever,2024,https://www.cinema.co.il/en/event/%d7%9e%d7%90%d7%95%d7%a9%d7%a8-%d7%9c%d7%a0%d7%a6%d7%97/,https://m.media-amazon.com/images/M/MV5BYThjYjU3MjItOWJkZC00ZTIxLTkxMzAtYWEwZWQzYjZmNTBjXkEyXkFqcGc@._V1_SX300.jpg
TLVCT,25-01-26,20:00,11 Rebels,2024,https://www.cinema.co.il/en/event/11-%d7%94%d7%9e%d7%95%d7%a8%d7%93%d7%99%d7%9d/,https://m.media-amazon.com/images/M/MV5BZGY0ZjcwY2UtYTI3ZC00ZjY2LTg1N2YtODFmNTg0YTIyOTg5XkEyXkFqcGc@._V1_SX300.jpg
TLVCT,25-01-26,21:30,The Belle from Gaza,2024,https://www.cinema.co.il/en/event/%d7%94%d7%99%d7%a4%d7%94%d7%a4%d7%99%d7%99%d7%94-%d7%9e%d7%a2%d7%96%d7%94-%d7%a1%d7%99%d7%a0%d7%9e%d7%98%d7%a7/,https://m.media-amazon.com/images/M/MV5BNjI2YmEyZTYtOWMyNC00YWNmLWI5MTktZTNlNmM5YWYyYzE1XkEyXkFqcGdeQXVyODIyOTEyMzY@._V1_SX300.jpg
HRZCT,25-01-27,20:00,"L'argent, la liberté, une histoire du Franc CFA",2022,https://www.hcinema.org.il/event/%d7%9c%d7%94-%d7%a4%d7%a8%d7%90%d7%a0%d7%a7-la-franc-%d7%94%d7%99%d7%9c%d7%93%d7%94-%d7%a9%d7%9e%d7%9b%d7%a8%d7%94-%d7%90%d7%aa-%d7%94%d7%a9%d7%9e%d7%a9-the-little-girl-who-sold-the-sun/,https://m.media-amazon.com/images/M/MV5BZmRmYjUzZDgtZGU3MS00Mjc2LTljMDctOTQyOWI0ZjA0YzNhXkEyXkFqcGc@._V1_SX300.jpg
JLMCT,25-01-27,20:00,Il Divo,2008,https://jer-cin.org.il/en/event/80906,https://m.media-amazon.com/images/M/MV5BZTJhZTFlNWMtNDEwZS00NTJhLWE1MzYtNWQyZGUxOGM0NGFiXkEyXkFqcGc@._V1_SX300.jpg
JLMCT,25-01-27,20:15,Cloud Atlas,2012,https://jer-cin.org.il/en/event/80904,https://m.media-amazon.com/images/M/MV5BMTczMTgxMjc4NF5BMl5BanBnXkFtZTcwNjM5MTA2OA@@._V1_SX300.jpg
TLVCT,25-01-27,19:30,The White Ribbon,2009,https://www.cinema.co.il/en/event/%d7%91%d7%99%d7%aa-%d7%a1%d7%a4%d7%a8-%d7%9c%d7%91%d7%a8%d7%91%d7%a8%d7%99%d7%9d-%d7%94%d7%a8%d7%a6%d7%90%d7%94%d7%a1%d7%a8%d7%98/,https://m.media-amazon.com/images/M/MV5BMTQ2OTYyNzUxOF5BMl5BanBnXkFtZTcwMzUwMDY4Mg@@._V1_SX300.jpg
TLVCT,25-01-27,20:00,Teki Cometh,2024,https://www.cinema.co.il/en/event/%d7%94%d7%90%d7%95%d7%99%d7%91-%d7%9e%d7%aa%d7%a7%d7%a8%d7%91/,0
HRZCT,25-01-28,18:00,September 5,2024,https://www.hcinema.org.il/event/5-%d7%91%d7%a1%d7%a4%d7%98%d7%9e%d7%91%d7%a8-september-5-%d7%a9%d7%9c%d7%99%d7%a9%d7%99-%d7%96%d7%94%d7%91/,https://m.media-amazon.com/images/M/MV5BOWUxY2YyYzctYWY3Yi00ZGJjLTkzMDktZjYzMTIzZjNhNmM2XkEyXkFqcGc@._V1_SX300.jpg
HRZCT,25-01-28,20:30,The Fast and the Furious: Tokyo Drift,2006,https://www.hcinema.org.il/event/%d7%98%d7%95%d7%a7%d7%99%d7%95-tokyo-%d7%a9%d7%9c%d7%99%d7%a9%d7%99-%d7%96%d7%94%d7%91/,https://m.media-amazon.com/images/M/MV5BMTQ2NTMxODEyNV5BMl5BanBnXkFtZTcwMDgxMjA0MQ@@._V1_SX300.jpg
JLMCT,25-01-28,18:00,Ashkal: The Tunisian Investigation,2022,https://jer-cin.org.il/en/event/80916,https://m.media-amazon.com/images/M/MV5BN2UxNTBhYzMtMDVmNy00YmM2LTg4MDItYTQ5YjU0NzRmZDBkXkEyXkFqcGc@._V1_SX300.jpg
JLMCT,25-01-28,18:00,Worlds Apart,2024,https://jer-cin.org.il/en/event/80944,https://m.media-amazon.com/images/M/MV5BNDZlZjBhMjItMzBiNC00NmU0LTg1ZTktZjRlNGNhNzg0Y2QxXkEyXkFqcGc@._V1_SX300.jpg
JLMCT,25-01-28,20:45,Super Happy Forever,2024,https://jer-cin.org.il/en/event/80918,https://m.media-amazon.com/images/M/MV5BYThjYjU3MjItOWJkZC00ZTIxLTkxMzAtYWEwZWQzYjZmNTBjXkEyXkFqcGc@._V1_SX300.jpg
TLVCT,25-01-28,18:00,The Night Listener,2006,https://www.cinema.co.il/en/event/%d7%94%d7%9e%d7%a7%d7%a9%d7%99%d7%91-%d7%a9%d7%99%d7%97%d7%94/,https://m.media-amazon.com/images/M/MV5BOWJhYTQ1NzItNGU4Ni00YzczLWI2MWEtNWM0MjA4Y2ZhYTFhXkEyXkFqcGc@._V1_SX300.jpg
TLVCT,25-01-28,19:00,Sleeping With the SS,2025,https://www.cinema.co.il/en/event/%d7%9c%d7%99%d7%a9%d7%95%d7%9f-%d7%a2%d7%9d-%d7%94%d7%90%d7%a1-%d7%90%d7%a1/,
TLVCT,25-01-28,20:30,Cloud Atlas,2012,https://www.cinema.co.il/en/event/%d7%a2%d7%a0%d7%9f/,https://m.media-amazon.com/images/M/MV5BMTczMTgxMjc4NF5BMl5BanBnXkFtZTcwNjM5MTA2OA@@._V1_SX300.jpg
HRZCT,25-01-29,20:30,"Outsider, Freud",,https://www.hcinema.org.il/event/%d7%90%d7%90%d7%95%d7%98%d7%a1%d7%99%d7%99%d7%93%d7%a8-%d7%a4%d7%a8%d7%95%d7%99%d7%93-outsider-freud-%d7%a9%d7%99%d7%97%d7%94-%d7%a2%d7%9d-%d7%99%d7%90%d7%99%d7%a8-%d7%a7%d7%93%d7%a8-%d7%99-2/,
JLMCT,25-01-29,18:00,Perfect Days,2023,https://jer-cin.org.il/en/event/80910,https://m.media-amazon.com/images/M/MV5BNGVmODFkM2MtOTEzMy00MjFjLThjZmYtODMxZmI1MzcyNDkyXkEyXkFqcGc@._V1_SX300.jpg
JLMCT,25-01-29,18:00,The Disney Star Wars Trilogy Documentary,2020,https://jer-cin.org.il/en/event/80920,https://m.media-amazon.com/images/M/MV5BOGY1Y2Q3YzYtZGFmYy00ZDY0LTk0NGMtMjA0ZTdmNzc1MzEyXkEyXkFqcGdeQXVyNzExMzc0MDg@._V1_SX300.jpg
JLMCT,25-01-29,21:00,Battle Royale,2000,https://jer-cin.org.il/en/event/80922,https://m.media-amazon.com/images/M/MV5BNjdlYzJlYzMtMWU3Yi00Y2FjLWJhYmUtNjM3YzdjYzZkOWMwXkEyXkFqcGc@._V1_SX300.jpg
TLVCT,25-01-29,18:00,Worlds Apart,2024,https://www.cinema.co.il/en/event/%d7%a2%d7%95%d7%9c%d7%9e%d7%95%d7%aa-%d7%a0%d7%a4%d7%a8%d7%93%d7%99%d7%9d/,https://m.media-amazon.com/images/M/MV5BNDZlZjBhMjItMzBiNC00NmU0LTg1ZTktZjRlNGNhNzg0Y2QxXkEyXkFqcGc@._V1_SX300.jpg
TLVCT,25-01-29,19:00,Kafir: A Deal with the Devil,2018,https://www.cinema.co.il/en/event/%d7%97%d7%95%d7%96%d7%94-%d7%a2%d7%9d-%d7%94%d7%a9%d7%98%d7%9f-%d7%a9%d7%99%d7%97%d7%94/,https://m.media-amazon.com/images/M/MV5BMjM2ZmJmNGQtODY4Ny00YmEwLThlNzItOTllMzk3NDEyMzFhXkEyXkFqcGdeQXVyMTAyNDYyNzcw._V1_SX300.jpg
TLVCT,25-01-29,20:45,"One Second Ahead, One Second Behind",2023,https://www.cinema.co.il/en/event/%d7%a9%d7%a0%d7%99%d7%94-%d7%90%d7%97%d7%aa-%d7%9c%d7%a4%d7%a0%d7%99-%d7%a9%d7%a0%d7%99%d7%94-%d7%90%d7%97%d7%aa-%d7%90%d7%97%d7%a8%d7%99/,https://m.media-amazon.com/images/M/MV5BM2E1MmVhODktMDcyOC00MjY1LWJhYjctYjBlMDcwOTNhNGY5XkEyXkFqcGc@._V1_SX300.jpg
HRZCT,25-01-30,20:30,Cloud Atlas,2012,https://www.hcinema.org.il/event/%d7%a2%d7%a0%d7%9f-cloud/,https://m.media-amazon.com/images/M/MV5BMTczMTgxMjc4NF5BMl5BanBnXkFtZTcwNjM5MTA2OA@@._V1_SX300.jpg
JLMCT,25-01-30,17:00,My Fair Lady,1964,https://jer-cin.org.il/en/event/80892,https://m.media-amazon.com/images/M/MV5BNmMxZmFjZmQtMDRiOC00MDQxLTlhNDktZTkxMmRiYWM1ZDUzXkEyXkFqcGc@._V1_SX300.jpg
JLMCT,25-01-30,20:15,Wicked,2024,https://jer-cin.org.il/en/event/80926,https://m.media-amazon.com/images/M/MV5BOWMwYjYzYmMtMWQ2Ni00NWUwLTg2MzAtYzkzMDBiZDIwOTMwXkEyXkFqcGc@._V1_SX300.jpg
JLMCT,25-01-30,20:30,All the Long Nights,2024,https://jer-cin.org.il/en/event/80932,https://m.media-amazon.com/images/M/MV5BYTQ1OGE3ZDEtMWQzYi00ODc3LTg0NzQtNzlmYjgzNGQyZDNhXkEyXkFqcGc@._V1_SX300.jpg
TLVCT,25-01-30,18:00,Perfect Days,2023,https://www.cinema.co.il/en/event/%d7%99%d7%9e%d7%99%d7%9d-%d7%9e%d7%95%d7%a9%d7%9c%d7%9e%d7%99%d7%9d-%d7%94%d7%a8%d7%a6%d7%90%d7%94/,https://m.media-amazon.com/images/M/MV5BNGVmODFkM2MtOTEzMy00MjFjLThjZmYtODMxZmI1MzcyNDkyXkEyXkFqcGc@._V1_SX300.jpg
TLVCT,25-01-30,19:00,A Letter to Momo,2011,https://www.cinema.co.il/en/event/%d7%a1%d7%99%d7%a0%d7%9e%d7%98%d7%95%d7%a7%d7%99%d7%95-%d7%9e%d7%9b%d7%aa%d7%91-%d7%9c%d7%9e%d7%95%d7%9e%d7%95/,https://m.media-amazon.com/images/M/MV5BMjE1MTM3NTE4OF5BMl5BanBnXkFtZTgwMTEyODAzMjE@._V1_SX300.jpg
HRZCT,25-01-31,21:00,Teki Cometh,2024,https://www.hcinema.org.il/event/%d7%94%d7%90%d7%95%d7%99%d7%91-%d7%9e%d7%aa%d7%a7%d7%a8%d7%91-teki-cometh/,0
JLMCT,25-01-31,15:30,Perfect Days,2023,https://jer-cin.org.il/en/event/80912,https://m.media-amazon.com/images/M/MV5BNGVmODFkM2MtOTEzMy00MjFjLThjZmYtODMxZmI1MzcyNDkyXkEyXkFqcGc@._V1_SX300.jpg
JLMCT,25-01-31,18:00,All Shall Be Well,2024,https://jer-cin.org.il/en/event/80934,https://m.media-amazon.com/images/M/MV5BMzBmNTRhN2MtYzJkOS00ZTFjLWE5NjMtYjg0YWQ1ZjIwNmYzXkEyXkFqcGc@._V1_SX300.jpg
JLMCT,25-01-31,20:00,Wicked,2024,https://jer-cin.org.il/en/event/80928,https://m.media-amazon.com/images/M/MV5BOWMwYjYzYmMtMWQ2Ni00NWUwLTg2MzAtYzkzMDBiZDIwOTMwXkEyXkFqcGc@._V1_SX300.jpg
TLVCT,25-01-31,12:00,Night Tunnels - Requiem 710,2024,https://www.cinema.co.il/en/event/%d7%9e%d7%a0%d7%94%d7%a8%d7%95%d7%aa-%d7%9c%d7%99%d7%9c%d7%94-%d7%a8%d7%a7%d7%95%d7%95%d7%99%d7%90%d7%9d-710/,
TLVCT,25-01-31,13:30,La Cocina,2024,https://www.cinema.co.il/en/event/%d7%9c%d7%94-%d7%a7%d7%95%d7%a6%d7%99%d7%a0%d7%94/,https://m.media-amazon.com/images/M/MV5BMGYyYjI3MGQtNGIzNS00MTgxLWE2NDctMmZlNzE5OGY4NTY3XkEyXkFqcGc@._V1_SX300.jpg
TLVCT,25-01-31,21:30,Little Shop of Horrors,1986,https://www.cinema.co.il/en/event/%d7%97%d7%a0%d7%95%d7%aa-%d7%a7%d7%98%d7%a0%d7%94-%d7%95%d7%9e%d7%98%d7%a8%d7%99%d7%a4%d7%94-%d7%94%d7%a7%d7%a8%d7%a0%d7%94-%d7%a4%d7%a2%d7%99%d7%9c%d7%94/,https://m.media-amazon.com/images/M/MV5BNTJjM2VhMDctMTIxYi00MzY3LWI5ZDgtZjFiNzg0M2QxNzI5XkEyXkFqcGc@._V1_SX300.jpg
TLVCT,25-01-31,22:00,The Grand Budapest Hotel,2014,https://www.cinema.co.il/en/event/%d7%90%d7%a4%d7%98%d7%a8-%d7%a9%d7%99%d7%a9%d7%99-%d7%9e%d7%9c%d7%95%d7%9f-%d7%92%d7%a8%d7%a0%d7%93-%d7%91%d7%95%d7%93%d7%a4%d7%a9%d7%98/,https://m.media-amazon.com/images/M/MV5BMzM5NjUxOTEyMl5BMl5BanBnXkFtZTgwNjEyMDM0MDE@._V1_SX300.jpg
JLMCT,25-02-01,15:30,Wicked,2024,https://jer-cin.org.il/en/event/80930,https://m.media-amazon.com/images/M/MV5BOWMwYjYzYmMtMWQ2Ni00NWUwLTg2MzAtYzkzMDBiZDIwOTMwXkEyXkFqcGc@._V1_SX300.jpg
JLMCT,25-02-01,18:00,Balzac and the Little Chinese Seamstress,2002,https://jer-cin.org.il/en/event/80938,https://m.media-amazon.com/images/M/MV5BZTc2MDJiNTctNWIyZC00ZjZhLWE4MmEtNGQ1ODdlOTc5YzU3XkEyXkFqcGc@._V1_SX300.jpg
JLMCT,25-02-01,18:45,Perfect Days,2023,https://jer-cin.org.il/en/event/80914,https://m.media-amazon.com/images/M/MV5BNGVmODFkM2MtOTEzMy00MjFjLThjZmYtODMxZmI1MzcyNDkyXkEyXkFqcGc@._V1_SX300.jpg
JLMCT,25-02-01,20:30,Bad Lieutenant: Port of Call New Orleans,2009,https://jer-cin.org.il/en/event/80940,https://m.media-amazon.com/images/M/MV5BMTcyMzY0NTMzMF5BMl5BanBnXkFtZTcwMTc1MjY4Mg@@._V1_SX300.jpg
JLMCT,25-02-01,21:15,All Shall Be Well,2024,https://jer-cin.org.il/en/event/80936,https://m.media-amazon.com/images/M/MV5BMzBmNTRhN2MtYzJkOS00ZTFjLWE5NjMtYjg0YWQ1ZjIwNmYzXkEyXkFqcGc@._V1_SX300.jpg
TLVCT,25-02-01,11:00,Ex-Husbands,2023,https://www.cinema.co.il/en/event/%d7%94%d7%91%d7%a2%d7%9c%d7%99%d7%9d-%d7%9c%d7%a9%d7%a2%d7%91%d7%a8-%d7%94%d7%a8%d7%a6%d7%90%d7%94/,https://m.media-amazon.com/images/M/MV5BYjBiODE3YTctNmZmYy00ZWQ1LWI4ZjYtMTEyYjliZWQ0ZGFkXkEyXkFqcGc@._V1_SX300.jpg
TLVCT,25-02-01,13:00,The Mother and the Whore,1973,https://www.cinema.co.il/en/event/%d7%94%d7%90%d7%9d-%d7%95%d7%94%d7%96%d7%95%d7%a0%d7%94-%d7%90%d7%95%d7%a1%d7%98%d7%90%d7%a9/,https://m.media-amazon.com/images/M/MV5BZTRkOGM3ZWMtOGVhYy00Y2M1LWI2NDktZmQxYTgzNDNlMWIzXkEyXkFqcGc@._V1_SX300.jpg
TLVCT,25-02-01,16:30,The Rapture,2023,https://www.cinema.co.il/en/event/%d7%94%d7%a4%d7%a8%d7%93%d7%95%d7%aa-%d7%94%d7%a8%d7%a6%d7%90%d7%94/,https://m.media-amazon.com/images/M/MV5BMmRhNzRlMmUtODBkYy00OTU0LThjNjMtZWFmOTY0Y2QzMjdhXkEyXkFqcGc@._V1_SX300.jpg
TLVCT,25-02-01,17:30,Bohachi Bushido: Code of the Forgotten Eight,1973,https://www.cinema.co.il/en/event/%d7%91%d7%95%d7%a9%d7%99%d7%93%d7%95/,https://m.media-amazon.com/images/M/MV5BMTcwOTM5NTA0Nl5BMl5BanBnXkFtZTcwOTQxNzA3MQ@@._V1_SX300.jpg
TLVCT,25-02-03,20:00,La Cocina,2024,https://www.cinema.co.il/en/event/%d7%9c%d7%94-%d7%a7%d7%95%d7%a6%d7%99%d7%a0%d7%94-%d7%9e%d7%95%d7%a2%d7%93%d7%95%d7%9f-%d7%94%d7%a1%d7%a8%d7%98-%d7%94%d7%a7%d7%95%d7%9c%d7%99%d7%a0%d7%90%d7%a8%d7%99/,https://m.media-amazon.com/images/M/MV5BMGYyYjI3MGQtNGIzNS00MTgxLWE2NDctMmZlNzE5OGY4NTY3XkEyXkFqcGc@._V1_SX300.jpg
TLVCT,25-02-04,20:00,Back to Burgundy,2017,https://www.cinema.co.il/en/event/%d7%91%d7%97%d7%96%d7%a8%d7%94-%d7%9c%d7%91%d7%95%d7%a8%d7%92%d7%95%d7%a0%d7%93%d7%99-%d7%94%d7%a8%d7%a6%d7%90%d7%94-%d7%99%d7%99%d7%9f/,https://m.media-amazon.com/images/M/MV5BZDNmZjkxOTItMzAwYi00YTlhLWEyM2UtZThmMjBiMWM4NzQwXkEyXkFqcGc@._V1_SX300.jpg
JLMCT,25-02-07,10:30,The Wild Women of Wongo,1959,https://jer-cin.org.il/en/event/77723,https://m.media-amazon.com/images/M/MV5BMjMzMzY5NTQ3OF5BMl5BanBnXkFtZTgwMjYzNjQ5NjE@._V1_SX300.jpg
JLMCT,25-02-08,11:00,Crossing the Bridge: The Sound of Istanbul,2005,https://jer-cin.org.il/en/event/78675,https://m.media-amazon.com/images/M/MV5BMTgxNTI2MjYzM15BMl5BanBnXkFtZTgwMzE3MDAxMzE@._V1_SX300.jpg
TLVCT,25-02-08,13:30,The Brutalist,2024,https://www.cinema.co.il/en/event/%d7%94%d7%91%d7%a8%d7%95%d7%98%d7%9c%d7%99%d7%a1%d7%98/,https://m.media-amazon.com/images/M/MV5BMWEzOGNlY2EtMzlkZS00ODllLThmYzAtNmU4ZmJkZmZmZTQ4XkEyXkFqcGc@._V1_SX300.jpg
JLMCT,25-02-09,10:00,Sunset Boulevard,1950,https://jer-cin.org.il/en/event/77707,https://m.media-amazon.com/images/M/MV5BMTU0NTkyNzYwMF5BMl5BanBnXkFtZTgwMDU0NDk5MTI@._V1_SX300.jpg
JLMCT,25-02-10,18:00,High & Low - John Galliano,2023,https://jer-cin.org.il/en/event/77731,https://m.media-amazon.com/images/M/MV5BNTMzNDhmZTAtZjg3NS00N2Y1LThiMzQtMGEyNWU3MDgzOTZkXkEyXkFqcGc@._V1_SX300.jpg
JLMCT,25-02-11,18:00,Delicious,2021,https://jer-cin.org.il/en/event/77743,https://m.media-amazon.com/images/M/MV5BMzE0OTEwZWUtZTZiZS00OTg2LWJmOTctYTJkN2Q5NTFhZjkwXkEyXkFqcGc@._V1_SX300.jpg
TLVCT,25-02-15,16:00,The Rapture,2023,https://www.cinema.co.il/en/event/%d7%94%d7%a4%d7%a8%d7%93%d7%95%d7%aa-%d7%94%d7%a8%d7%a6%d7%90%d7%94/,https://m.media-amazon.com/images/M/MV5BMmRhNzRlMmUtODBkYy00OTU0LThjNjMtZWFmOTY0Y2QzMjdhXkEyXkFqcGc@._V1_SX300.jpg
TLVCT,25-02-17,20:00,Scott Pilgrim vs. the World,2010,https://www.cinema.co.il/en/event/%d7%95%d7%95%d7%9c%d7%91%d7%a7-vs-%d7%9c%d7%90%d7%91%d7%a7%d7%a8%d7%a4%d7%98/,https://m.media-amazon.com/images/M/MV5BNTA5ZWMwNmYtNWI1ZS00NDRlLTkxNzktMzdhZDU2ZDhjNDJmXkEyXkFqcGc@._V1_SX300.jpg
